problem,N,density,shuffle,N_runs,raw_H_pert,raw_H_nopert,raw_dH,raw_SR99_pert,raw_SR99_nopert,post_H_pert,post_H_nopert,post_dH,post_SR99_pert,post_SR99_nopert
all_to_all_graph0_n16_d0p1,16,0.1,1,1000,-82.87399999999998,-82.034,-0.8399999999999892,0.328,0.326,-84.138,-83.164,-0.9740000000000036,0.639,0.64
all_to_all_graph0_n16_d0p1,16,0.1,2,1000,-80.81999999999998,-77.81999999999998,-3.0,0.315,0.4069999999999999,-84.89,-85.358,0.4680000000000035,0.696,0.7179999999999999
all_to_all_graph0_n16_d0p1,16,0.1,3,1000,-76.98399999999998,-75.824,-1.1599999999999966,0.2079999999999999,0.227,-82.584,-81.778,-0.8059999999999973,0.552,0.55
all_to_all_graph0_n16_d0p1,16,0.1,4,1000,-76.144,-76.86199999999998,0.7179999999999893,0.1719999999999999,0.2109999999999999,-83.738,-82.854,-0.8840000000000003,0.634,0.5999999999999999
all_to_all_graph0_n16_d0p1,16,0.1,5,1000,-82.724,-77.89799999999998,-4.826000000000008,0.313,0.257,-85.206,-84.54,-0.6659999999999968,0.66,0.63
all_to_all_graph0_n16_d0p1,16,0.1,6,1000,-83.80599999999998,-83.342,-0.4639999999999986,0.335,0.464,-84.816,-84.98999999999998,0.1739999999999923,0.653,0.659
all_to_all_graph0_n16_d0p1,16,0.1,7,1000,-82.00199999999998,-80.414,-1.587999999999994,0.276,0.255,-83.744,-83.834,0.0900000000000034,0.5749999999999998,0.557
all_to_all_graph0_n16_d0p1,16,0.1,8,1000,-83.0,-79.012,-3.988,0.2849999999999999,0.252,-84.43,-85.248,0.8179999999999978,0.5839999999999999,0.6039999999999999
all_to_all_graph0_n16_d0p1,16,0.1,9,1000,-78.304,-76.658,-1.6460000000000008,0.2369999999999999,0.234,-84.54999999999998,-84.168,-0.3819999999999907,0.628,0.6159999999999999
all_to_all_graph0_n16_d0p1,16,0.1,10,1000,-82.78,-80.474,-2.3059999999999974,0.2919999999999999,0.248,-84.034,-83.652,-0.382000000000005,0.551,0.539
all_to_all_graph1_n16_d0p1,16,0.1,1,1000,-86.554,-86.388,-0.1659999999999968,0.553,0.546,-87.394,-87.182,-0.2120000000000033,0.691,0.685
all_to_all_graph1_n16_d0p1,16,0.1,2,1000,-85.28199999999998,-85.60599999999998,0.323999999999998,0.522,0.533,-86.00199999999998,-86.342,0.3400000000000034,0.638,0.659
all_to_all_graph1_n16_d0p1,16,0.1,3,1000,-86.44,-86.102,-0.3379999999999938,0.542,0.561,-87.44799999999998,-86.64799999999998,-0.799999999999997,0.692,0.658
all_to_all_graph1_n16_d0p1,16,0.1,4,1000,-87.098,-87.342,0.2439999999999997,0.672,0.7019999999999998,-87.47799999999998,-87.342,-0.1359999999999956,0.7009999999999998,0.7019999999999998
all_to_all_graph1_n16_d0p1,16,0.1,5,1000,-85.604,-85.406,-0.1979999999999932,0.52,0.51,-86.348,-86.202,-0.1460000000000008,0.644,0.637
all_to_all_graph1_n16_d0p1,16,0.1,6,1000,-85.464,-85.61199999999998,0.1479999999999961,0.527,0.52,-86.324,-86.396,0.0720000000000027,0.657,0.66
all_to_all_graph1_n16_d0p1,16,0.1,7,1000,-87.554,-87.584,0.0300000000000011,0.686,0.7109999999999999,-87.706,-87.70999999999998,0.0039999999999906,0.7129999999999999,0.7109999999999999
all_to_all_graph1_n16_d0p1,16,0.1,8,1000,-87.14,-86.738,-0.402000000000001,0.5799999999999998,0.559,-87.95999999999998,-87.54999999999998,-0.4099999999999965,0.7259999999999999,0.7069999999999999
all_to_all_graph1_n16_d0p1,16,0.1,9,1000,-86.97,-87.02599999999998,0.0559999999999973,0.574,0.5769999999999998,-87.754,-87.816,0.0619999999999976,0.7089999999999999,0.7119999999999999
all_to_all_graph1_n16_d0p1,16,0.1,10,1000,-86.12999999999998,-85.97799999999998,-0.152000000000001,0.544,0.549,-86.98,-86.65399999999998,-0.3260000000000076,0.684,0.669
all_to_all_graph2_n16_d0p1,16,0.1,1,1000,-88.70399999999998,-87.78,-0.9239999999999924,0.668,0.635,-88.70399999999998,-87.78,-0.9239999999999924,0.668,0.635
all_to_all_graph2_n16_d0p1,16,0.1,2,1000,-88.48,-87.388,-1.0919999999999987,0.66,0.621,-88.48,-87.388,-1.0919999999999987,0.66,0.621
all_to_all_graph2_n16_d0p1,16,0.1,3,1000,-90.048,-89.59999999999998,-0.4480000000000075,0.7159999999999999,0.6999999999999998,-90.048,-89.59999999999998,-0.4480000000000075,0.7159999999999999,0.6999999999999998
all_to_all_graph2_n16_d0p1,16,0.1,4,1000,-92.112,-90.524,-1.587999999999994,0.789,0.7279999999999999,-92.12,-90.86000000000001,-1.2600000000000051,0.79,0.745
all_to_all_graph2_n16_d0p1,16,0.1,5,1000,-89.096,-89.712,0.6159999999999995,0.682,0.7039999999999998,-89.096,-89.712,0.6159999999999995,0.682,0.7039999999999998
all_to_all_graph2_n16_d0p1,16,0.1,6,1000,-87.33199999999998,-87.5,0.1680000000000063,0.6189999999999999,0.625,-87.33199999999998,-87.5,0.1680000000000063,0.6189999999999999,0.625
all_to_all_graph2_n16_d0p1,16,0.1,7,1000,-88.76,-89.304,0.5439999999999969,0.67,0.688,-88.76,-89.376,0.6159999999999995,0.67,0.692
all_to_all_graph2_n16_d0p1,16,0.1,8,1000,-87.41599999999998,-88.26399999999998,0.8479999999999989,0.622,0.648,-87.41599999999998,-88.36799999999998,0.951999999999998,0.622,0.656
all_to_all_graph2_n16_d0p1,16,0.1,9,1000,-88.9,-88.956,0.0559999999999973,0.675,0.677,-88.9,-88.956,0.0559999999999973,0.675,0.677
all_to_all_graph2_n16_d0p1,16,0.1,10,1000,-89.26399999999998,-89.012,-0.2519999999999953,0.688,0.679,-89.26399999999998,-89.012,-0.2519999999999953,0.688,0.679
all_to_all_graph3_n16_d0p1,16,0.1,1,1000,-80.452,-80.03799999999998,-0.4140000000000014,0.467,0.446,-80.452,-80.03799999999998,-0.4140000000000014,0.467,0.446
all_to_all_graph3_n16_d0p1,16,0.1,2,1000,-77.69799999999998,-77.39799999999998,-0.2999999999999971,0.403,0.385,-79.074,-78.59399999999998,-0.4800000000000039,0.403,0.385
all_to_all_graph3_n16_d0p1,16,0.1,3,1000,-79.048,-78.742,-0.3059999999999973,0.4729999999999999,0.459,-80.352,-80.138,-0.2139999999999986,0.4729999999999999,0.459
all_to_all_graph3_n16_d0p1,16,0.1,4,1000,-79.004,-79.194,0.1899999999999977,0.441,0.456,-79.816,-80.042,0.225999999999999,0.441,0.456
all_to_all_graph3_n16_d0p1,16,0.1,5,1000,-82.51999999999998,-80.568,-1.9519999999999984,0.6129999999999999,0.522,-83.27599999999998,-81.352,-1.9239999999999924,0.6149999999999999,0.522
all_to_all_graph3_n16_d0p1,16,0.1,6,1000,-80.628,-80.42799999999998,-0.2000000000000028,0.502,0.503,-81.072,-81.116,0.0439999999999969,0.502,0.503
all_to_all_graph3_n16_d0p1,16,0.1,7,1000,-80.126,-79.976,-0.1500000000000056,0.4759999999999999,0.4709999999999999,-80.546,-80.41599999999998,-0.1300000000000096,0.4759999999999999,0.4709999999999999
all_to_all_graph3_n16_d0p1,16,0.1,8,1000,-80.558,-80.006,-0.5520000000000067,0.508,0.495,-81.17799999999998,-80.97799999999998,-0.2000000000000028,0.508,0.495
all_to_all_graph3_n16_d0p1,16,0.1,9,1000,-80.40999999999998,-80.592,0.1820000000000021,0.4809999999999999,0.4929999999999999,-80.774,-81.06,0.2860000000000013,0.4809999999999999,0.4929999999999999
all_to_all_graph3_n16_d0p1,16,0.1,10,1000,-80.034,-80.628,0.593999999999994,0.458,0.4899999999999999,-80.33799999999998,-81.004,0.666000000000011,0.458,0.4929999999999999
all_to_all_graph4_n16_d0p1,16,0.1,1,1000,-58.972,-57.948,-1.024000000000001,0.138,0.114,-59.858,-58.87,-0.9879999999999995,0.2059999999999999,0.184
all_to_all_graph4_n16_d0p1,16,0.1,2,1000,-60.29,-60.622,0.3320000000000007,0.188,0.2369999999999999,-61.35,-61.288,-0.0620000000000047,0.264,0.275
all_to_all_graph4_n16_d0p1,16,0.1,3,1000,-58.932,-58.926,-0.0060000000000002,0.152,0.1469999999999999,-59.796,-59.778,-0.0180000000000006,0.216,0.2059999999999999
all_to_all_graph4_n16_d0p1,16,0.1,4,1000,-58.406,-58.61,0.2040000000000006,0.139,0.1449999999999999,-59.986,-59.974,-0.0120000000000004,0.214,0.224
all_to_all_graph4_n16_d0p1,16,0.1,5,1000,-57.342,-57.676,0.3340000000000031,0.122,0.125,-58.946,-59.174,0.2280000000000015,0.189,0.198
all_to_all_graph4_n16_d0p1,16,0.1,6,1000,-58.684,-58.648,-0.0359999999999942,0.155,0.158,-59.81,-59.778,-0.0320000000000035,0.215,0.2109999999999999
all_to_all_graph4_n16_d0p1,16,0.1,7,1000,-59.536,-59.81,0.2740000000000009,0.188,0.227,-59.606,-59.81,0.2040000000000006,0.192,0.227
all_to_all_graph4_n16_d0p1,16,0.1,8,1000,-58.942,-58.714,-0.2280000000000015,0.164,0.1719999999999999,-59.894,-59.624,-0.269999999999996,0.2039999999999999,0.2089999999999999
all_to_all_graph4_n16_d0p1,16,0.1,9,1000,-57.886,-56.624,-1.2620000000000005,0.1469999999999999,0.115,-58.89,-57.466,-1.4239999999999997,0.188,0.1489999999999999
all_to_all_graph4_n16_d0p1,16,0.1,10,1000,-60.2,-60.548,0.3479999999999989,0.195,0.2099999999999999,-61.146,-61.53,0.3840000000000003,0.262,0.273
all_to_all_graph5_n16_d0p1,16,0.1,1,1000,-71.612,-71.722,0.1099999999999994,0.14,0.1449999999999999,-72.604,-72.724,0.1200000000000045,0.2869999999999999,0.2929999999999999
all_to_all_graph5_n16_d0p1,16,0.1,2,1000,-71.478,-71.436,-0.0419999999999873,0.1439999999999999,0.1439999999999999,-72.47199999999998,-72.424,-0.0479999999999876,0.276,0.273
all_to_all_graph5_n16_d0p1,16,0.1,3,1000,-71.328,-71.3,-0.0280000000000057,0.1419999999999999,0.151,-72.328,-72.17199999999998,-0.1560000000000059,0.274,0.263
all_to_all_graph5_n16_d0p1,16,0.1,4,1000,-71.316,-71.528,0.2120000000000033,0.139,0.1429999999999999,-72.302,-72.528,0.225999999999999,0.269,0.2849999999999999
all_to_all_graph5_n16_d0p1,16,0.1,5,1000,-71.758,-71.786,0.0280000000000057,0.151,0.1499999999999999,-72.762,-72.78799999999998,0.0259999999999962,0.3059999999999999,0.2999999999999999
all_to_all_graph5_n16_d0p1,16,0.1,6,1000,-71.922,-73.226,1.304000000000002,0.198,0.28,-73.45,-73.99599999999998,0.5459999999999922,0.3559999999999999,0.4099999999999999
all_to_all_graph5_n16_d0p1,16,0.1,7,1000,-71.912,-72.102,0.1899999999999977,0.167,0.1759999999999999,-72.9,-73.078,0.1779999999999972,0.316,0.331
all_to_all_graph5_n16_d0p1,16,0.1,8,1000,-71.58,-71.922,0.3419999999999987,0.1409999999999999,0.2079999999999999,-72.568,-72.458,-0.1099999999999994,0.2829999999999999,0.2849999999999999
all_to_all_graph5_n16_d0p1,16,0.1,9,1000,-71.088,-70.348,-0.7399999999999948,0.131,0.1409999999999999,-72.36199999999998,-72.272,-0.0899999999999892,0.272,0.275
all_to_all_graph5_n16_d0p1,16,0.1,10,1000,-71.54,-71.544,0.0039999999999906,0.151,0.137,-72.53199999999998,-72.54399999999998,0.0120000000000004,0.28,0.2849999999999999
all_to_all_graph6_n16_d0p1,16,0.1,1,1000,-103.306,-103.086,-0.2199999999999988,0.169,0.154,-103.508,-103.292,-0.2159999999999939,0.169,0.154
all_to_all_graph6_n16_d0p1,16,0.1,2,1000,-104.058,-104.046,-0.0120000000000004,0.2119999999999999,0.219,-104.19,-104.218,0.0280000000000057,0.2119999999999999,0.219
all_to_all_graph6_n16_d0p1,16,0.1,3,1000,-103.918,-104.244,0.3259999999999934,0.196,0.195,-104.088,-104.38,0.2920000000000015,0.196,0.195
all_to_all_graph6_n16_d0p1,16,0.1,4,1000,-105.142,-104.946,-0.1959999999999979,0.219,0.2039999999999999,-105.296,-105.144,-0.152000000000001,0.219,0.2039999999999999
all_to_all_graph6_n16_d0p1,16,0.1,5,1000,-103.78,-104.038,0.2579999999999955,0.196,0.2039999999999999,-104.012,-104.28,0.2680000000000006,0.196,0.2039999999999999
all_to_all_graph6_n16_d0p1,16,0.1,6,1000,-103.722,-103.506,-0.2159999999999939,0.199,0.188,-103.87,-103.678,-0.1920000000000072,0.199,0.188
all_to_all_graph6_n16_d0p1,16,0.1,7,1000,-104.342,-104.19,-0.152000000000001,0.19,0.197,-104.504,-104.382,-0.1219999999999998,0.19,0.197
all_to_all_graph6_n16_d0p1,16,0.1,8,1000,-104.628,-104.516,-0.1119999999999947,0.232,0.201,-105.048,-104.672,-0.3760000000000047,0.232,0.201
all_to_all_graph6_n16_d0p1,16,0.1,9,1000,-102.928,-102.894,-0.0339999999999918,0.168,0.162,-103.428,-103.32,-0.108000000000004,0.168,0.162
all_to_all_graph6_n16_d0p1,16,0.1,10,1000,-103.164,-103.68,0.5160000000000053,0.1749999999999999,0.1769999999999999,-103.356,-103.84,0.4840000000000088,0.1749999999999999,0.1769999999999999
all_to_all_graph7_n16_d0p1,16,0.1,1,1000,-93.992,-93.996,0.0039999999999906,0.496,0.498,-93.992,-93.996,0.0039999999999906,0.496,0.498
all_to_all_graph7_n16_d0p1,16,0.1,2,1000,-94.036,-91.84200000000001,-2.1940000000000026,0.518,0.458,-94.036,-93.998,-0.0379999999999967,0.518,0.499
all_to_all_graph7_n16_d0p1,16,0.1,3,1000,-93.996,-94.036,0.0400000000000062,0.498,0.518,-93.996,-94.036,0.0400000000000062,0.498,0.518
all_to_all_graph7_n16_d0p1,16,0.1,4,1000,-93.99,-93.966,-0.0240000000000009,0.495,0.4829999999999999,-93.99,-93.966,-0.0240000000000009,0.495,0.4829999999999999
all_to_all_graph7_n16_d0p1,16,0.1,5,1000,-94.014,-93.994,-0.019999999999996,0.507,0.497,-94.014,-93.994,-0.019999999999996,0.507,0.497
all_to_all_graph7_n16_d0p1,16,0.1,6,1000,-94.034,-94.034,0.0,0.517,0.517,-94.034,-94.034,0.0,0.517,0.517
all_to_all_graph7_n16_d0p1,16,0.1,7,1000,-93.954,-93.95,-0.0039999999999906,0.4769999999999999,0.4749999999999999,-93.954,-93.95,-0.0039999999999906,0.4769999999999999,0.4749999999999999
all_to_all_graph7_n16_d0p1,16,0.1,8,1000,-90.974,-90.718,-0.2560000000000002,0.4859999999999999,0.467,-94.054,-94.022,-0.0319999999999964,0.527,0.511
all_to_all_graph7_n16_d0p1,16,0.1,9,1000,-91.624,-90.812,-0.8119999999999976,0.4709999999999999,0.4729999999999999,-94.036,-94.06,0.0240000000000009,0.518,0.53
all_to_all_graph7_n16_d0p1,16,0.1,10,1000,-91.366,-90.754,-0.6119999999999947,0.447,0.454,-93.998,-94.03,0.0319999999999964,0.499,0.515
all_to_all_graph8_n16_d0p1,16,0.1,1,1000,-90.438,-90.47000000000001,0.0319999999999964,0.133,0.129,-91.306,-91.33,0.0240000000000009,0.167,0.157
all_to_all_graph8_n16_d0p1,16,0.1,2,1000,-92.016,-92.252,0.23599999999999,0.169,0.1749999999999999,-92.97600000000001,-93.184,0.2079999999999984,0.22,0.227
all_to_all_graph8_n16_d0p1,16,0.1,3,1000,-90.646,-90.588,-0.0580000000000069,0.155,0.155,-91.87,-91.462,-0.4080000000000012,0.1799999999999999,0.163
all_to_all_graph8_n16_d0p1,16,0.1,4,1000,-90.86000000000001,-90.914,0.054000000000002,0.139,0.1459999999999999,-91.784,-91.81,0.0259999999999962,0.1759999999999999,0.182
all_to_all_graph8_n16_d0p1,16,0.1,5,1000,-90.00799999999998,-90.174,0.166000000000011,0.113,0.117,-90.808,-90.958,0.1499999999999914,0.1439999999999999,0.1499999999999999
all_to_all_graph8_n16_d0p1,16,0.1,6,1000,-90.746,-90.734,-0.0120000000000004,0.132,0.129,-91.558,-91.614,0.0559999999999973,0.163,0.169
all_to_all_graph8_n16_d0p1,16,0.1,7,1000,-91.222,-90.658,-0.563999999999993,0.1419999999999999,0.138,-92.254,-91.694,-0.5600000000000022,0.19,0.1789999999999999
all_to_all_graph8_n16_d0p1,16,0.1,8,1000,-90.746,-90.856,0.1099999999999994,0.134,0.138,-91.666,-91.796,0.1300000000000096,0.186,0.189
all_to_all_graph8_n16_d0p1,16,0.1,9,1000,-90.972,-91.09800000000001,0.1260000000000047,0.13,0.138,-91.84800000000001,-91.958,0.1099999999999994,0.167,0.1729999999999999
all_to_all_graph8_n16_d0p1,16,0.1,10,1000,-91.48200000000001,-91.71400000000001,0.2319999999999993,0.16,0.158,-92.462,-92.706,0.2439999999999997,0.2,0.2109999999999999
all_to_all_graph9_n16_d0p1,16,0.1,1,1000,-67.988,-68.342,0.3539999999999992,0.249,0.271,-68.464,-68.342,-0.1219999999999998,0.2819999999999999,0.271
all_to_all_graph9_n16_d0p1,16,0.1,2,1000,-68.11,-68.018,-0.0919999999999987,0.275,0.259,-68.11,-68.044,-0.0660000000000025,0.275,0.259
all_to_all_graph9_n16_d0p1,16,0.1,3,1000,-66.912,-66.514,-0.3980000000000103,0.275,0.262,-67.062,-66.514,-0.5480000000000018,0.28,0.262
all_to_all_graph9_n16_d0p1,16,0.1,4,1000,-66.794,-66.286,-0.5079999999999955,0.281,0.2899999999999999,-66.794,-66.286,-0.5079999999999955,0.281,0.2899999999999999
all_to_all_graph9_n16_d0p1,16,0.1,5,1000,-68.152,-68.206,0.054000000000002,0.278,0.2819999999999999,-68.152,-68.206,0.054000000000002,0.278,0.2819999999999999
all_to_all_graph9_n16_d0p1,16,0.1,6,1000,-68.004,-67.838,-0.166000000000011,0.32,0.316,-68.004,-67.838,-0.166000000000011,0.32,0.316
all_to_all_graph9_n16_d0p1,16,0.1,7,1000,-67.888,-67.242,-0.6460000000000008,0.2909999999999999,0.2959999999999999,-67.944,-67.242,-0.7019999999999981,0.2919999999999999,0.2959999999999999
all_to_all_graph9_n16_d0p1,16,0.1,8,1000,-66.81,-67.072,0.2620000000000004,0.267,0.276,-66.81,-67.072,0.2620000000000004,0.267,0.276
all_to_all_graph9_n16_d0p1,16,0.1,9,1000,-68.2,-68.126,-0.073999999999998,0.28,0.276,-68.2,-68.126,-0.073999999999998,0.28,0.276
all_to_all_graph9_n16_d0p1,16,0.1,10,1000,-67.598,-67.41,-0.1880000000000023,0.272,0.264,-67.598,-67.41,-0.1880000000000023,0.272,0.264
all_to_all_graph10_n16_d0p1,16,0.1,1,1000,-82.90999999999998,-82.988,0.0780000000000029,0.223,0.222,-83.86199999999998,-83.98399999999998,0.1219999999999998,0.28,0.2969999999999999
all_to_all_graph10_n16_d0p1,16,0.1,2,1000,-83.12999999999998,-83.79399999999998,0.6640000000000014,0.262,0.2939999999999999,-83.62999999999998,-83.818,0.1880000000000023,0.274,0.2939999999999999
all_to_all_graph10_n16_d0p1,16,0.1,3,1000,-82.242,-82.14,-0.1020000000000038,0.2039999999999999,0.183,-83.426,-83.364,-0.0619999999999976,0.276,0.265
all_to_all_graph10_n16_d0p1,16,0.1,4,1000,-83.504,-83.84999999999998,0.3459999999999894,0.22,0.225,-84.47199999999998,-84.842,0.3700000000000045,0.3039999999999999,0.312
all_to_all_graph10_n16_d0p1,16,0.1,5,1000,-83.992,-84.598,0.6059999999999945,0.249,0.321,-84.824,-84.598,-0.225999999999999,0.317,0.321
all_to_all_graph10_n16_d0p1,16,0.1,6,1000,-83.354,-83.452,0.0979999999999989,0.219,0.232,-84.298,-84.452,0.1539999999999963,0.3059999999999999,0.314
all_to_all_graph10_n16_d0p1,16,0.1,7,1000,-83.33799999999998,-83.36,0.0220000000000055,0.246,0.23,-84.254,-84.236,-0.0180000000000006,0.314,0.2999999999999999
all_to_all_graph10_n16_d0p1,16,0.1,8,1000,-83.286,-83.44,0.1539999999999963,0.245,0.224,-84.17799999999998,-84.328,0.1500000000000056,0.312,0.2999999999999999
all_to_all_graph10_n16_d0p1,16,0.1,9,1000,-84.542,-84.786,0.2439999999999997,0.336,0.332,-84.61,-84.81,0.2000000000000028,0.3459999999999999,0.334
all_to_all_graph10_n16_d0p1,16,0.1,10,1000,-83.98,-84.22799999999998,0.2479999999999904,0.2989999999999999,0.3029999999999999,-83.98,-84.22799999999998,0.2479999999999904,0.2989999999999999,0.3029999999999999
all_to_all_graph11_n16_d0p1,16,0.1,1,1000,-91.922,-92.016,0.0940000000000082,0.063,0.0609999999999999,-92.962,-93.06,0.0979999999999989,0.121,0.121
all_to_all_graph11_n16_d0p1,16,0.1,2,1000,-92.89,-93.162,0.2720000000000055,0.0739999999999999,0.084,-93.926,-94.16,0.2339999999999946,0.1439999999999999,0.155
all_to_all_graph11_n16_d0p1,16,0.1,3,1000,-94.408,-97.168,2.7600000000000047,0.0729999999999999,0.081,-97.018,-98.268,1.25,0.163,0.154
all_to_all_graph11_n16_d0p1,16,0.1,4,1000,-93.208,-92.744,-0.4639999999999986,0.079,0.0739999999999999,-94.19,-93.672,-0.5180000000000006,0.164,0.1499999999999999
all_to_all_graph11_n16_d0p1,16,0.1,5,1000,-92.358,-93.14,0.7819999999999964,0.11,0.121,-93.702,-93.14,-0.5619999999999976,0.115,0.121
all_to_all_graph11_n16_d0p1,16,0.1,6,1000,-92.59800000000001,-92.844,0.2459999999999951,0.062,0.056,-93.608,-93.85,0.2419999999999902,0.124,0.107
all_to_all_graph11_n16_d0p1,16,0.1,7,1000,-92.21400000000001,-92.454,0.2399999999999948,0.065,0.0599999999999999,-93.28,-93.496,0.2159999999999939,0.136,0.13
all_to_all_graph11_n16_d0p1,16,0.1,8,1000,-92.248,-92.966,0.7179999999999893,0.07,0.0709999999999999,-93.256,-93.94,0.6839999999999975,0.137,0.138
all_to_all_graph11_n16_d0p1,16,0.1,9,1000,-94.48200000000001,-96.878,2.396000000000001,0.083,0.078,-95.932,-97.92,1.9879999999999995,0.16,0.158
all_to_all_graph11_n16_d0p1,16,0.1,10,1000,-91.256,-91.522,0.2660000000000053,0.0739999999999999,0.0739999999999999,-93.666,-93.76,0.0940000000000082,0.1419999999999999,0.137
all_to_all_graph12_n16_d0p1,16,0.1,1,1000,-76.694,-77.674,0.980000000000004,0.113,0.132,-76.702,-77.674,0.9720000000000084,0.113,0.132
all_to_all_graph12_n16_d0p1,16,0.1,2,1000,-78.474,-77.156,-1.3179999999999978,0.114,0.082,-79.482,-77.968,-1.5139999999999958,0.161,0.12
all_to_all_graph12_n16_d0p1,16,0.1,3,1000,-78.122,-77.95399999999998,-0.1680000000000063,0.16,0.1409999999999999,-78.346,-78.22199999999998,-0.1240000000000094,0.16,0.1409999999999999
all_to_all_graph12_n16_d0p1,16,0.1,4,1000,-76.372,-76.59,0.2180000000000035,0.0879999999999999,0.0869999999999999,-77.11,-77.26399999999998,0.1539999999999963,0.116,0.1189999999999999
all_to_all_graph12_n16_d0p1,16,0.1,5,1000,-78.11199999999998,-78.208,0.0960000000000036,0.107,0.0929999999999999,-78.90999999999998,-79.028,0.1180000000000092,0.137,0.124
all_to_all_graph12_n16_d0p1,16,0.1,6,1000,-77.41599999999998,-77.322,-0.093999999999994,0.116,0.104,-78.84,-78.596,-0.2439999999999997,0.155,0.135
all_to_all_graph12_n16_d0p1,16,0.1,7,1000,-75.418,-76.122,0.7039999999999935,0.079,0.081,-76.378,-77.006,0.6280000000000001,0.114,0.117
all_to_all_graph12_n16_d0p1,16,0.1,8,1000,-77.40399999999998,-77.65399999999998,0.25,0.1029999999999999,0.111,-78.236,-78.482,0.2459999999999951,0.134,0.1429999999999999
all_to_all_graph12_n16_d0p1,16,0.1,9,1000,-74.946,-75.628,0.682000000000002,0.065,0.082,-76.94,-77.012,0.0720000000000027,0.1189999999999999,0.114
all_to_all_graph12_n16_d0p1,16,0.1,10,1000,-76.438,-76.468,0.0300000000000011,0.116,0.122,-76.726,-76.732,0.0060000000000002,0.116,0.122
all_to_all_graph13_n16_d0p1,16,0.1,1,1000,-56.552,-56.746,0.1940000000000026,0.033,0.041,-59.874,-59.992,0.117999999999995,0.2399999999999999,0.246
all_to_all_graph13_n16_d0p1,16,0.1,2,1000,-53.994,-54.512,0.5180000000000006,0.0219999999999999,0.032,-59.28,-59.342,0.0619999999999976,0.26,0.26
all_to_all_graph13_n16_d0p1,16,0.1,3,1000,-53.622,-53.792,0.1700000000000017,0.02,0.028,-59.096,-59.05,-0.0459999999999993,0.258,0.265
all_to_all_graph13_n16_d0p1,16,0.1,4,1000,-56.45,-57.118,0.6679999999999992,0.041,0.0519999999999999,-59.988,-60.056,0.0679999999999978,0.2439999999999999,0.265
all_to_all_graph13_n16_d0p1,16,0.1,5,1000,-56.346,-56.346,0.0,0.033,0.021,-60.018,-60.018,0.0,0.247,0.2389999999999999
all_to_all_graph13_n16_d0p1,16,0.1,6,1000,-52.666,-53.56,0.8940000000000053,0.021,0.024,-58.264,-58.588,0.323999999999998,0.233,0.2359999999999999
all_to_all_graph13_n16_d0p1,16,0.1,7,1000,-53.694,-53.17,-0.5240000000000009,0.0259999999999999,0.024,-58.97,-58.742,-0.2280000000000015,0.25,0.25
all_to_all_graph13_n16_d0p1,16,0.1,8,1000,-53.518,-54.212,0.6940000000000026,0.04,0.0429999999999999,-58.264,-58.744,0.4799999999999968,0.253,0.272
all_to_all_graph13_n16_d0p1,16,0.1,9,1000,-53.138,-53.254,0.1159999999999996,0.019,0.029,-58.624,-58.69,0.0659999999999953,0.2359999999999999,0.252
all_to_all_graph13_n16_d0p1,16,0.1,10,1000,-52.3,-52.086,-0.2139999999999986,0.019,0.016,-58.786,-58.434,-0.3520000000000038,0.268,0.272
all_to_all_graph14_n16_d0p1,16,0.1,1,1000,-77.574,-77.744,0.1700000000000017,0.2,0.224,-78.61799999999998,-78.744,0.1260000000000047,0.266,0.2919999999999999
all_to_all_graph14_n16_d0p1,16,0.1,2,1000,-77.93399999999998,-78.284,0.3500000000000085,0.2129999999999999,0.223,-78.81399999999998,-79.09999999999998,0.2860000000000013,0.2859999999999999,0.2919999999999999
all_to_all_graph14_n16_d0p1,16,0.1,3,1000,-78.72799999999998,-79.054,0.3260000000000076,0.2959999999999999,0.3059999999999999,-78.72799999999998,-79.054,0.3260000000000076,0.2959999999999999,0.3059999999999999
all_to_all_graph14_n16_d0p1,16,0.1,4,1000,-77.46599999999998,-77.174,-0.2919999999999873,0.216,0.188,-78.53,-78.33,-0.2000000000000028,0.28,0.265
all_to_all_graph14_n16_d0p1,16,0.1,5,1000,-78.45399999999998,-78.884,0.4300000000000068,0.277,0.2979999999999999,-78.45399999999998,-78.884,0.4300000000000068,0.277,0.2979999999999999
all_to_all_graph14_n16_d0p1,16,0.1,6,1000,-77.91599999999998,-77.82599999999998,-0.0900000000000034,0.233,0.224,-78.876,-78.798,-0.0780000000000029,0.2989999999999999,0.2899999999999999
all_to_all_graph14_n16_d0p1,16,0.1,7,1000,-77.772,-77.62,-0.152000000000001,0.227,0.222,-78.852,-78.59999999999998,-0.2520000000000095,0.2969999999999999,0.2879999999999999
all_to_all_graph14_n16_d0p1,16,0.1,8,1000,-78.37999999999998,-78.366,-0.0139999999999957,0.268,0.272,-78.424,-78.366,-0.0580000000000069,0.271,0.272
all_to_all_graph14_n16_d0p1,16,0.1,9,1000,-77.67,-77.66599999999998,-0.0040000000000048,0.216,0.217,-78.50199999999998,-78.546,0.0440000000000111,0.2829999999999999,0.276
all_to_all_graph14_n16_d0p1,16,0.1,10,1000,-77.756,-78.14799999999998,0.3919999999999959,0.228,0.247,-78.784,-79.104,0.3199999999999931,0.2999999999999999,0.31
all_to_all_graph15_n16_d0p1,16,0.1,1,1000,-93.834,-93.79,-0.0439999999999969,0.517,0.508,-93.918,-93.83600000000001,-0.0820000000000078,0.523,0.511
all_to_all_graph15_n16_d0p1,16,0.1,2,1000,-93.772,-93.81,0.0379999999999967,0.508,0.514,-93.772,-93.81,0.0379999999999967,0.508,0.514
all_to_all_graph15_n16_d0p1,16,0.1,3,1000,-93.57,-93.474,-0.0959999999999894,0.5,0.4839999999999999,-93.57,-93.474,-0.0959999999999894,0.5,0.4839999999999999
all_to_all_graph15_n16_d0p1,16,0.1,4,1000,-90.518,-91.72000000000001,1.2019999999999982,0.2929999999999999,0.3529999999999999,-93.408,-93.59800000000001,0.1899999999999977,0.4769999999999999,0.496
all_to_all_graph15_n16_d0p1,16,0.1,5,1000,-93.338,-93.594,0.2560000000000002,0.4809999999999999,0.5,-93.596,-93.594,-0.0020000000000095,0.496,0.5
all_to_all_graph15_n16_d0p1,16,0.1,6,1000,-89.828,-90.066,0.2379999999999995,0.2829999999999999,0.316,-93.356,-93.668,0.3120000000000118,0.4789999999999999,0.513
all_to_all_graph15_n16_d0p1,16,0.1,7,1000,-91.584,-91.526,-0.0580000000000069,0.382,0.371,-93.6,-93.416,-0.1839999999999975,0.495,0.4759999999999999
all_to_all_graph15_n16_d0p1,16,0.1,8,1000,-91.308,-91.502,0.1939999999999884,0.433,0.438,-93.704,-93.712,0.0080000000000097,0.511,0.511
all_to_all_graph15_n16_d0p1,16,0.1,9,1000,-93.674,-93.918,0.2439999999999997,0.502,0.528,-93.674,-93.918,0.2439999999999997,0.502,0.528
all_to_all_graph15_n16_d0p1,16,0.1,10,1000,-93.814,-93.62,-0.1939999999999884,0.522,0.502,-93.814,-93.62,-0.1939999999999884,0.522,0.502
all_to_all_graph16_n16_d0p1,16,0.1,1,1000,-85.408,-84.998,-0.4099999999999965,0.2079999999999999,0.2079999999999999,-85.408,-84.998,-0.4099999999999965,0.2079999999999999,0.2079999999999999
all_to_all_graph16_n16_d0p1,16,0.1,2,1000,-86.14,-86.682,0.5420000000000015,0.2359999999999999,0.251,-86.182,-86.808,0.6260000000000047,0.2379999999999999,0.255
all_to_all_graph16_n16_d0p1,16,0.1,3,1000,-85.744,-85.98,0.2360000000000042,0.183,0.2059999999999999,-87.15999999999998,-86.592,-0.5679999999999978,0.269,0.246
all_to_all_graph16_n16_d0p1,16,0.1,4,1000,-85.39799999999998,-84.65399999999998,-0.7439999999999997,0.19,0.16,-85.39799999999998,-84.65399999999998,-0.7439999999999997,0.19,0.16
all_to_all_graph16_n16_d0p1,16,0.1,5,1000,-87.06399999999998,-86.20999999999998,-0.8539999999999992,0.3029999999999999,0.273,-87.08199999999998,-86.22199999999998,-0.8599999999999994,0.3029999999999999,0.273
all_to_all_graph16_n16_d0p1,16,0.1,6,1000,-87.23399999999998,-87.534,0.3000000000000113,0.233,0.252,-87.318,-87.534,0.2160000000000081,0.2379999999999999,0.252
all_to_all_graph16_n16_d0p1,16,0.1,7,1000,-86.206,-86.68,0.4740000000000037,0.2409999999999999,0.262,-86.242,-86.686,0.4440000000000026,0.2409999999999999,0.262
all_to_all_graph16_n16_d0p1,16,0.1,8,1000,-84.77599999999998,-84.42,-0.3559999999999945,0.221,0.191,-84.77599999999998,-84.462,-0.3139999999999929,0.221,0.192
all_to_all_graph16_n16_d0p1,16,0.1,9,1000,-85.908,-86.488,0.5799999999999982,0.264,0.274,-86.45399999999998,-87.388,0.9340000000000116,0.2859999999999999,0.321
all_to_all_graph16_n16_d0p1,16,0.1,10,1000,-84.982,-85.31999999999998,0.3379999999999938,0.219,0.2439999999999999,-85.108,-85.34999999999998,0.2419999999999902,0.229,0.246
all_to_all_graph17_n16_d0p1,16,0.1,1,1000,-78.38599999999998,-81.73399999999998,3.347999999999999,0.156,0.199,-82.46599999999998,-83.644,1.1780000000000117,0.2869999999999999,0.34
all_to_all_graph17_n16_d0p1,16,0.1,2,1000,-79.102,-78.72199999999998,-0.3800000000000096,0.164,0.14,-81.83,-81.646,-0.1839999999999975,0.26,0.257
all_to_all_graph17_n16_d0p1,16,0.1,3,1000,-78.04,-78.696,0.6559999999999917,0.167,0.154,-82.41599999999998,-83.108,0.6920000000000072,0.2969999999999999,0.323
all_to_all_graph17_n16_d0p1,16,0.1,4,1000,-78.596,-79.016,0.4200000000000017,0.189,0.195,-81.85599999999998,-82.476,0.6200000000000045,0.264,0.2839999999999999
all_to_all_graph17_n16_d0p1,16,0.1,5,1000,-77.86199999999998,-76.058,-1.803999999999988,0.154,0.14,-81.908,-81.662,-0.2459999999999951,0.254,0.263
all_to_all_graph17_n16_d0p1,16,0.1,6,1000,-77.97199999999998,-77.83799999999998,-0.1340000000000003,0.191,0.187,-82.05599999999998,-82.168,0.1120000000000089,0.279,0.269
all_to_all_graph17_n16_d0p1,16,0.1,7,1000,-79.614,-80.09399999999998,0.4799999999999897,0.171,0.186,-82.20399999999998,-82.504,0.3000000000000113,0.277,0.2929999999999999
all_to_all_graph17_n16_d0p1,16,0.1,8,1000,-80.284,-79.394,-0.8900000000000005,0.2369999999999999,0.218,-81.958,-81.87,-0.0879999999999938,0.262,0.261
all_to_all_graph17_n16_d0p1,16,0.1,9,1000,-79.132,-78.408,-0.7240000000000038,0.158,0.159,-82.176,-82.01399999999998,-0.1620000000000061,0.271,0.267
all_to_all_graph17_n16_d0p1,16,0.1,10,1000,-81.45399999999998,-81.296,-0.157999999999987,0.216,0.25,-82.81399999999998,-82.756,-0.0579999999999927,0.2859999999999999,0.2999999999999999
all_to_all_graph18_n16_d0p1,16,0.1,1,1000,-82.98399999999998,-82.61199999999998,-0.3719999999999998,0.214,0.2099999999999999,-82.98399999999998,-82.61199999999998,-0.3719999999999998,0.214,0.2099999999999999
all_to_all_graph18_n16_d0p1,16,0.1,2,1000,-82.48399999999998,-82.2,-0.2839999999999918,0.2089999999999999,0.1779999999999999,-82.48399999999998,-82.2,-0.2839999999999918,0.2089999999999999,0.1779999999999999
all_to_all_graph18_n16_d0p1,16,0.1,3,1000,-82.40399999999998,-82.418,0.01400000000001,0.185,0.192,-82.40399999999998,-82.418,0.01400000000001,0.185,0.192
all_to_all_graph18_n16_d0p1,16,0.1,4,1000,-82.748,-82.652,-0.0960000000000036,0.2039999999999999,0.2,-82.748,-82.652,-0.0960000000000036,0.2039999999999999,0.2
all_to_all_graph18_n16_d0p1,16,0.1,5,1000,-82.56399999999998,-82.482,-0.0819999999999936,0.1739999999999999,0.16,-82.56399999999998,-82.482,-0.0819999999999936,0.1739999999999999,0.16
all_to_all_graph18_n16_d0p1,16,0.1,6,1000,-81.42799999999998,-81.36,-0.0679999999999978,0.156,0.1499999999999999,-81.42799999999998,-81.36,-0.0679999999999978,0.156,0.1499999999999999
all_to_all_graph18_n16_d0p1,16,0.1,7,1000,-82.51999999999998,-82.242,-0.2779999999999915,0.185,0.171,-82.51999999999998,-82.242,-0.2779999999999915,0.185,0.171
all_to_all_graph18_n16_d0p1,16,0.1,8,1000,-81.62399999999998,-81.72799999999998,0.1039999999999992,0.162,0.16,-81.62399999999998,-81.72799999999998,0.1039999999999992,0.162,0.16
all_to_all_graph18_n16_d0p1,16,0.1,9,1000,-81.614,-81.602,-0.0120000000000004,0.16,0.1729999999999999,-81.614,-81.602,-0.0120000000000004,0.16,0.1729999999999999
all_to_all_graph18_n16_d0p1,16,0.1,10,1000,-81.768,-81.854,0.0859999999999985,0.153,0.1439999999999999,-81.768,-81.854,0.0859999999999985,0.153,0.1439999999999999
all_to_all_graph19_n16_d0p1,16,0.1,1,1000,-79.78799999999998,-79.842,0.054000000000002,0.333,0.325,-79.78799999999998,-79.842,0.054000000000002,0.333,0.325
all_to_all_graph19_n16_d0p1,16,0.1,2,1000,-79.796,-79.988,0.191999999999993,0.335,0.3459999999999999,-79.796,-79.988,0.191999999999993,0.335,0.3459999999999999
all_to_all_graph19_n16_d0p1,16,0.1,3,1000,-79.712,-80.024,0.3119999999999976,0.313,0.342,-79.712,-80.024,0.3119999999999976,0.313,0.342
all_to_all_graph19_n16_d0p1,16,0.1,4,1000,-81.33799999999998,-81.42799999999998,0.0900000000000034,0.404,0.4209999999999999,-81.34999999999998,-81.42799999999998,0.0780000000000029,0.404,0.4209999999999999
all_to_all_graph19_n16_d0p1,16,0.1,5,1000,-81.36199999999998,-81.324,-0.0379999999999967,0.397,0.402,-81.36199999999998,-81.324,-0.0379999999999967,0.397,0.402
all_to_all_graph19_n16_d0p1,16,0.1,6,1000,-82.104,-81.27599999999998,-0.8280000000000028,0.4269999999999999,0.397,-82.31399999999998,-81.27599999999998,-1.0379999999999967,0.4309999999999999,0.397
all_to_all_graph19_n16_d0p1,16,0.1,7,1000,-80.042,-79.62999999999998,-0.4120000000000061,0.313,0.2999999999999999,-81.224,-80.842,-0.382000000000005,0.388,0.3689999999999999
all_to_all_graph19_n16_d0p1,16,0.1,8,1000,-79.22199999999998,-79.958,0.7360000000000042,0.2939999999999999,0.337,-80.224,-79.958,-0.2660000000000053,0.3469999999999999,0.337
all_to_all_graph19_n16_d0p1,16,0.1,9,1000,-81.28,-81.12,-0.1599999999999965,0.391,0.374,-81.28,-81.12,-0.1599999999999965,0.391,0.374
all_to_all_graph19_n16_d0p1,16,0.1,10,1000,-79.652,-80.00799999999998,0.3559999999999945,0.33,0.341,-79.652,-80.00799999999998,0.3559999999999945,0.33,0.341
all_to_all_graph0_n16_d0p3,16,0.3,1,1000,-150.61,-149.626,-0.9840000000000088,0.166,0.156,-152.908,-152.8,-0.1079999999999756,0.4099999999999999,0.4099999999999999
all_to_all_graph0_n16_d0p3,16,0.3,2,1000,-154.498,-153.51,-0.9879999999999995,0.453,0.4279999999999999,-154.786,-153.708,-1.078000000000003,0.454,0.4279999999999999
all_to_all_graph0_n16_d0p3,16,0.3,3,1000,-152.674,-152.188,-0.4860000000000184,0.182,0.1729999999999999,-154.47,-154.592,0.1220000000000141,0.44,0.449
all_to_all_graph0_n16_d0p3,16,0.3,4,1000,-150.208,-146.988,-3.219999999999999,0.3649999999999999,0.1749999999999999,-151.92,-151.82,-0.0999999999999943,0.447,0.434
all_to_all_graph0_n16_d0p3,16,0.3,5,1000,-155.518,-153.962,-1.5560000000000116,0.445,0.3559999999999999,-155.626,-154.286,-1.3400000000000034,0.453,0.4079999999999999
all_to_all_graph0_n16_d0p3,16,0.3,6,1000,-152.506,-151.266,-1.240000000000009,0.434,0.4209999999999999,-153.166,-152.05,-1.1159999999999854,0.434,0.4209999999999999
all_to_all_graph0_n16_d0p3,16,0.3,7,1000,-152.194,-151.768,-0.4259999999999877,0.229,0.2399999999999999,-153.412,-152.95,-0.4620000000000175,0.4259999999999999,0.4229999999999999
all_to_all_graph0_n16_d0p3,16,0.3,8,1000,-149.836,-148.492,-1.3440000000000225,0.2419999999999999,0.224,-153.63,-153.272,-0.358000000000004,0.4259999999999999,0.433
all_to_all_graph0_n16_d0p3,16,0.3,9,1000,-152.142,-150.038,-2.103999999999985,0.3679999999999999,0.194,-153.858,-154.564,0.7059999999999887,0.434,0.44
all_to_all_graph0_n16_d0p3,16,0.3,10,1000,-148.766,-147.262,-1.503999999999991,0.0,0.0,-153.718,-153.716,-0.0019999999999811,0.444,0.467
all_to_all_graph1_n16_d0p3,16,0.3,1,1000,-177.132,-174.982,-2.1500000000000057,0.51,0.4719999999999999,-180.882,-181.78,0.8979999999999961,0.5749999999999998,0.5899999999999999
all_to_all_graph1_n16_d0p3,16,0.3,2,1000,-170.898,-170.866,-0.0319999999999822,0.341,0.3449999999999999,-175.178,-175.678,0.5,0.463,0.467
all_to_all_graph1_n16_d0p3,16,0.3,3,1000,-173.578,-172.508,-1.0699999999999932,0.406,0.386,-176.882,-176.688,-0.1940000000000168,0.4819999999999999,0.4769999999999999
all_to_all_graph1_n16_d0p3,16,0.3,4,1000,-170.774,-169.996,-0.7779999999999915,0.399,0.378,-175.506,-174.534,-0.9720000000000084,0.468,0.449
all_to_all_graph1_n16_d0p3,16,0.3,5,1000,-178.472,-176.698,-1.774000000000001,0.51,0.467,-179.87,-178.246,-1.6239999999999952,0.553,0.511
all_to_all_graph1_n16_d0p3,16,0.3,6,1000,-174.412,-174.966,0.554000000000002,0.433,0.451,-176.636,-177.28,0.6440000000000053,0.4939999999999999,0.512
all_to_all_graph1_n16_d0p3,16,0.3,7,1000,-177.812,-177.878,0.065999999999974,0.499,0.52,-180.056,-180.484,0.4279999999999972,0.553,0.568
all_to_all_graph1_n16_d0p3,16,0.3,8,1000,-174.63,-174.956,0.3259999999999934,0.448,0.46,-180.146,-180.678,0.5320000000000106,0.553,0.563
all_to_all_graph1_n16_d0p3,16,0.3,9,1000,-176.35,-177.078,0.7280000000000086,0.456,0.462,-179.504,-180.424,0.920000000000016,0.536,0.557
all_to_all_graph1_n16_d0p3,16,0.3,10,1000,-172.012,-170.526,-1.48599999999999,0.273,0.271,-175.65,-175.17,-0.4800000000000181,0.464,0.455
all_to_all_graph2_n16_d0p3,16,0.3,1,1000,-186.576,-185.752,-0.8239999999999837,0.317,0.307,-186.736,-186.656,-0.079999999999984,0.317,0.316
all_to_all_graph2_n16_d0p3,16,0.3,2,1000,-186.306,-184.43,-1.8760000000000048,0.3559999999999999,0.341,-189.326,-189.536,0.2100000000000079,0.38,0.393
all_to_all_graph2_n16_d0p3,16,0.3,3,1000,-185.796,-185.446,-0.3499999999999943,0.3629999999999999,0.335,-187.156,-186.848,-0.3079999999999927,0.3649999999999999,0.341
all_to_all_graph2_n16_d0p3,16,0.3,4,1000,-186.828,-186.15,-0.6779999999999972,0.3459999999999999,0.342,-188.116,-187.926,-0.1900000000000261,0.3459999999999999,0.343
all_to_all_graph2_n16_d0p3,16,0.3,5,1000,-183.388,-181.388,-2.0,0.343,0.327,-185.534,-184.692,-0.8419999999999845,0.3469999999999999,0.333
all_to_all_graph2_n16_d0p3,16,0.3,6,1000,-183.112,-183.472,0.3600000000000136,0.332,0.312,-184.442,-184.03,-0.4120000000000061,0.332,0.312
all_to_all_graph2_n16_d0p3,16,0.3,7,1000,-185.71,-184.198,-1.5120000000000005,0.3569999999999999,0.3479999999999999,-186.506,-185.312,-1.1939999999999884,0.3569999999999999,0.3489999999999999
all_to_all_graph2_n16_d0p3,16,0.3,8,1000,-186.594,-184.826,-1.768000000000001,0.3479999999999999,0.3449999999999999,-186.964,-187.366,0.4020000000000152,0.3479999999999999,0.3609999999999999
all_to_all_graph2_n16_d0p3,16,0.3,9,1000,-185.786,-184.048,-1.7379999999999995,0.3559999999999999,0.329,-186.052,-185.666,-0.3859999999999956,0.3559999999999999,0.34
all_to_all_graph2_n16_d0p3,16,0.3,10,1000,-186.272,-184.418,-1.853999999999985,0.3609999999999999,0.322,-186.956,-185.746,-1.2099999999999795,0.3619999999999999,0.329
all_to_all_graph3_n16_d0p3,16,0.3,1,1000,-170.902,-168.59,-2.3119999999999834,0.0,0.048,-173.872,-174.402,0.5299999999999727,0.1799999999999999,0.192
all_to_all_graph3_n16_d0p3,16,0.3,2,1000,-170.282,-168.602,-1.6800000000000068,0.0889999999999999,0.08,-176.492,-175.224,-1.268000000000001,0.271,0.217
all_to_all_graph3_n16_d0p3,16,0.3,3,1000,-170.782,-169.794,-0.9879999999999995,0.105,0.112,-172.414,-172.036,-0.3779999999999859,0.105,0.112
all_to_all_graph3_n16_d0p3,16,0.3,4,1000,-173.482,-173.994,0.5120000000000005,0.122,0.0919999999999999,-175.218,-175.524,0.3060000000000116,0.158,0.167
all_to_all_graph3_n16_d0p3,16,0.3,5,1000,-172.232,-169.616,-2.615999999999985,0.108,0.0899999999999999,-173.794,-173.168,-0.6260000000000047,0.217,0.2069999999999999
all_to_all_graph3_n16_d0p3,16,0.3,6,1000,-174.2,-173.396,-0.804000000000002,0.0,0.0,-175.722,-176.19,0.4679999999999893,0.188,0.194
all_to_all_graph3_n16_d0p3,16,0.3,7,1000,-168.736,-170.068,1.332000000000022,0.0,0.0,-172.998,-173.958,0.960000000000008,0.182,0.196
all_to_all_graph3_n16_d0p3,16,0.3,8,1000,-173.464,-172.164,-1.3000000000000114,0.126,0.195,-174.612,-174.49,-0.1219999999999856,0.2099999999999999,0.2049999999999999
all_to_all_graph3_n16_d0p3,16,0.3,9,1000,-171.938,-169.508,-2.4299999999999784,0.028,0.122,-176.214,-174.92,-1.2940000000000111,0.249,0.246
all_to_all_graph3_n16_d0p3,16,0.3,10,1000,-169.68,-170.056,0.3760000000000047,0.021,0.002,-173.194,-173.422,0.2280000000000086,0.216,0.245
all_to_all_graph4_n16_d0p3,16,0.3,1,1000,-167.398,-166.324,-1.073999999999984,0.2409999999999999,0.188,-171.456,-171.308,-0.1479999999999961,0.248,0.258
all_to_all_graph4_n16_d0p3,16,0.3,2,1000,-168.998,-166.458,-2.539999999999992,0.1799999999999999,0.166,-170.828,-170.124,-0.7040000000000077,0.184,0.1769999999999999
all_to_all_graph4_n16_d0p3,16,0.3,3,1000,-169.508,-166.598,-2.9099999999999966,0.1729999999999999,0.1739999999999999,-172.178,-169.356,-2.8220000000000027,0.1779999999999999,0.1759999999999999
all_to_all_graph4_n16_d0p3,16,0.3,4,1000,-169.97,-168.306,-1.6639999999999873,0.228,0.115,-171.798,-171.344,-0.4540000000000077,0.233,0.233
all_to_all_graph4_n16_d0p3,16,0.3,5,1000,-171.1,-170.002,-1.0979999999999848,0.218,0.2099999999999999,-173.106,-172.86,-0.2459999999999809,0.218,0.2109999999999999
all_to_all_graph4_n16_d0p3,16,0.3,6,1000,-169.852,-168.338,-1.51400000000001,0.2839999999999999,0.266,-172.844,-172.07,-0.7740000000000009,0.2859999999999999,0.27
all_to_all_graph4_n16_d0p3,16,0.3,7,1000,-168.96,-167.89,-1.0700000000000216,0.1729999999999999,0.1729999999999999,-170.216,-170.226,0.0099999999999909,0.189,0.196
all_to_all_graph4_n16_d0p3,16,0.3,8,1000,-171.048,-168.086,-2.9619999999999886,0.233,0.2109999999999999,-172.756,-170.668,-2.0879999999999934,0.233,0.2119999999999999
all_to_all_graph4_n16_d0p3,16,0.3,9,1000,-166.908,-164.374,-2.533999999999992,0.1429999999999999,0.132,-170.362,-169.682,-0.6800000000000068,0.166,0.161
all_to_all_graph4_n16_d0p3,16,0.3,10,1000,-165.848,-163.234,-2.6140000000000043,0.1779999999999999,0.162,-171.268,-170.52,-0.7479999999999905,0.224,0.2129999999999999
all_to_all_graph5_n16_d0p3,16,0.3,1,1000,-185.148,-185.554,0.4060000000000059,0.26,0.343,-194.702,-193.942,-0.7599999999999909,0.526,0.502
all_to_all_graph5_n16_d0p3,16,0.3,2,1000,-190.39,-188.618,-1.7719999999999914,0.39,0.3469999999999999,-194.222,-193.302,-0.920000000000016,0.518,0.507
all_to_all_graph5_n16_d0p3,16,0.3,3,1000,-189.524,-189.072,-0.4519999999999981,0.333,0.335,-194.254,-194.45,0.1959999999999979,0.517,0.521
all_to_all_graph5_n16_d0p3,16,0.3,4,1000,-188.396,-184.46,-3.935999999999978,0.39,0.335,-192.822,-191.96,-0.8619999999999947,0.498,0.468
all_to_all_graph5_n16_d0p3,16,0.3,5,1000,-189.554,-189.176,-0.3780000000000143,0.3639999999999999,0.333,-194.352,-194.22,-0.132000000000005,0.513,0.498
all_to_all_graph5_n16_d0p3,16,0.3,6,1000,-192.238,-187.076,-5.162000000000006,0.262,0.151,-194.346,-194.466,0.1200000000000045,0.497,0.502
all_to_all_graph5_n16_d0p3,16,0.3,7,1000,-190.424,-190.078,-0.3460000000000036,0.456,0.465,-194.206,-194.552,0.3460000000000036,0.51,0.536
all_to_all_graph5_n16_d0p3,16,0.3,8,1000,-187.734,-182.576,-5.158000000000016,0.33,0.2859999999999999,-193.566,-194.048,0.4819999999999993,0.4919999999999999,0.526
all_to_all_graph5_n16_d0p3,16,0.3,9,1000,-191.152,-191.144,-0.0079999999999813,0.4199999999999999,0.461,-194.428,-194.576,0.1479999999999961,0.51,0.55
all_to_all_graph5_n16_d0p3,16,0.3,10,1000,-190.022,-185.154,-4.867999999999995,0.3649999999999999,0.278,-193.136,-192.632,-0.5039999999999906,0.4719999999999999,0.4259999999999999
all_to_all_graph6_n16_d0p3,16,0.3,1,1000,-158.87,-157.84,-1.0300000000000011,0.113,0.107,-159.992,-159.278,-0.7139999999999986,0.227,0.234
all_to_all_graph6_n16_d0p3,16,0.3,2,1000,-157.464,-154.432,-3.0320000000000107,0.1489999999999999,0.113,-159.544,-158.262,-1.282000000000011,0.3009999999999999,0.2819999999999999
all_to_all_graph6_n16_d0p3,16,0.3,3,1000,-158.544,-156.7,-1.8440000000000225,0.217,0.2069999999999999,-159.364,-159.206,-0.1580000000000154,0.217,0.215
all_to_all_graph6_n16_d0p3,16,0.3,4,1000,-159.898,-160.366,0.4680000000000177,0.214,0.221,-160.44,-160.548,0.108000000000004,0.214,0.221
all_to_all_graph6_n16_d0p3,16,0.3,5,1000,-155.114,-154.756,-0.358000000000004,0.2099999999999999,0.189,-156.512,-157.006,0.4939999999999997,0.221,0.2079999999999999
all_to_all_graph6_n16_d0p3,16,0.3,6,1000,-156.884,-157.022,0.1380000000000052,0.2119999999999999,0.22,-157.7,-158.192,0.4920000000000186,0.226,0.233
all_to_all_graph6_n16_d0p3,16,0.3,7,1000,-156.24,-155.184,-1.0560000000000116,0.082,0.082,-158.468,-157.604,-0.8639999999999759,0.2099999999999999,0.2059999999999999
all_to_all_graph6_n16_d0p3,16,0.3,8,1000,-156.88,-157.052,0.171999999999997,0.217,0.2419999999999999,-158.826,-159.412,0.5860000000000127,0.23,0.249
all_to_all_graph6_n16_d0p3,16,0.3,9,1000,-159.446,-157.712,-1.7340000000000089,0.136,0.2119999999999999,-159.902,-157.886,-2.015999999999991,0.253,0.2119999999999999
all_to_all_graph6_n16_d0p3,16,0.3,10,1000,-158.692,-157.998,-0.6940000000000168,0.2069999999999999,0.198,-158.99,-158.378,-0.6120000000000231,0.2069999999999999,0.198
all_to_all_graph7_n16_d0p3,16,0.3,1,1000,-173.058,-173.662,0.6040000000000134,0.081,0.079,-177.098,-178.326,1.2279999999999802,0.184,0.197
all_to_all_graph7_n16_d0p3,16,0.3,2,1000,-176.458,-176.814,0.3559999999999945,0.1449999999999999,0.163,-177.158,-177.848,0.6900000000000261,0.1499999999999999,0.168
all_to_all_graph7_n16_d0p3,16,0.3,3,1000,-176.238,-175.176,-1.0620000000000118,0.195,0.1759999999999999,-177.168,-176.676,-0.4920000000000186,0.199,0.1759999999999999
all_to_all_graph7_n16_d0p3,16,0.3,4,1000,-174.012,-173.02,-0.9919999999999902,0.154,0.152,-176.214,-176.174,-0.039999999999992,0.156,0.154
all_to_all_graph7_n16_d0p3,16,0.3,5,1000,-174.778,-172.992,-1.7860000000000014,0.1489999999999999,0.165,-175.658,-175.71,0.0520000000000209,0.159,0.1759999999999999
all_to_all_graph7_n16_d0p3,16,0.3,6,1000,-175.562,-175.34,-0.2220000000000084,0.156,0.162,-176.254,-177.35,1.0960000000000036,0.158,0.169
all_to_all_graph7_n16_d0p3,16,0.3,7,1000,-174.958,-173.196,-1.7620000000000005,0.151,0.158,-177.192,-177.262,0.0699999999999931,0.162,0.165
all_to_all_graph7_n16_d0p3,16,0.3,8,1000,-174.83,-173.926,-0.9040000000000248,0.1719999999999999,0.153,-176.092,-175.412,-0.6800000000000068,0.1809999999999999,0.161
all_to_all_graph7_n16_d0p3,16,0.3,9,1000,-175.756,-174.472,-1.2839999999999918,0.155,0.0879999999999999,-177.462,-177.444,-0.0180000000000006,0.157,0.165
all_to_all_graph7_n16_d0p3,16,0.3,10,1000,-175.352,-175.598,0.2460000000000093,0.1499999999999999,0.1739999999999999,-177.592,-177.972,0.3799999999999954,0.162,0.183
all_to_all_graph8_n16_d0p3,16,0.3,1,1000,-187.604,-187.068,-0.5360000000000013,0.23,0.2359999999999999,-191.092,-191.572,0.4799999999999897,0.264,0.2889999999999999
all_to_all_graph8_n16_d0p3,16,0.3,2,1000,-185.19,-185.436,0.2460000000000093,0.138,0.137,-189.542,-189.844,0.3019999999999925,0.152,0.164
all_to_all_graph8_n16_d0p3,16,0.3,3,1000,-184.294,-183.91,-0.3840000000000145,0.2389999999999999,0.225,-191.134,-191.55,0.4160000000000252,0.2909999999999999,0.2899999999999999
all_to_all_graph8_n16_d0p3,16,0.3,4,1000,-183.406,-184.182,0.775999999999982,0.1419999999999999,0.1459999999999999,-189.182,-189.152,-0.0300000000000011,0.168,0.163
all_to_all_graph8_n16_d0p3,16,0.3,5,1000,-190.186,-189.382,-0.804000000000002,0.202,0.1799999999999999,-190.19,-189.42,-0.7700000000000102,0.202,0.1799999999999999
all_to_all_graph8_n16_d0p3,16,0.3,6,1000,-185.892,-184.684,-1.2079999999999984,0.218,0.2069999999999999,-190.914,-191.218,0.304000000000002,0.269,0.265
all_to_all_graph8_n16_d0p3,16,0.3,7,1000,-182.324,-182.452,0.1279999999999859,0.137,0.125,-189.846,-189.688,-0.1580000000000154,0.167,0.155
all_to_all_graph8_n16_d0p3,16,0.3,8,1000,-186.216,-184.666,-1.5500000000000114,0.189,0.1809999999999999,-190.844,-190.742,-0.1020000000000038,0.216,0.2079999999999999
all_to_all_graph8_n16_d0p3,16,0.3,9,1000,-181.436,-180.486,-0.950000000000017,0.1449999999999999,0.114,-189.216,-188.926,-0.2900000000000204,0.1739999999999999,0.155
all_to_all_graph8_n16_d0p3,16,0.3,10,1000,-188.048,-187.36,-0.6879999999999881,0.1789999999999999,0.1719999999999999,-190.65,-190.696,0.0459999999999922,0.2089999999999999,0.2109999999999999
all_to_all_graph9_n16_d0p3,16,0.3,1,1000,-149.298,-148.422,-0.8760000000000047,0.343,0.3039999999999999,-150.61,-150.32,-0.2900000000000204,0.343,0.3049999999999999
all_to_all_graph9_n16_d0p3,16,0.3,2,1000,-146.928,-146.642,-0.2860000000000013,0.2069999999999999,0.2,-148.754,-148.356,-0.3979999999999961,0.221,0.214
all_to_all_graph9_n16_d0p3,16,0.3,3,1000,-147.652,-148.638,0.9860000000000184,0.19,0.2359999999999999,-148.58,-149.638,1.0579999999999927,0.19,0.2359999999999999
all_to_all_graph9_n16_d0p3,16,0.3,4,1000,-147.61,-146.636,-0.974000000000018,0.2389999999999999,0.248,-148.836,-148.626,-0.2100000000000079,0.2389999999999999,0.248
all_to_all_graph9_n16_d0p3,16,0.3,5,1000,-146.27,-145.154,-1.116000000000014,0.217,0.1769999999999999,-147.884,-147.686,-0.197999999999979,0.222,0.196
all_to_all_graph9_n16_d0p3,16,0.3,6,1000,-146.948,-145.786,-1.162000000000006,0.258,0.2379999999999999,-149.708,-149.086,-0.6219999999999856,0.261,0.248
all_to_all_graph9_n16_d0p3,16,0.3,7,1000,-148.16,-146.94,-1.2199999999999989,0.2059999999999999,0.214,-148.978,-147.796,-1.1820000000000164,0.2059999999999999,0.214
all_to_all_graph9_n16_d0p3,16,0.3,8,1000,-147.924,-148.108,0.1839999999999975,0.2359999999999999,0.219,-149.968,-150.286,0.318000000000012,0.254,0.2379999999999999
all_to_all_graph9_n16_d0p3,16,0.3,9,1000,-146.63,-146.042,-0.5879999999999937,0.223,0.2109999999999999,-149.07,-148.866,-0.2039999999999793,0.223,0.2109999999999999
all_to_all_graph9_n16_d0p3,16,0.3,10,1000,-146.326,-147.596,1.2700000000000102,0.274,0.2889999999999999,-149.196,-149.796,0.5999999999999943,0.2979999999999999,0.3029999999999999
all_to_all_graph10_n16_d0p3,16,0.3,1,1000,-199.502,-195.78,-3.722000000000008,0.2909999999999999,0.257,-203.652,-202.55,-1.1019999999999754,0.398,0.384
all_to_all_graph10_n16_d0p3,16,0.3,2,1000,-192.512,-191.596,-0.9159999999999968,0.161,0.1739999999999999,-202.37,-202.648,0.2779999999999915,0.3689999999999999,0.3679999999999999
all_to_all_graph10_n16_d0p3,16,0.3,3,1000,-194.642,-190.826,-3.8160000000000025,0.1429999999999999,0.121,-204.008,-202.638,-1.3700000000000043,0.4,0.37
all_to_all_graph10_n16_d0p3,16,0.3,4,1000,-196.596,-192.332,-4.26400000000001,0.258,0.1769999999999999,-202.304,-200.39,-1.914000000000016,0.4119999999999999,0.3529999999999999
all_to_all_graph10_n16_d0p3,16,0.3,5,1000,-194.99,-192.896,-2.0940000000000225,0.2129999999999999,0.186,-203.406,-202.49,-0.9159999999999968,0.3599999999999999,0.3679999999999999
all_to_all_graph10_n16_d0p3,16,0.3,6,1000,-193.714,-191.362,-2.352000000000004,0.128,0.084,-199.216,-199.912,0.695999999999998,0.3059999999999999,0.338
all_to_all_graph10_n16_d0p3,16,0.3,7,1000,-196.514,-192.8,-3.713999999999999,0.165,0.161,-202.496,-201.306,-1.1899999999999975,0.337,0.3599999999999999
all_to_all_graph10_n16_d0p3,16,0.3,8,1000,-199.066,-192.998,-6.068000000000012,0.264,0.1769999999999999,-206.07,-204.94,-1.1299999999999957,0.451,0.4139999999999999
all_to_all_graph10_n16_d0p3,16,0.3,9,1000,-199.028,-198.336,-0.6919999999999789,0.3009999999999999,0.315,-202.422,-202.76,0.3379999999999938,0.32,0.3499999999999999
all_to_all_graph10_n16_d0p3,16,0.3,10,1000,-200.968,-197.042,-3.925999999999988,0.3479999999999999,0.191,-205.258,-203.996,-1.2620000000000005,0.405,0.386
all_to_all_graph11_n16_d0p3,16,0.3,1,1000,-138.606,-138.542,-0.0639999999999929,0.084,0.078,-139.252,-139.27,0.0180000000000006,0.084,0.078
all_to_all_graph11_n16_d0p3,16,0.3,2,1000,-138.474,-138.384,-0.0900000000000034,0.035,0.0429999999999999,-139.576,-139.484,-0.0919999999999845,0.0769999999999999,0.0729999999999999
all_to_all_graph11_n16_d0p3,16,0.3,3,1000,-138.63,-138.578,-0.0519999999999924,0.062,0.0539999999999999,-138.948,-138.812,-0.1359999999999956,0.062,0.0539999999999999
all_to_all_graph11_n16_d0p3,16,0.3,4,1000,-137.138,-138.322,1.1839999999999975,0.048,0.0519999999999999,-138.664,-139.7,1.0360000000000014,0.08,0.084
all_to_all_graph11_n16_d0p3,16,0.3,5,1000,-138.088,-139.018,0.9300000000000068,0.017,0.0219999999999999,-141.298,-141.484,0.186000000000007,0.0889999999999999,0.0759999999999999
all_to_all_graph11_n16_d0p3,16,0.3,6,1000,-138.628,-139.062,0.4340000000000259,0.002,0.0219999999999999,-140.988,-141.818,0.8300000000000125,0.0759999999999999,0.0869999999999999
all_to_all_graph11_n16_d0p3,16,0.3,7,1000,-136.676,-137.442,0.7660000000000196,0.058,0.067,-139.016,-139.384,0.367999999999995,0.058,0.067
all_to_all_graph11_n16_d0p3,16,0.3,8,1000,-138.296,-137.834,-0.461999999999989,0.104,0.106,-139.914,-139.354,-0.5599999999999739,0.105,0.111
all_to_all_graph11_n16_d0p3,16,0.3,9,1000,-139.132,-139.294,0.1620000000000061,0.084,0.08,-140.392,-140.1,-0.2920000000000015,0.084,0.08
all_to_all_graph11_n16_d0p3,16,0.3,10,1000,-138.634,-138.406,-0.2279999999999802,0.0719999999999999,0.069,-139.284,-139.238,-0.0459999999999922,0.0719999999999999,0.069
all_to_all_graph12_n16_d0p3,16,0.3,1,1000,-151.224,-151.028,-0.1959999999999979,0.136,0.129,-151.764,-151.878,0.1139999999999759,0.193,0.201
all_to_all_graph12_n16_d0p3,16,0.3,2,1000,-149.768,-150.504,0.73599999999999,0.0769999999999999,0.079,-151.062,-151.668,0.6059999999999945,0.1749999999999999,0.1779999999999999
all_to_all_graph12_n16_d0p3,16,0.3,3,1000,-151.278,-150.79,-0.4879999999999995,0.097,0.0529999999999999,-151.784,-152.142,0.358000000000004,0.2129999999999999,0.203
all_to_all_graph12_n16_d0p3,16,0.3,4,1000,-150.888,-150.4,-0.4879999999999995,0.1489999999999999,0.116,-151.768,-151.952,0.1839999999999975,0.203,0.2129999999999999
all_to_all_graph12_n16_d0p3,16,0.3,5,1000,-149.89,-149.966,0.0760000000000218,0.0749999999999999,0.055,-150.764,-151.64,0.8759999999999764,0.1719999999999999,0.194
all_to_all_graph12_n16_d0p3,16,0.3,6,1000,-149.35,-147.464,-1.885999999999996,0.064,0.05,-150.06,-149.578,-0.4819999999999993,0.188,0.1799999999999999
all_to_all_graph12_n16_d0p3,16,0.3,7,1000,-150.374,-149.25,-1.1239999999999952,0.0749999999999999,0.069,-151.156,-150.898,-0.2580000000000097,0.159,0.167
all_to_all_graph12_n16_d0p3,16,0.3,8,1000,-151.672,-151.426,-0.2460000000000093,0.108,0.11,-152.094,-151.864,-0.2299999999999897,0.165,0.159
all_to_all_graph12_n16_d0p3,16,0.3,9,1000,-151.56,-149.534,-2.0260000000000105,0.0599999999999999,0.006,-152.46,-152.46,0.0,0.1759999999999999,0.2089999999999999
all_to_all_graph12_n16_d0p3,16,0.3,10,1000,-151.58,-151.764,0.1839999999999975,0.131,0.0919999999999999,-152.734,-153.322,0.5879999999999937,0.223,0.234
all_to_all_graph13_n16_d0p3,16,0.3,1,1000,-163.586,-163.014,-0.5720000000000027,0.2,0.165,-166.318,-165.606,-0.7120000000000175,0.432,0.4109999999999999
all_to_all_graph13_n16_d0p3,16,0.3,2,1000,-161.618,-162.334,0.7160000000000081,0.024,0.153,-164.36,-164.454,0.093999999999994,0.393,0.395
all_to_all_graph13_n16_d0p3,16,0.3,3,1000,-160.562,-160.192,-0.3700000000000045,0.0859999999999999,0.0,-163.03,-162.946,-0.0840000000000031,0.3609999999999999,0.399
all_to_all_graph13_n16_d0p3,16,0.3,4,1000,-162.066,-161.89,-0.1760000000000161,0.007,0.0769999999999999,-165.316,-164.788,-0.5279999999999915,0.433,0.4119999999999999
all_to_all_graph13_n16_d0p3,16,0.3,5,1000,-162.872,-160.838,-2.03400000000002,0.0,0.0,-165.694,-164.686,-1.0079999999999814,0.4169999999999999,0.4089999999999999
all_to_all_graph13_n16_d0p3,16,0.3,6,1000,-161.38,-160.876,-0.5039999999999906,0.0,0.023,-164.624,-164.184,-0.4399999999999977,0.394,0.391
all_to_all_graph13_n16_d0p3,16,0.3,7,1000,-163.274,-162.496,-0.7779999999999915,0.256,0.2059999999999999,-166.34,-166.124,-0.2160000000000081,0.4699999999999999,0.468
all_to_all_graph13_n16_d0p3,16,0.3,8,1000,-162.836,-162.71,-0.1260000000000047,0.097,0.133,-165.928,-165.424,-0.5039999999999906,0.4309999999999999,0.4709999999999999
all_to_all_graph13_n16_d0p3,16,0.3,9,1000,-161.294,-161.546,0.2519999999999811,0.0,0.0,-165.206,-165.392,0.186000000000007,0.4709999999999999,0.4299999999999999
all_to_all_graph13_n16_d0p3,16,0.3,10,1000,-160.926,-160.3,-0.6259999999999764,0.0,0.0,-163.642,-162.868,-0.7740000000000009,0.37,0.339
all_to_all_graph14_n16_d0p3,16,0.3,1,1000,-171.528,-171.174,-0.3539999999999849,0.1439999999999999,0.1409999999999999,-175.134,-174.912,-0.2219999999999799,0.233,0.25
all_to_all_graph14_n16_d0p3,16,0.3,2,1000,-173.034,-172.742,-0.2920000000000015,0.2379999999999999,0.226,-175.898,-174.754,-1.1440000000000057,0.341,0.273
all_to_all_graph14_n16_d0p3,16,0.3,3,1000,-172.918,-171.37,-1.5480000000000018,0.184,0.158,-175.84,-175.656,-0.1839999999999975,0.315,0.335
all_to_all_graph14_n16_d0p3,16,0.3,4,1000,-170.826,-170.296,-0.5300000000000011,0.153,0.1789999999999999,-173.878,-174.162,0.2840000000000202,0.227,0.253
all_to_all_graph14_n16_d0p3,16,0.3,5,1000,-172.25,-170.394,-1.8559999999999943,0.1019999999999999,0.067,-174.424,-174.34,-0.0840000000000031,0.225,0.197
all_to_all_graph14_n16_d0p3,16,0.3,6,1000,-174.03,-172.076,-1.954000000000008,0.216,0.195,-176.372,-176.118,-0.2540000000000191,0.31,0.265
all_to_all_graph14_n16_d0p3,16,0.3,7,1000,-171.528,-168.04,-3.4879999999999995,0.014,0.0,-175.886,-174.554,-1.3319999999999936,0.308,0.2899999999999999
all_to_all_graph14_n16_d0p3,16,0.3,8,1000,-170.9,-170.404,-0.4960000000000093,0.168,0.162,-174.11,-173.824,-0.2860000000000013,0.259,0.2399999999999999
all_to_all_graph14_n16_d0p3,16,0.3,9,1000,-172.118,-170.424,-1.6939999999999884,0.113,0.084,-174.226,-173.322,-0.9039999999999964,0.2409999999999999,0.22
all_to_all_graph14_n16_d0p3,16,0.3,10,1000,-171.54,-167.264,-4.275999999999982,0.223,0.0519999999999999,-175.21,-175.32,0.1099999999999852,0.2849999999999999,0.312
all_to_all_graph15_n16_d0p3,16,0.3,1,1000,-166.888,-166.074,-0.813999999999993,0.379,0.3569999999999999,-170.936,-169.63,-1.3060000000000116,0.383,0.3589999999999999
all_to_all_graph15_n16_d0p3,16,0.3,2,1000,-162.408,-164.29,1.882000000000005,0.2359999999999999,0.3469999999999999,-168.27,-168.388,0.117999999999995,0.3549999999999999,0.3669999999999999
all_to_all_graph15_n16_d0p3,16,0.3,3,1000,-172.984,-171.238,-1.746000000000009,0.46,0.403,-174.686,-172.936,-1.75,0.463,0.404
all_to_all_graph15_n16_d0p3,16,0.3,4,1000,-171.218,-169.22,-1.9979999999999905,0.449,0.4309999999999999,-173.476,-172.116,-1.3599999999999852,0.452,0.4309999999999999
all_to_all_graph15_n16_d0p3,16,0.3,5,1000,-166.146,-166.462,0.3160000000000025,0.373,0.385,-168.8,-169.73,0.9299999999999784,0.373,0.394
all_to_all_graph15_n16_d0p3,16,0.3,6,1000,-168.804,-168.874,0.0699999999999931,0.3489999999999999,0.332,-170.528,-170.832,0.304000000000002,0.3529999999999999,0.333
all_to_all_graph15_n16_d0p3,16,0.3,7,1000,-169.08,-168.216,-0.8640000000000043,0.4149999999999999,0.402,-172.37,-172.83,0.4600000000000079,0.4169999999999999,0.4079999999999999
all_to_all_graph15_n16_d0p3,16,0.3,8,1000,-167.186,-167.076,-0.1100000000000136,0.393,0.4219999999999999,-171.69,-172.098,0.4080000000000154,0.393,0.4239999999999999
all_to_all_graph15_n16_d0p3,16,0.3,9,1000,-166.316,-165.572,-0.7439999999999997,0.37,0.3539999999999999,-171.4,-171.276,-0.1239999999999952,0.381,0.374
all_to_all_graph15_n16_d0p3,16,0.3,10,1000,-168.598,-168.996,0.3979999999999961,0.383,0.4079999999999999,-172.38,-172.164,-0.2160000000000081,0.385,0.4109999999999999
all_to_all_graph16_n16_d0p3,16,0.3,1,1000,-189.516,-185.496,-4.019999999999982,0.681,0.649,-194.3,-195.048,0.7479999999999905,0.7299999999999999,0.7399999999999999
all_to_all_graph16_n16_d0p3,16,0.3,2,1000,-190.168,-192.002,1.8340000000000032,0.7349999999999999,0.749,-195.232,-197.192,1.960000000000008,0.785,0.804
all_to_all_graph16_n16_d0p3,16,0.3,3,1000,-195.164,-195.952,0.7880000000000109,0.561,0.6999999999999998,-198.604,-197.956,-0.6480000000000244,0.82,0.816
all_to_all_graph16_n16_d0p3,16,0.3,4,1000,-193.69,-194.952,1.2620000000000005,0.786,0.806,-199.2,-200.404,1.2040000000000075,0.8459999999999999,0.87
all_to_all_graph16_n16_d0p3,16,0.3,5,1000,-197.252,-192.26,-4.992000000000019,0.815,0.779,-200.184,-200.52,0.3360000000000127,0.8519999999999999,0.882
all_to_all_graph16_n16_d0p3,16,0.3,6,1000,-192.108,-186.57,-5.53800000000001,0.7109999999999999,0.657,-196.6,-193.948,-2.651999999999987,0.773,0.7309999999999999
all_to_all_graph16_n16_d0p3,16,0.3,7,1000,-192.432,-193.482,1.0500000000000114,0.758,0.768,-195.284,-196.272,0.9879999999999995,0.784,0.79
all_to_all_graph16_n16_d0p3,16,0.3,8,1000,-193.286,-191.578,-1.7079999999999984,0.768,0.751,-196.704,-194.776,-1.9279999999999973,0.799,0.782
all_to_all_graph16_n16_d0p3,16,0.3,9,1000,-189.26,-187.104,-2.155999999999977,0.6999999999999998,0.675,-194.584,-192.448,-2.135999999999996,0.753,0.7269999999999999
all_to_all_graph16_n16_d0p3,16,0.3,10,1000,-190.724,-186.93,-3.793999999999983,0.563,0.6159999999999999,-198.508,-196.344,-2.164000000000016,0.813,0.779
all_to_all_graph17_n16_d0p3,16,0.3,1,1000,-146.562,-148.654,2.0919999999999845,0.099,0.11,-146.994,-149.534,2.539999999999992,0.099,0.11
all_to_all_graph17_n16_d0p3,16,0.3,2,1000,-148.186,-146.806,-1.3799999999999957,0.099,0.106,-148.67,-147.17,-1.5,0.099,0.106
all_to_all_graph17_n16_d0p3,16,0.3,3,1000,-145.208,-144.834,-0.3739999999999952,0.108,0.101,-147.194,-146.854,-0.3399999999999749,0.108,0.101
all_to_all_graph17_n16_d0p3,16,0.3,4,1000,-143.678,-144.554,0.8760000000000047,0.0769999999999999,0.0929999999999999,-145.05,-146.076,1.025999999999982,0.0769999999999999,0.0929999999999999
all_to_all_graph17_n16_d0p3,16,0.3,5,1000,-148.678,-148.226,-0.4519999999999981,0.116,0.1179999999999999,-149.63,-148.746,-0.8839999999999861,0.1179999999999999,0.1179999999999999
all_to_all_graph17_n16_d0p3,16,0.3,6,1000,-145.786,-144.45,-1.3360000000000127,0.111,0.0919999999999999,-146.334,-145.644,-0.6899999999999977,0.111,0.0919999999999999
all_to_all_graph17_n16_d0p3,16,0.3,7,1000,-144.898,-144.754,-0.1440000000000054,0.097,0.101,-147.11,-147.428,0.3179999999999836,0.097,0.101
all_to_all_graph17_n16_d0p3,16,0.3,8,1000,-145.628,-145.352,-0.275999999999982,0.097,0.1,-146.074,-145.88,-0.1940000000000168,0.097,0.1
all_to_all_graph17_n16_d0p3,16,0.3,9,1000,-149.242,-148.586,-0.6559999999999774,0.12,0.132,-150.38,-150.288,-0.0919999999999845,0.12,0.132
all_to_all_graph17_n16_d0p3,16,0.3,10,1000,-144.76,-144.452,-0.3079999999999927,0.1189999999999999,0.116,-145.572,-145.878,0.3059999999999831,0.1189999999999999,0.116
all_to_all_graph18_n16_d0p3,16,0.3,1,1000,-151.286,-150.18,-1.1059999999999943,0.1729999999999999,0.156,-152.218,-151.8,-0.4179999999999779,0.1729999999999999,0.157
all_to_all_graph18_n16_d0p3,16,0.3,2,1000,-152.094,-153.23,1.1359999999999957,0.197,0.222,-154.576,-155.908,1.3319999999999936,0.202,0.227
all_to_all_graph18_n16_d0p3,16,0.3,3,1000,-151.048,-149.862,-1.186000000000007,0.191,0.182,-152.908,-152.436,-0.4719999999999799,0.191,0.186
all_to_all_graph18_n16_d0p3,16,0.3,4,1000,-150.79,-150.916,0.1260000000000047,0.191,0.199,-152.828,-152.956,0.1279999999999859,0.191,0.202
all_to_all_graph18_n16_d0p3,16,0.3,5,1000,-150.278,-148.674,-1.603999999999985,0.1789999999999999,0.096,-153.402,-152.922,-0.4799999999999897,0.192,0.185
all_to_all_graph18_n16_d0p3,16,0.3,6,1000,-151.804,-151.982,0.1779999999999972,0.2049999999999999,0.187,-154.95,-154.838,-0.1119999999999947,0.218,0.199
all_to_all_graph18_n16_d0p3,16,0.3,7,1000,-151.638,-152.58,0.9420000000000072,0.156,0.19,-153.128,-153.588,0.4600000000000079,0.194,0.192
all_to_all_graph18_n16_d0p3,16,0.3,8,1000,-151.1,-150.612,-0.4879999999999995,0.1799999999999999,0.1769999999999999,-152.72,-151.822,-0.8979999999999961,0.1799999999999999,0.1769999999999999
all_to_all_graph18_n16_d0p3,16,0.3,9,1000,-149.762,-149.8,0.0380000000000109,0.1759999999999999,0.182,-153.366,-153.09,-0.2760000000000104,0.1759999999999999,0.182
all_to_all_graph18_n16_d0p3,16,0.3,10,1000,-151.352,-151.314,-0.0380000000000109,0.1769999999999999,0.101,-154.158,-155.24,1.082000000000022,0.187,0.2099999999999999
all_to_all_graph19_n16_d0p3,16,0.3,1,1000,-192.598,-190.672,-1.926000000000016,0.2389999999999999,0.227,-197.718,-196.346,-1.3719999999999857,0.317,0.312
all_to_all_graph19_n16_d0p3,16,0.3,2,1000,-192.662,-194.864,2.201999999999998,0.232,0.2959999999999999,-196.33,-196.988,0.657999999999987,0.312,0.325
all_to_all_graph19_n16_d0p3,16,0.3,3,1000,-190.966,-187.712,-3.254000000000019,0.259,0.23,-194.7,-192.896,-1.804000000000002,0.317,0.2939999999999999
all_to_all_graph19_n16_d0p3,16,0.3,4,1000,-193.59,-192.636,-0.9540000000000076,0.323,0.339,-196.28,-195.82,-0.4600000000000079,0.381,0.372
all_to_all_graph19_n16_d0p3,16,0.3,5,1000,-198.406,-194.798,-3.608000000000004,0.38,0.3459999999999999,-199.218,-196.812,-2.405999999999977,0.38,0.3489999999999999
all_to_all_graph19_n16_d0p3,16,0.3,6,1000,-193.994,-192.858,-1.1359999999999957,0.269,0.268,-198.398,-197.64,-0.7580000000000097,0.3489999999999999,0.338
all_to_all_graph19_n16_d0p3,16,0.3,7,1000,-191.758,-191.384,-0.3740000000000236,0.333,0.334,-194.804,-194.388,-0.4159999999999968,0.339,0.334
all_to_all_graph19_n16_d0p3,16,0.3,8,1000,-195.676,-191.84,-3.835999999999984,0.254,0.262,-199.498,-197.508,-1.989999999999981,0.3439999999999999,0.343
all_to_all_graph19_n16_d0p3,16,0.3,9,1000,-190.786,-191.618,0.8319999999999936,0.226,0.233,-194.19,-194.888,0.6980000000000075,0.2979999999999999,0.3019999999999999
all_to_all_graph19_n16_d0p3,16,0.3,10,1000,-191.236,-189.86,-1.3759999999999764,0.231,0.262,-194.062,-194.432,0.3699999999999761,0.322,0.324
all_to_all_graph0_n16_d0p5,16,0.5,1,1000,-217.612,-215.296,-2.3160000000000025,0.535,0.502,-218.566,-217.66,-0.906000000000006,0.542,0.53
all_to_all_graph0_n16_d0p5,16,0.5,2,1000,-213.216,-215.884,2.6679999999999775,0.4889999999999999,0.515,-218.456,-221.224,2.7680000000000007,0.6059999999999999,0.634
all_to_all_graph0_n16_d0p5,16,0.5,3,1000,-215.708,-215.678,-0.0300000000000011,0.434,0.4299999999999999,-217.706,-219.064,1.358000000000004,0.5839999999999999,0.5969999999999999
all_to_all_graph0_n16_d0p5,16,0.5,4,1000,-215.322,-212.922,-2.4000000000000057,0.5759999999999998,0.519,-218.184,-216.904,-1.2800000000000011,0.6189999999999999,0.5779999999999998
all_to_all_graph0_n16_d0p5,16,0.5,5,1000,-210.272,-208.334,-1.937999999999988,0.4169999999999999,0.379,-217.962,-218.778,0.8160000000000025,0.524,0.548
all_to_all_graph0_n16_d0p5,16,0.5,6,1000,-215.662,-216.204,0.5420000000000015,0.505,0.532,-221.932,-221.39,-0.5420000000000015,0.638,0.6049999999999999
all_to_all_graph0_n16_d0p5,16,0.5,7,1000,-216.664,-215.608,-1.0559999999999832,0.5839999999999999,0.567,-219.814,-218.582,-1.231999999999999,0.642,0.6149999999999999
all_to_all_graph0_n16_d0p5,16,0.5,8,1000,-213.414,-210.318,-3.095999999999975,0.5759999999999998,0.542,-217.962,-218.102,0.1400000000000147,0.7299999999999999,0.7299999999999999
all_to_all_graph0_n16_d0p5,16,0.5,9,1000,-213.186,-210.066,-3.1200000000000045,0.622,0.558,-217.63,-217.1,-0.5300000000000011,0.688,0.692
all_to_all_graph0_n16_d0p5,16,0.5,10,1000,-217.862,-216.412,-1.4499999999999886,0.563,0.566,-219.784,-217.322,-2.4619999999999886,0.623,0.574
all_to_all_graph1_n16_d0p5,16,0.5,1,1000,-219.658,-219.312,-0.3459999999999752,0.1029999999999999,0.111,-224.374,-225.766,1.391999999999996,0.2399999999999999,0.3689999999999999
all_to_all_graph1_n16_d0p5,16,0.5,2,1000,-219.158,-217.19,-1.967999999999989,0.1189999999999999,0.115,-224.12,-224.864,0.7439999999999997,0.2909999999999999,0.3519999999999999
all_to_all_graph1_n16_d0p5,16,0.5,3,1000,-220.996,-217.584,-3.412000000000006,0.274,0.248,-223.38,-221.466,-1.9139999999999875,0.275,0.253
all_to_all_graph1_n16_d0p5,16,0.5,4,1000,-223.232,-220.924,-2.3079999999999927,0.257,0.11,-224.862,-225.884,1.0219999999999914,0.3559999999999999,0.3629999999999999
all_to_all_graph1_n16_d0p5,16,0.5,5,1000,-221.928,-220.858,-1.0699999999999932,0.3029999999999999,0.2349999999999999,-226.14,-226.968,0.8280000000000028,0.3449999999999999,0.33
all_to_all_graph1_n16_d0p5,16,0.5,6,1000,-220.014,-218.97,-1.0440000000000111,0.127,0.0919999999999999,-223.89,-224.58,0.6900000000000261,0.1739999999999999,0.318
all_to_all_graph1_n16_d0p5,16,0.5,7,1000,-220.638,-218.608,-2.0300000000000007,0.081,0.097,-225.112,-225.786,0.6740000000000065,0.227,0.26
all_to_all_graph1_n16_d0p5,16,0.5,8,1000,-222.83,-217.59,-5.240000000000009,0.3519999999999999,0.104,-225.434,-224.128,-1.3060000000000116,0.397,0.373
all_to_all_graph1_n16_d0p5,16,0.5,9,1000,-217.232,-215.224,-2.0080000000000098,0.308,0.079,-224.822,-223.892,-0.9300000000000068,0.3679999999999999,0.339
all_to_all_graph1_n16_d0p5,16,0.5,10,1000,-220.738,-218.732,-2.006,0.2999999999999999,0.2939999999999999,-224.62,-224.41,-0.2100000000000079,0.329,0.3539999999999999
all_to_all_graph2_n16_d0p5,16,0.5,1,1000,-215.612,-210.944,-4.668000000000006,0.2,0.125,-217.648,-215.138,-2.509999999999991,0.216,0.156
all_to_all_graph2_n16_d0p5,16,0.5,2,1000,-217.284,-214.128,-3.1560000000000055,0.162,0.115,-218.616,-215.78,-2.8360000000000127,0.162,0.1449999999999999
all_to_all_graph2_n16_d0p5,16,0.5,3,1000,-213.754,-212.826,-0.9279999999999972,0.097,0.084,-216.742,-216.544,-0.197999999999979,0.115,0.127
all_to_all_graph2_n16_d0p5,16,0.5,4,1000,-210.724,-205.19,-5.533999999999992,0.0379999999999999,0.107,-217.986,-219.64,1.6539999999999964,0.1759999999999999,0.2929999999999999
all_to_all_graph2_n16_d0p5,16,0.5,5,1000,-216.024,-214.606,-1.4180000000000064,0.188,0.171,-217.668,-217.834,0.1659999999999968,0.203,0.183
all_to_all_graph2_n16_d0p5,16,0.5,6,1000,-215.486,-211.89,-3.596000000000004,0.2079999999999999,0.126,-219.488,-220.888,1.4000000000000057,0.326,0.322
all_to_all_graph2_n16_d0p5,16,0.5,7,1000,-214.708,-212.308,-2.4000000000000057,0.098,0.096,-220.434,-219.746,-0.6879999999999881,0.387,0.375
all_to_all_graph2_n16_d0p5,16,0.5,8,1000,-210.744,-211.13,0.3859999999999956,0.058,0.069,-215.46,-215.312,-0.1479999999999961,0.101,0.0749999999999999
all_to_all_graph2_n16_d0p5,16,0.5,9,1000,-214.322,-212.868,-1.4540000000000075,0.152,0.085,-217.162,-217.454,0.2920000000000015,0.196,0.202
all_to_all_graph2_n16_d0p5,16,0.5,10,1000,-211.048,-210.884,-0.1640000000000156,0.116,0.1019999999999999,-217.194,-217.038,-0.1559999999999774,0.13,0.105
all_to_all_graph3_n16_d0p5,16,0.5,1,1000,-265.044,-264.57,-0.4739999999999895,0.233,0.228,-269.686,-269.636,-0.0499999999999545,0.388,0.385
all_to_all_graph3_n16_d0p5,16,0.5,2,1000,-263.836,-261.768,-2.0680000000000405,0.4149999999999999,0.386,-268.55,-268.782,0.2319999999999709,0.4729999999999999,0.496
all_to_all_graph3_n16_d0p5,16,0.5,3,1000,-263.226,-256.568,-6.658000000000016,0.39,0.223,-270.24,-268.962,-1.27800000000002,0.518,0.518
all_to_all_graph3_n16_d0p5,16,0.5,4,1000,-263.06,-260.038,-3.021999999999992,0.3439999999999999,0.171,-269.128,-269.136,0.0080000000000381,0.468,0.467
all_to_all_graph3_n16_d0p5,16,0.5,5,1000,-271.048,-269.786,-1.2620000000000005,0.496,0.4849999999999999,-271.766,-271.802,0.0360000000000013,0.511,0.513
all_to_all_graph3_n16_d0p5,16,0.5,6,1000,-263.75,-262.352,-1.3980000000000246,0.2999999999999999,0.261,-268.582,-268.682,0.1000000000000227,0.439,0.4169999999999999
all_to_all_graph3_n16_d0p5,16,0.5,7,1000,-265.168,-261.746,-3.422000000000025,0.0429999999999999,0.002,-270.646,-269.668,-0.9780000000000086,0.512,0.506
all_to_all_graph3_n16_d0p5,16,0.5,8,1000,-266.154,-264.018,-2.136000000000024,0.3589999999999999,0.33,-270.096,-268.036,-2.0600000000000023,0.443,0.4169999999999999
all_to_all_graph3_n16_d0p5,16,0.5,9,1000,-268.422,-261.126,-7.29600000000005,0.203,0.095,-271.524,-269.22,-2.3039999999999736,0.455,0.4709999999999999
all_to_all_graph3_n16_d0p5,16,0.5,10,1000,-269.986,-268.516,-1.4699999999999704,0.2,0.191,-272.32,-271.848,-0.4719999999999799,0.534,0.545
all_to_all_graph4_n16_d0p5,16,0.5,1,1000,-240.49,-235.8,-4.689999999999998,0.263,0.2049999999999999,-247.296,-245.726,-1.5699999999999932,0.518,0.5
all_to_all_graph4_n16_d0p5,16,0.5,2,1000,-243.128,-237.142,-5.98599999999999,0.2409999999999999,0.2439999999999999,-248.798,-246.696,-2.102000000000004,0.538,0.527
all_to_all_graph4_n16_d0p5,16,0.5,3,1000,-242.356,-238.234,-4.121999999999986,0.4289999999999999,0.398,-243.224,-242.21,-1.0139999999999816,0.4289999999999999,0.4199999999999999
all_to_all_graph4_n16_d0p5,16,0.5,4,1000,-242.914,-239.412,-3.5019999999999807,0.445,0.3509999999999999,-245.48,-244.03,-1.4499999999999886,0.4779999999999999,0.4739999999999999
all_to_all_graph4_n16_d0p5,16,0.5,5,1000,-237.944,-234.59,-3.353999999999985,0.107,0.2399999999999999,-245.774,-243.496,-2.277999999999992,0.455,0.4289999999999999
all_to_all_graph4_n16_d0p5,16,0.5,6,1000,-241.634,-236.478,-5.1559999999999775,0.435,0.3659999999999999,-243.958,-242.78,-1.1779999999999973,0.442,0.4719999999999999
all_to_all_graph4_n16_d0p5,16,0.5,7,1000,-238.136,-232.794,-5.3419999999999845,0.281,0.226,-242.964,-243.536,0.5720000000000027,0.3499999999999999,0.459
all_to_all_graph4_n16_d0p5,16,0.5,8,1000,-241.786,-236.242,-5.544000000000011,0.259,0.2429999999999999,-247.888,-245.608,-2.2800000000000007,0.538,0.502
all_to_all_graph4_n16_d0p5,16,0.5,9,1000,-243.222,-238.844,-4.378000000000014,0.264,0.276,-247.16,-244.916,-2.244,0.521,0.505
all_to_all_graph4_n16_d0p5,16,0.5,10,1000,-247.494,-241.752,-5.74199999999999,0.4779999999999999,0.3559999999999999,-249.196,-245.05,-4.145999999999987,0.4779999999999999,0.4799999999999999
all_to_all_graph5_n16_d0p5,16,0.5,1,1000,-238.818,-237.832,-0.9860000000000184,0.113,0.111,-244.698,-244.942,0.2439999999999997,0.1799999999999999,0.188
all_to_all_graph5_n16_d0p5,16,0.5,2,1000,-240.912,-236.32,-4.592000000000013,0.16,0.125,-243.946,-243.454,-0.4919999999999902,0.1779999999999999,0.164
all_to_all_graph5_n16_d0p5,16,0.5,3,1000,-243.304,-238.524,-4.780000000000001,0.1809999999999999,0.164,-245.64,-246.352,0.7120000000000175,0.2079999999999999,0.2109999999999999
all_to_all_graph5_n16_d0p5,16,0.5,4,1000,-239.29,-232.964,-6.325999999999993,0.126,0.113,-242.996,-243.646,0.6499999999999772,0.1739999999999999,0.186
all_to_all_graph5_n16_d0p5,16,0.5,5,1000,-241.436,-239.79,-1.646000000000015,0.1749999999999999,0.183,-244.694,-245.004,0.3100000000000022,0.195,0.2049999999999999
all_to_all_graph5_n16_d0p5,16,0.5,6,1000,-241.508,-237.79,-3.7180000000000177,0.2059999999999999,0.1809999999999999,-247.616,-246.794,-0.8220000000000027,0.263,0.259
all_to_all_graph5_n16_d0p5,16,0.5,7,1000,-238.19,-237.11,-1.079999999999984,0.1489999999999999,0.169,-245.24,-244.178,-1.0620000000000118,0.23,0.225
all_to_all_graph5_n16_d0p5,16,0.5,8,1000,-240.706,-239.118,-1.587999999999994,0.162,0.164,-245.042,-244.914,-0.1280000000000143,0.2059999999999999,0.192
all_to_all_graph5_n16_d0p5,16,0.5,9,1000,-244.864,-242.034,-2.8300000000000125,0.225,0.195,-246.796,-247.732,0.936000000000007,0.232,0.256
all_to_all_graph5_n16_d0p5,16,0.5,10,1000,-243.862,-240.922,-2.9399999999999977,0.22,0.2439999999999999,-247.522,-247.92,0.3979999999999961,0.2379999999999999,0.264
all_to_all_graph6_n16_d0p5,16,0.5,1,1000,-316.652,-315.108,-1.5439999999999827,0.2409999999999999,0.258,-318.528,-320.406,1.8779999999999857,0.247,0.265
all_to_all_graph6_n16_d0p5,16,0.5,2,1000,-311.016,-307.576,-3.4399999999999977,0.3009999999999999,0.2859999999999999,-314.896,-314.656,-0.240000000000009,0.3029999999999999,0.2859999999999999
all_to_all_graph6_n16_d0p5,16,0.5,3,1000,-313.456,-308.63,-4.826000000000022,0.195,0.217,-316.142,-315.072,-1.0699999999999932,0.195,0.217
all_to_all_graph6_n16_d0p5,16,0.5,4,1000,-314.994,-308.428,-6.566000000000031,0.247,0.258,-315.616,-314.058,-1.5579999999999927,0.247,0.26
all_to_all_graph6_n16_d0p5,16,0.5,5,1000,-310.208,-308.178,-2.0300000000000296,0.182,0.2049999999999999,-316.302,-315.66,-0.6419999999999959,0.184,0.2049999999999999
all_to_all_graph6_n16_d0p5,16,0.5,6,1000,-309.636,-308.47,-1.1659999999999968,0.198,0.2119999999999999,-314.734,-315.254,0.5200000000000387,0.198,0.2119999999999999
all_to_all_graph6_n16_d0p5,16,0.5,7,1000,-313.484,-308.746,-4.738,0.274,0.2379999999999999,-314.736,-311.318,-3.4180000000000064,0.276,0.2429999999999999
all_to_all_graph6_n16_d0p5,16,0.5,8,1000,-311.044,-308.584,-2.4599999999999795,0.276,0.271,-314.326,-312.58,-1.7460000000000375,0.276,0.271
all_to_all_graph6_n16_d0p5,16,0.5,9,1000,-311.212,-306.63,-4.581999999999994,0.11,0.079,-312.024,-311.154,-0.8700000000000045,0.115,0.105
all_to_all_graph6_n16_d0p5,16,0.5,10,1000,-313.782,-310.134,-3.647999999999968,0.378,0.332,-315.452,-314.014,-1.4379999999999882,0.378,0.332
all_to_all_graph7_n16_d0p5,16,0.5,1,1000,-224.66,-222.458,-2.201999999999998,0.1439999999999999,0.1019999999999999,-227.24,-225.908,-1.332000000000022,0.1479999999999999,0.1019999999999999
all_to_all_graph7_n16_d0p5,16,0.5,2,1000,-227.058,-219.222,-7.835999999999984,0.266,0.233,-230.562,-228.17,-2.3920000000000243,0.272,0.233
all_to_all_graph7_n16_d0p5,16,0.5,3,1000,-220.698,-217.728,-2.969999999999999,0.189,0.185,-227.994,-227.28,-0.7139999999999986,0.19,0.189
all_to_all_graph7_n16_d0p5,16,0.5,4,1000,-222.316,-217.4,-4.915999999999997,0.1189999999999999,0.1019999999999999,-228.522,-225.378,-3.144000000000005,0.121,0.11
all_to_all_graph7_n16_d0p5,16,0.5,5,1000,-219.992,-216.612,-3.3799999999999955,0.159,0.166,-229.114,-226.97,-2.144000000000005,0.16,0.166
all_to_all_graph7_n16_d0p5,16,0.5,6,1000,-223.766,-218.432,-5.334000000000003,0.1799999999999999,0.069,-227.254,-227.826,0.5720000000000027,0.184,0.2049999999999999
all_to_all_graph7_n16_d0p5,16,0.5,7,1000,-226.31,-220.566,-5.744,0.157,0.134,-229.522,-228.004,-1.518000000000001,0.158,0.134
all_to_all_graph7_n16_d0p5,16,0.5,8,1000,-224.832,-219.386,-5.445999999999998,0.185,0.155,-229.25,-227.236,-2.01400000000001,0.2129999999999999,0.191
all_to_all_graph7_n16_d0p5,16,0.5,9,1000,-222.298,-217.094,-5.204000000000008,0.158,0.1459999999999999,-229.486,-227.076,-2.4099999999999966,0.188,0.1729999999999999
all_to_all_graph7_n16_d0p5,16,0.5,10,1000,-226.624,-222.982,-3.641999999999996,0.107,0.094,-230.206,-228.408,-1.7980000000000018,0.116,0.112
all_to_all_graph8_n16_d0p5,16,0.5,1,1000,-204.064,-203.946,-0.117999999999995,0.222,0.233,-207.618,-208.4,0.7820000000000106,0.279,0.2919999999999999
all_to_all_graph8_n16_d0p5,16,0.5,2,1000,-208.88,-206.49,-2.3899999999999864,0.2869999999999999,0.255,-210.292,-209.786,-0.5060000000000002,0.32,0.3009999999999999
all_to_all_graph8_n16_d0p5,16,0.5,3,1000,-203.586,-204.772,1.1859999999999786,0.2419999999999999,0.224,-208.066,-209.424,1.358000000000004,0.2919999999999999,0.3029999999999999
all_to_all_graph8_n16_d0p5,16,0.5,4,1000,-203.202,-200.526,-2.675999999999988,0.215,0.2,-206.154,-206.316,0.1620000000000061,0.247,0.268
all_to_all_graph8_n16_d0p5,16,0.5,5,1000,-208.23,-207.258,-0.97199999999998,0.279,0.2909999999999999,-209.042,-210.088,1.0459999999999925,0.2819999999999999,0.309
all_to_all_graph8_n16_d0p5,16,0.5,6,1000,-208.108,-205.934,-2.1740000000000066,0.2859999999999999,0.1779999999999999,-208.95,-208.322,-0.6279999999999859,0.2909999999999999,0.2849999999999999
all_to_all_graph8_n16_d0p5,16,0.5,7,1000,-205.024,-203.528,-1.496000000000009,0.257,0.23,-208.402,-208.316,-0.0859999999999843,0.2979999999999999,0.275
all_to_all_graph8_n16_d0p5,16,0.5,8,1000,-203.88,-202.222,-1.657999999999987,0.267,0.2399999999999999,-207.492,-207.174,-0.3179999999999836,0.321,0.308
all_to_all_graph8_n16_d0p5,16,0.5,9,1000,-204.58,-203.628,-0.9520000000000266,0.2379999999999999,0.155,-207.35,-208.268,0.9180000000000064,0.27,0.2829999999999999
all_to_all_graph8_n16_d0p5,16,0.5,10,1000,-204.542,-202.49,-2.0519999999999925,0.1739999999999999,0.132,-208.266,-207.604,-0.6619999999999777,0.264,0.2439999999999999
all_to_all_graph9_n16_d0p5,16,0.5,1,1000,-292.874,-284.384,-8.490000000000009,0.454,0.4129999999999999,-294.516,-294.22,-0.2959999999999922,0.454,0.4279999999999999
all_to_all_graph9_n16_d0p5,16,0.5,2,1000,-282.778,-281.776,-1.0020000000000095,0.391,0.377,-295.232,-296.092,0.8599999999999568,0.4139999999999999,0.402
all_to_all_graph9_n16_d0p5,16,0.5,3,1000,-289.68,-286.88,-2.800000000000012,0.2839999999999999,0.264,-294.17,-295.162,0.9919999999999618,0.383,0.391
all_to_all_graph9_n16_d0p5,16,0.5,4,1000,-283.128,-282.244,-0.8839999999999577,0.3599999999999999,0.374,-289.926,-292.788,2.862000000000023,0.3609999999999999,0.398
all_to_all_graph9_n16_d0p5,16,0.5,5,1000,-283.698,-281.488,-2.2099999999999795,0.3579999999999999,0.324,-292.956,-291.28,-1.6760000000000446,0.37,0.336
all_to_all_graph9_n16_d0p5,16,0.5,6,1000,-288.736,-284.632,-4.103999999999985,0.3629999999999999,0.383,-296.022,-295.168,-0.8539999999999849,0.433,0.4079999999999999
all_to_all_graph9_n16_d0p5,16,0.5,7,1000,-287.658,-285.312,-2.346000000000004,0.3609999999999999,0.319,-291.868,-291.342,-0.5260000000000103,0.388,0.3549999999999999
all_to_all_graph9_n16_d0p5,16,0.5,8,1000,-284.318,-281.618,-2.6999999999999886,0.378,0.3439999999999999,-293.306,-294.46,1.1539999999999964,0.397,0.398
all_to_all_graph9_n16_d0p5,16,0.5,9,1000,-282.126,-277.718,-4.4079999999999595,0.228,0.2439999999999999,-290.91,-292.12,1.2099999999999795,0.399,0.4199999999999999
all_to_all_graph9_n16_d0p5,16,0.5,10,1000,-290.35,-283.254,-7.096000000000004,0.395,0.3589999999999999,-296.586,-294.954,-1.632000000000005,0.4209999999999999,0.4089999999999999
all_to_all_graph10_n16_d0p5,16,0.5,1,1000,-227.196,-226.492,-0.7040000000000077,0.403,0.3579999999999999,-235.794,-233.418,-2.3760000000000048,0.4759999999999999,0.467
all_to_all_graph10_n16_d0p5,16,0.5,2,1000,-230.708,-226.31,-4.397999999999996,0.433,0.382,-233.926,-232.388,-1.5379999999999825,0.444,0.4299999999999999
all_to_all_graph10_n16_d0p5,16,0.5,3,1000,-227.356,-229.004,1.647999999999996,0.4119999999999999,0.4179999999999999,-235.704,-233.638,-2.0660000000000025,0.445,0.4279999999999999
all_to_all_graph10_n16_d0p5,16,0.5,4,1000,-228.082,-226.35,-1.731999999999999,0.445,0.4249999999999999,-234.028,-233.264,-0.7639999999999815,0.4929999999999999,0.4929999999999999
all_to_all_graph10_n16_d0p5,16,0.5,5,1000,-223.95,-224.586,0.6360000000000241,0.376,0.4089999999999999,-234.336,-236.31,1.973999999999989,0.447,0.4839999999999999
all_to_all_graph10_n16_d0p5,16,0.5,6,1000,-225.032,-221.812,-3.219999999999999,0.4279999999999999,0.383,-232.08,-230.564,-1.5160000000000196,0.455,0.4249999999999999
all_to_all_graph10_n16_d0p5,16,0.5,7,1000,-238.416,-235.796,-2.6200000000000045,0.561,0.54,-242.65,-241.346,-1.304000000000002,0.5909999999999999,0.5759999999999998
all_to_all_graph10_n16_d0p5,16,0.5,8,1000,-229.088,-223.77,-5.317999999999984,0.4219999999999999,0.403,-232.254,-231.224,-1.0300000000000011,0.437,0.438
all_to_all_graph10_n16_d0p5,16,0.5,9,1000,-229.642,-229.402,-0.240000000000009,0.441,0.462,-234.94,-235.464,0.5240000000000009,0.4899999999999999,0.51
all_to_all_graph10_n16_d0p5,16,0.5,10,1000,-225.206,-222.886,-2.3199999999999927,0.387,0.3639999999999999,-234.304,-231.828,-2.475999999999999,0.462,0.442
all_to_all_graph11_n16_d0p5,16,0.5,1,1000,-224.64,-224.028,-0.6119999999999947,0.165,0.1489999999999999,-231.916,-232.35,0.4339999999999975,0.381,0.3629999999999999
all_to_all_graph11_n16_d0p5,16,0.5,2,1000,-231.012,-229.584,-1.4279999999999973,0.2909999999999999,0.2869999999999999,-236.134,-235.556,-0.5779999999999745,0.4779999999999999,0.4809999999999999
all_to_all_graph11_n16_d0p5,16,0.5,3,1000,-231.406,-233.218,1.8119999999999836,0.2379999999999999,0.3019999999999999,-236.086,-236.706,0.6199999999999761,0.4,0.392
all_to_all_graph11_n16_d0p5,16,0.5,4,1000,-229.926,-229.718,-0.2079999999999984,0.186,0.1729999999999999,-234.402,-233.076,-1.3259999999999934,0.318,0.2039999999999999
all_to_all_graph11_n16_d0p5,16,0.5,5,1000,-233.346,-230.674,-2.671999999999997,0.168,0.152,-238.65,-238.082,-0.568000000000012,0.3579999999999999,0.3639999999999999
all_to_all_graph11_n16_d0p5,16,0.5,6,1000,-228.282,-224.308,-3.974000000000018,0.201,0.114,-233.328,-231.928,-1.4000000000000057,0.3629999999999999,0.339
all_to_all_graph11_n16_d0p5,16,0.5,7,1000,-232.378,-230.86,-1.5179999999999725,0.199,0.12,-237.284,-237.436,0.1520000000000152,0.397,0.394
all_to_all_graph11_n16_d0p5,16,0.5,8,1000,-225.67,-228.798,3.1280000000000143,0.2059999999999999,0.192,-230.988,-231.458,0.4699999999999988,0.265,0.193
all_to_all_graph11_n16_d0p5,16,0.5,9,1000,-228.478,-228.614,0.1359999999999956,0.0,0.154,-235.126,-234.616,-0.5099999999999909,0.336,0.339
all_to_all_graph11_n16_d0p5,16,0.5,10,1000,-232.864,-231.4,-1.4639999999999986,0.1799999999999999,0.162,-236.702,-236.602,-0.0999999999999943,0.341,0.332
all_to_all_graph12_n16_d0p5,16,0.5,1,1000,-220.854,-217.312,-3.5420000000000016,0.185,0.108,-225.184,-225.666,0.4819999999999993,0.25,0.262
all_to_all_graph12_n16_d0p5,16,0.5,2,1000,-223.138,-220.948,-2.1899999999999977,0.203,0.226,-225.196,-226.94,1.7439999999999998,0.2089999999999999,0.275
all_to_all_graph12_n16_d0p5,16,0.5,3,1000,-231.598,-222.604,-8.994,0.377,0.26,-232.442,-228.688,-3.754000000000019,0.391,0.3529999999999999
all_to_all_graph12_n16_d0p5,16,0.5,4,1000,-227.312,-220.178,-7.134000000000015,0.2919999999999999,0.227,-229.156,-228.142,-1.01400000000001,0.3029999999999999,0.31
all_to_all_graph12_n16_d0p5,16,0.5,5,1000,-225.872,-221.558,-4.3140000000000205,0.3519999999999999,0.316,-229.668,-229.614,-0.054000000000002,0.396,0.403
all_to_all_graph12_n16_d0p5,16,0.5,6,1000,-219.368,-213.852,-5.515999999999991,0.232,0.2429999999999999,-221.77,-222.428,0.657999999999987,0.2409999999999999,0.258
all_to_all_graph12_n16_d0p5,16,0.5,7,1000,-227.154,-226.218,-0.936000000000007,0.333,0.31,-228.046,-229.882,1.8360000000000127,0.334,0.3589999999999999
all_to_all_graph12_n16_d0p5,16,0.5,8,1000,-225.382,-221.27,-4.111999999999995,0.262,0.233,-226.466,-225.032,-1.4339999999999975,0.263,0.247
all_to_all_graph12_n16_d0p5,16,0.5,9,1000,-228.764,-230.422,1.657999999999987,0.376,0.404,-229.536,-230.904,1.367999999999995,0.376,0.404
all_to_all_graph12_n16_d0p5,16,0.5,10,1000,-228.622,-225.684,-2.9380000000000166,0.2939999999999999,0.2939999999999999,-229.062,-228.176,-0.8860000000000241,0.2959999999999999,0.318
all_to_all_graph13_n16_d0p5,16,0.5,1,1000,-247.006,-243.38,-3.6260000000000048,0.186,0.191,-253.14,-254.092,0.9520000000000266,0.327,0.328
all_to_all_graph13_n16_d0p5,16,0.5,2,1000,-249.652,-247.328,-2.323999999999984,0.234,0.2089999999999999,-254.392,-256.09,1.6979999999999793,0.399,0.4279999999999999
all_to_all_graph13_n16_d0p5,16,0.5,3,1000,-248.952,-246.418,-2.533999999999992,0.2069999999999999,0.227,-253.994,-254.016,0.0219999999999913,0.3579999999999999,0.376
all_to_all_graph13_n16_d0p5,16,0.5,4,1000,-246.866,-243.12,-3.746000000000009,0.261,0.2129999999999999,-252.034,-252.44,0.4060000000000059,0.3049999999999999,0.2949999999999999
all_to_all_graph13_n16_d0p5,16,0.5,5,1000,-247.922,-243.876,-4.045999999999992,0.1479999999999999,0.13,-254.662,-254.762,0.0999999999999943,0.315,0.32
all_to_all_graph13_n16_d0p5,16,0.5,6,1000,-244.494,-239.178,-5.3160000000000025,0.218,0.199,-253.324,-252.504,-0.8200000000000216,0.518,0.517
all_to_all_graph13_n16_d0p5,16,0.5,7,1000,-246.38,-244.564,-1.8160000000000025,0.13,0.3469999999999999,-254.51,-255.984,1.474000000000018,0.393,0.405
all_to_all_graph13_n16_d0p5,16,0.5,8,1000,-246.758,-239.29,-7.468000000000018,0.2079999999999999,0.162,-253.208,-252.58,-0.6279999999999859,0.398,0.373
all_to_all_graph13_n16_d0p5,16,0.5,9,1000,-243.34,-243.63,0.289999999999992,0.2409999999999999,0.185,-248.89,-250.816,1.926000000000016,0.318,0.318
all_to_all_graph13_n16_d0p5,16,0.5,10,1000,-246.576,-244.014,-2.5619999999999834,0.2369999999999999,0.222,-249.922,-249.046,-0.8760000000000047,0.3569999999999999,0.3449999999999999
all_to_all_graph14_n16_d0p5,16,0.5,1,1000,-251.24,-248.682,-2.5580000000000207,0.2369999999999999,0.218,-253.158,-252.686,-0.4719999999999799,0.2369999999999999,0.218
all_to_all_graph14_n16_d0p5,16,0.5,2,1000,-247.572,-242.726,-4.846000000000004,0.084,0.0769999999999999,-250.67,-247.264,-3.405999999999977,0.194,0.182
all_to_all_graph14_n16_d0p5,16,0.5,3,1000,-251.966,-250.81,-1.156000000000006,0.216,0.221,-253.154,-253.308,0.1539999999999963,0.216,0.221
all_to_all_graph14_n16_d0p5,16,0.5,4,1000,-250.698,-249.224,-1.474000000000018,0.199,0.183,-253.446,-252.908,-0.5380000000000109,0.214,0.201
all_to_all_graph14_n16_d0p5,16,0.5,5,1000,-251.054,-248.032,-3.021999999999992,0.214,0.182,-251.806,-251.464,-0.3420000000000129,0.214,0.193
all_to_all_graph14_n16_d0p5,16,0.5,6,1000,-249.028,-246.794,-2.2339999999999804,0.165,0.166,-251.616,-250.896,-0.7200000000000272,0.165,0.166
all_to_all_graph14_n16_d0p5,16,0.5,7,1000,-252.266,-251.62,-0.6459999999999865,0.233,0.224,-253.116,-253.502,0.3859999999999956,0.233,0.224
all_to_all_graph14_n16_d0p5,16,0.5,8,1000,-247.304,-247.412,0.108000000000004,0.221,0.2359999999999999,-253.912,-254.282,0.3700000000000045,0.221,0.2369999999999999
all_to_all_graph14_n16_d0p5,16,0.5,9,1000,-249.648,-246.58,-3.067999999999984,0.192,0.1469999999999999,-254.042,-252.888,-1.1539999999999964,0.2049999999999999,0.164
all_to_all_graph14_n16_d0p5,16,0.5,10,1000,-251.986,-250.262,-1.7239999999999895,0.234,0.218,-254.906,-253.922,-0.9840000000000088,0.2409999999999999,0.228
all_to_all_graph15_n16_d0p5,16,0.5,1,1000,-212.086,-205.866,-6.219999999999999,0.196,0.127,-217.794,-215.88,-1.914000000000016,0.2869999999999999,0.2
all_to_all_graph15_n16_d0p5,16,0.5,2,1000,-215.716,-211.018,-4.698000000000008,0.307,0.128,-219.77,-218.176,-1.5940000000000225,0.3509999999999999,0.266
all_to_all_graph15_n16_d0p5,16,0.5,3,1000,-212.366,-210.032,-2.334000000000003,0.2409999999999999,0.2369999999999999,-216.976,-216.654,-0.3220000000000027,0.2409999999999999,0.2369999999999999
all_to_all_graph15_n16_d0p5,16,0.5,4,1000,-213.654,-210.664,-2.9900000000000087,0.057,0.0,-221.058,-218.286,-2.771999999999992,0.376,0.274
all_to_all_graph15_n16_d0p5,16,0.5,5,1000,-213.316,-211.88,-1.436000000000007,0.219,0.224,-218.68,-218.228,-0.4519999999999981,0.22,0.224
all_to_all_graph15_n16_d0p5,16,0.5,6,1000,-212.544,-210.808,-1.7360000000000184,0.2119999999999999,0.202,-218.826,-217.74,-1.0859999999999843,0.245,0.215
all_to_all_graph15_n16_d0p5,16,0.5,7,1000,-213.086,-210.098,-2.9879999999999995,0.2909999999999999,0.253,-217.918,-216.37,-1.5480000000000018,0.2919999999999999,0.253
all_to_all_graph15_n16_d0p5,16,0.5,8,1000,-210.902,-209.662,-1.239999999999981,0.124,0.13,-217.86,-217.862,0.0019999999999811,0.342,0.341
all_to_all_graph15_n16_d0p5,16,0.5,9,1000,-209.93,-208.536,-1.3940000000000057,0.062,0.0879999999999999,-218.208,-217.224,-0.9840000000000088,0.3689999999999999,0.2819999999999999
all_to_all_graph15_n16_d0p5,16,0.5,10,1000,-212.496,-209.04,-3.4560000000000173,0.253,0.2119999999999999,-217.274,-215.688,-1.5860000000000127,0.253,0.2119999999999999
all_to_all_graph16_n16_d0p5,16,0.5,1,1000,-201.27,-198.174,-3.096000000000004,0.2,0.0449999999999999,-204.866,-204.274,-0.5920000000000128,0.246,0.332
all_to_all_graph16_n16_d0p5,16,0.5,2,1000,-199.778,-199.1,-0.6779999999999972,0.112,0.096,-202.76,-202.67,-0.0900000000000034,0.221,0.2819999999999999
all_to_all_graph16_n16_d0p5,16,0.5,3,1000,-201.028,-198.116,-2.9119999999999777,0.1,0.083,-204.246,-202.486,-1.760000000000019,0.1489999999999999,0.123
all_to_all_graph16_n16_d0p5,16,0.5,4,1000,-202.364,-200.316,-2.048000000000002,0.155,0.1479999999999999,-205.98,-204.622,-1.3579999999999757,0.264,0.273
all_to_all_graph16_n16_d0p5,16,0.5,5,1000,-199.756,-200.31,0.554000000000002,0.004,0.019,-202.938,-203.574,0.6360000000000241,0.109,0.183
all_to_all_graph16_n16_d0p5,16,0.5,6,1000,-203.662,-201.97,-1.6920000000000073,0.234,0.248,-204.266,-203.322,-0.9439999999999884,0.2359999999999999,0.248
all_to_all_graph16_n16_d0p5,16,0.5,7,1000,-200.822,-198.858,-1.9639999999999984,0.083,0.066,-202.912,-201.936,-0.975999999999999,0.2069999999999999,0.203
all_to_all_graph16_n16_d0p5,16,0.5,8,1000,-201.824,-200.68,-1.1440000000000057,0.062,0.0439999999999999,-205.038,-204.344,-0.6940000000000168,0.2099999999999999,0.249
all_to_all_graph16_n16_d0p5,16,0.5,9,1000,-201.798,-200.624,-1.1740000000000066,0.056,0.0379999999999999,-203.942,-204.224,0.2819999999999822,0.278,0.33
all_to_all_graph16_n16_d0p5,16,0.5,10,1000,-199.478,-197.466,-2.0120000000000005,0.1179999999999999,0.107,-205.0,-203.868,-1.132000000000005,0.26,0.256
all_to_all_graph17_n16_d0p5,16,0.5,1,1000,-235.946,-231.07,-4.876000000000005,0.4129999999999999,0.379,-238.758,-232.286,-6.472000000000008,0.4719999999999999,0.395
all_to_all_graph17_n16_d0p5,16,0.5,2,1000,-231.338,-230.702,-0.6359999999999956,0.3679999999999999,0.3469999999999999,-232.664,-231.648,-1.0159999999999911,0.375,0.3479999999999999
all_to_all_graph17_n16_d0p5,16,0.5,3,1000,-235.956,-230.854,-5.101999999999976,0.3479999999999999,0.19,-238.04,-235.96,-2.079999999999984,0.4209999999999999,0.4239999999999999
all_to_all_graph17_n16_d0p5,16,0.5,4,1000,-236.164,-230.234,-5.9299999999999775,0.526,0.4169999999999999,-238.356,-232.016,-6.340000000000003,0.557,0.4289999999999999
all_to_all_graph17_n16_d0p5,16,0.5,5,1000,-238.232,-235.906,-2.3259999999999934,0.439,0.4169999999999999,-238.98,-239.254,0.2740000000000009,0.453,0.4909999999999999
all_to_all_graph17_n16_d0p5,16,0.5,6,1000,-233.742,-231.176,-2.5660000000000025,0.268,0.195,-238.964,-237.768,-1.195999999999998,0.529,0.529
all_to_all_graph17_n16_d0p5,16,0.5,7,1000,-238.14,-234.05,-4.089999999999975,0.4759999999999999,0.405,-241.532,-236.284,-5.248000000000018,0.539,0.445
all_to_all_graph17_n16_d0p5,16,0.5,8,1000,-234.572,-231.16,-3.412000000000006,0.4189999999999999,0.384,-236.878,-234.71,-2.1679999999999775,0.4719999999999999,0.4269999999999999
all_to_all_graph17_n16_d0p5,16,0.5,9,1000,-231.688,-229.416,-2.271999999999992,0.3489999999999999,0.336,-237.792,-235.26,-2.5320000000000107,0.468,0.441
all_to_all_graph17_n16_d0p5,16,0.5,10,1000,-236.946,-234.722,-2.223999999999989,0.452,0.392,-239.61,-240.022,0.4119999999999777,0.511,0.509
all_to_all_graph18_n16_d0p5,16,0.5,1,1000,-219.066,-216.732,-2.334000000000003,0.203,0.215,-226.188,-226.71,0.5220000000000197,0.343,0.3629999999999999
all_to_all_graph18_n16_d0p5,16,0.5,2,1000,-224.768,-222.824,-1.9439999999999884,0.3439999999999999,0.337,-227.718,-228.706,0.9879999999999995,0.375,0.394
all_to_all_graph18_n16_d0p5,16,0.5,3,1000,-218.236,-215.608,-2.6279999999999855,0.198,0.198,-226.14,-224.776,-1.363999999999976,0.3549999999999999,0.3499999999999999
all_to_all_graph18_n16_d0p5,16,0.5,4,1000,-215.672,-213.55,-2.1219999999999857,0.2099999999999999,0.221,-226.966,-226.372,-0.593999999999994,0.378,0.37
all_to_all_graph18_n16_d0p5,16,0.5,5,1000,-220.846,-217.956,-2.890000000000015,0.2359999999999999,0.252,-226.862,-227.34,0.4780000000000086,0.375,0.4069999999999999
all_to_all_graph18_n16_d0p5,16,0.5,6,1000,-221.59,-217.52,-4.069999999999993,0.203,0.2049999999999999,-226.284,-225.146,-1.1380000000000052,0.2889999999999999,0.278
all_to_all_graph18_n16_d0p5,16,0.5,7,1000,-216.404,-213.316,-3.0879999999999934,0.135,0.139,-224.972,-224.602,-0.3700000000000045,0.2969999999999999,0.279
all_to_all_graph18_n16_d0p5,16,0.5,8,1000,-222.064,-219.006,-3.0579999999999927,0.323,0.2879999999999999,-227.8,-227.644,-0.1560000000000059,0.4219999999999999,0.391
all_to_all_graph18_n16_d0p5,16,0.5,9,1000,-215.45,-208.882,-6.567999999999984,0.254,0.198,-226.832,-226.544,-0.2879999999999824,0.3639999999999999,0.3489999999999999
all_to_all_graph18_n16_d0p5,16,0.5,10,1000,-219.24,-216.542,-2.6980000000000075,0.3059999999999999,0.2899999999999999,-227.228,-226.0,-1.2280000000000086,0.398,0.395
all_to_all_graph19_n16_d0p5,16,0.5,1,1000,-210.048,-209.19,-0.858000000000004,0.1409999999999999,0.1759999999999999,-211.834,-211.786,-0.0480000000000018,0.155,0.184
all_to_all_graph19_n16_d0p5,16,0.5,2,1000,-212.532,-208.756,-3.7760000000000105,0.183,0.1,-217.428,-216.918,-0.5099999999999909,0.266,0.248
all_to_all_graph19_n16_d0p5,16,0.5,3,1000,-210.88,-207.126,-3.753999999999991,0.2359999999999999,0.171,-213.604,-213.956,0.3519999999999754,0.2429999999999999,0.234
all_to_all_graph19_n16_d0p5,16,0.5,4,1000,-208.094,-207.716,-0.3779999999999859,0.116,0.126,-213.348,-213.228,-0.1200000000000045,0.136,0.1469999999999999
all_to_all_graph19_n16_d0p5,16,0.5,5,1000,-210.324,-210.466,0.1419999999999959,0.164,0.186,-213.254,-213.678,0.4240000000000065,0.1769999999999999,0.19
all_to_all_graph19_n16_d0p5,16,0.5,6,1000,-212.276,-209.96,-2.3160000000000025,0.265,0.267,-214.642,-215.288,0.646000000000015,0.265,0.267
all_to_all_graph19_n16_d0p5,16,0.5,7,1000,-210.39,-205.326,-5.063999999999993,0.163,0.13,-213.446,-211.728,-1.717999999999989,0.163,0.1429999999999999
all_to_all_graph19_n16_d0p5,16,0.5,8,1000,-209.848,-208.726,-1.122000000000014,0.1779999999999999,0.2049999999999999,-212.13,-212.754,0.6239999999999952,0.1779999999999999,0.2059999999999999
all_to_all_graph19_n16_d0p5,16,0.5,9,1000,-211.898,-206.976,-4.921999999999997,0.1499999999999999,0.117,-212.69,-210.884,-1.806000000000012,0.151,0.123
all_to_all_graph19_n16_d0p5,16,0.5,10,1000,-213.35,-208.32,-5.030000000000001,0.096,0.069,-214.42,-212.31,-2.1099999999999848,0.1419999999999999,0.132
all_to_all_graph0_n16_d0p7,16,0.7,1,1000,-290.21,-274.79,-15.41999999999996,0.467,0.222,-291.584,-295.474,3.8899999999999855,0.4759999999999999,0.4719999999999999
all_to_all_graph0_n16_d0p7,16,0.7,2,1000,-289.326,-283.938,-5.388000000000034,0.311,0.2369999999999999,-295.178,-294.234,-0.9440000000000168,0.4889999999999999,0.441
all_to_all_graph0_n16_d0p7,16,0.7,3,1000,-288.644,-277.638,-11.006000000000029,0.466,0.3529999999999999,-296.314,-292.562,-3.7520000000000095,0.467,0.4149999999999999
all_to_all_graph0_n16_d0p7,16,0.7,4,1000,-291.29,-286.814,-4.475999999999999,0.33,0.2819999999999999,-294.684,-291.058,-3.6260000000000328,0.4859999999999999,0.4119999999999999
all_to_all_graph0_n16_d0p7,16,0.7,5,1000,-287.58,-279.21,-8.370000000000003,0.444,0.4069999999999999,-291.144,-291.686,0.5419999999999731,0.452,0.436
all_to_all_graph0_n16_d0p7,16,0.7,6,1000,-289.324,-283.338,-5.98599999999999,0.307,0.222,-294.286,-291.754,-2.5319999999999823,0.518,0.503
all_to_all_graph0_n16_d0p7,16,0.7,7,1000,-288.8,-281.288,-7.512,0.0219999999999999,0.268,-292.83,-293.472,0.6419999999999959,0.515,0.4719999999999999
all_to_all_graph0_n16_d0p7,16,0.7,8,1000,-288.3,-282.684,-5.6159999999999854,0.3039999999999999,0.231,-297.444,-294.636,-2.8079999999999927,0.4939999999999999,0.44
all_to_all_graph0_n16_d0p7,16,0.7,9,1000,-287.078,-283.13,-3.947999999999979,0.246,0.248,-291.9,-290.808,-1.0919999999999843,0.448,0.4259999999999999
all_to_all_graph0_n16_d0p7,16,0.7,10,1000,-284.922,-275.956,-8.966000000000008,0.317,0.32,-294.474,-292.452,-2.021999999999992,0.4869999999999999,0.4779999999999999
all_to_all_graph1_n16_d0p7,16,0.7,1,1000,-322.712,-319.304,-3.4080000000000155,0.0,0.001,-332.094,-330.108,-1.98599999999999,0.1809999999999999,0.0589999999999999
all_to_all_graph1_n16_d0p7,16,0.7,2,1000,-323.068,-321.44,-1.627999999999986,0.001,0.0,-328.592,-326.892,-1.6999999999999886,0.4769999999999999,0.547
all_to_all_graph1_n16_d0p7,16,0.7,3,1000,-321.174,-319.682,-1.4919999999999618,0.02,0.0,-328.132,-327.736,-0.396000000000015,0.4889999999999999,0.502
all_to_all_graph1_n16_d0p7,16,0.7,4,1000,-330.638,-327.312,-3.325999999999965,0.1789999999999999,0.0,-332.04,-331.136,-0.9039999999999964,0.1799999999999999,0.123
all_to_all_graph1_n16_d0p7,16,0.7,5,1000,-324.264,-319.974,-4.2900000000000205,0.2839999999999999,0.099,-325.974,-326.394,0.4200000000000159,0.2929999999999999,0.468
all_to_all_graph1_n16_d0p7,16,0.7,6,1000,-324.256,-320.18,-4.075999999999965,0.17,0.005,-326.454,-324.732,-1.72199999999998,0.268,0.4229999999999999
all_to_all_graph1_n16_d0p7,16,0.7,7,1000,-325.162,-321.548,-3.613999999999976,0.0,0.0,-328.826,-326.546,-2.2800000000000296,0.198,0.167
all_to_all_graph1_n16_d0p7,16,0.7,8,1000,-325.466,-320.022,-5.444000000000017,0.0089999999999999,0.014,-329.738,-330.086,0.3480000000000131,0.4699999999999999,0.496
all_to_all_graph1_n16_d0p7,16,0.7,9,1000,-329.042,-326.572,-2.4699999999999704,0.0729999999999999,0.0129999999999999,-331.15,-330.152,-0.9979999999999905,0.107,0.035
all_to_all_graph1_n16_d0p7,16,0.7,10,1000,-324.462,-321.71,-2.752000000000009,0.04,0.042,-327.288,-325.0,-2.288000000000011,0.343,0.3619999999999999
all_to_all_graph2_n16_d0p7,16,0.7,1,1000,-308.18,-307.67,-0.5099999999999909,0.2869999999999999,0.3609999999999999,-315.33,-314.566,-0.76400000000001,0.3449999999999999,0.399
all_to_all_graph2_n16_d0p7,16,0.7,2,1000,-312.806,-309.03,-3.7760000000000105,0.448,0.39,-321.596,-320.63,-0.966000000000008,0.519,0.502
all_to_all_graph2_n16_d0p7,16,0.7,3,1000,-305.506,-304.914,-0.5919999999999845,0.3669999999999999,0.373,-318.594,-319.056,0.461999999999989,0.4749999999999999,0.4809999999999999
all_to_all_graph2_n16_d0p7,16,0.7,4,1000,-312.132,-307.536,-4.596000000000004,0.4179999999999999,0.396,-317.418,-315.034,-2.3840000000000146,0.455,0.448
all_to_all_graph2_n16_d0p7,16,0.7,5,1000,-316.95,-312.924,-4.0260000000000105,0.5,0.447,-320.782,-320.3,-0.4819999999999709,0.521,0.499
all_to_all_graph2_n16_d0p7,16,0.7,6,1000,-310.028,-306.726,-3.302000000000021,0.373,0.3659999999999999,-314.698,-314.908,0.2100000000000363,0.4129999999999999,0.4299999999999999
all_to_all_graph2_n16_d0p7,16,0.7,7,1000,-311.794,-310.686,-1.108000000000004,0.4069999999999999,0.402,-318.592,-319.852,1.259999999999991,0.4759999999999999,0.4839999999999999
all_to_all_graph2_n16_d0p7,16,0.7,8,1000,-312.178,-309.4,-2.77800000000002,0.447,0.4109999999999999,-319.906,-317.75,-2.1560000000000055,0.499,0.4749999999999999
all_to_all_graph2_n16_d0p7,16,0.7,9,1000,-300.14,-302.014,1.874000000000024,0.318,0.339,-314.918,-318.63,3.7119999999999886,0.439,0.466
all_to_all_graph2_n16_d0p7,16,0.7,10,1000,-296.456,-294.916,-1.5400000000000205,0.3059999999999999,0.312,-312.78,-314.49,1.7100000000000364,0.432,0.466
all_to_all_graph3_n16_d0p7,16,0.7,1,1000,-280.61,-276.784,-3.8260000000000214,0.116,0.121,-293.114,-290.584,-2.5299999999999727,0.2899999999999999,0.341
all_to_all_graph3_n16_d0p7,16,0.7,2,1000,-291.134,-288.7,-2.4340000000000255,0.202,0.158,-292.326,-292.246,-0.0800000000000409,0.3579999999999999,0.388
all_to_all_graph3_n16_d0p7,16,0.7,3,1000,-291.318,-281.946,-9.371999999999955,0.1749999999999999,0.132,-294.628,-289.658,-4.9699999999999696,0.4809999999999999,0.4259999999999999
all_to_all_graph3_n16_d0p7,16,0.7,4,1000,-283.768,-281.35,-2.417999999999949,0.1429999999999999,0.108,-291.102,-288.96,-2.141999999999996,0.2869999999999999,0.253
all_to_all_graph3_n16_d0p7,16,0.7,5,1000,-286.94,-281.092,-5.848000000000013,0.182,0.16,-293.318,-291.448,-1.8700000000000043,0.3489999999999999,0.278
all_to_all_graph3_n16_d0p7,16,0.7,6,1000,-286.0,-279.098,-6.901999999999987,0.135,0.128,-294.818,-292.666,-2.151999999999987,0.2849999999999999,0.247
all_to_all_graph3_n16_d0p7,16,0.7,7,1000,-290.848,-281.896,-8.951999999999998,0.249,0.1439999999999999,-295.432,-290.358,-5.074000000000012,0.374,0.268
all_to_all_graph3_n16_d0p7,16,0.7,8,1000,-291.924,-287.144,-4.779999999999973,0.2439999999999999,0.229,-294.368,-292.166,-2.201999999999998,0.442,0.4229999999999999
all_to_all_graph3_n16_d0p7,16,0.7,9,1000,-287.21,-280.292,-6.918000000000006,0.115,0.125,-293.722,-291.736,-1.98599999999999,0.261,0.263
all_to_all_graph3_n16_d0p7,16,0.7,10,1000,-282.058,-275.53,-6.52800000000002,0.137,0.12,-290.676,-287.978,-2.697999999999979,0.2929999999999999,0.233
all_to_all_graph4_n16_d0p7,16,0.7,1,1000,-277.912,-271.772,-6.1399999999999855,0.507,0.4069999999999999,-282.042,-278.746,-3.2959999999999923,0.67,0.631
all_to_all_graph4_n16_d0p7,16,0.7,2,1000,-271.42,-269.86,-1.5600000000000025,0.519,0.506,-277.074,-276.252,-0.8220000000000027,0.623,0.6179999999999999
all_to_all_graph4_n16_d0p7,16,0.7,3,1000,-271.42,-267.816,-3.6040000000000414,0.5849999999999999,0.558,-273.288,-271.042,-2.2460000000000377,0.5869999999999999,0.561
all_to_all_graph4_n16_d0p7,16,0.7,4,1000,-266.1,-264.92,-1.1800000000000068,0.3559999999999999,0.3599999999999999,-284.84,-288.546,3.706000000000017,0.7339999999999999,0.777
all_to_all_graph4_n16_d0p7,16,0.7,5,1000,-266.73,-267.686,0.9559999999999604,0.3579999999999999,0.397,-272.082,-272.772,0.6899999999999977,0.563,0.566
all_to_all_graph4_n16_d0p7,16,0.7,6,1000,-266.528,-262.026,-4.5020000000000095,0.057,0.252,-274.456,-272.73,-1.725999999999999,0.5749999999999998,0.565
all_to_all_graph4_n16_d0p7,16,0.7,7,1000,-279.834,-276.79,-3.0439999999999827,0.542,0.517,-282.782,-282.542,-0.240000000000009,0.677,0.679
all_to_all_graph4_n16_d0p7,16,0.7,8,1000,-276.684,-272.248,-4.436000000000036,0.6169999999999999,0.52,-278.276,-274.972,-3.3040000000000305,0.626,0.5899999999999999
all_to_all_graph4_n16_d0p7,16,0.7,9,1000,-271.606,-267.412,-4.194000000000017,0.322,0.308,-275.638,-276.34,0.7019999999999981,0.5969999999999999,0.6119999999999999
all_to_all_graph4_n16_d0p7,16,0.7,10,1000,-275.08,-274.412,-0.6680000000000063,0.546,0.499,-279.032,-278.962,-0.0699999999999931,0.644,0.646
all_to_all_graph5_n16_d0p7,16,0.7,1,1000,-294.122,-292.954,-1.1680000000000064,0.3619999999999999,0.385,-303.252,-300.846,-2.4060000000000055,0.4839999999999999,0.444
all_to_all_graph5_n16_d0p7,16,0.7,2,1000,-298.598,-294.93,-3.6680000000000064,0.444,0.4149999999999999,-300.958,-302.796,1.8379999999999652,0.446,0.4879999999999999
all_to_all_graph5_n16_d0p7,16,0.7,3,1000,-305.74,-303.722,-2.0180000000000287,0.54,0.532,-307.064,-305.498,-1.5660000000000307,0.545,0.543
all_to_all_graph5_n16_d0p7,16,0.7,4,1000,-293.512,-289.342,-4.170000000000016,0.4179999999999999,0.2919999999999999,-303.058,-299.828,-3.230000000000018,0.523,0.4689999999999999
all_to_all_graph5_n16_d0p7,16,0.7,5,1000,-299.348,-291.752,-7.596000000000004,0.45,0.386,-301.444,-300.43,-1.01400000000001,0.454,0.456
all_to_all_graph5_n16_d0p7,16,0.7,6,1000,-298.338,-294.504,-3.834000000000003,0.443,0.4119999999999999,-305.982,-301.576,-4.406000000000006,0.543,0.452
all_to_all_graph5_n16_d0p7,16,0.7,7,1000,-304.108,-296.572,-7.536000000000001,0.53,0.4289999999999999,-304.894,-302.058,-2.8360000000000127,0.535,0.495
all_to_all_graph5_n16_d0p7,16,0.7,8,1000,-298.774,-298.082,-0.6920000000000072,0.4129999999999999,0.4189999999999999,-301.44,-301.398,-0.0419999999999731,0.4169999999999999,0.4239999999999999
all_to_all_graph5_n16_d0p7,16,0.7,9,1000,-307.502,-304.706,-2.7959999999999923,0.6109999999999999,0.559,-310.95,-311.23,0.2800000000000295,0.647,0.661
all_to_all_graph5_n16_d0p7,16,0.7,10,1000,-303.188,-301.404,-1.7839999999999918,0.558,0.559,-305.39,-306.088,0.6980000000000359,0.559,0.566
all_to_all_graph6_n16_d0p7,16,0.7,1,1000,-228.86,-225.16,-3.7000000000000166,0.2399999999999999,0.232,-235.656,-234.272,-1.3840000000000146,0.2399999999999999,0.232
all_to_all_graph6_n16_d0p7,16,0.7,2,1000,-224.832,-218.406,-6.425999999999988,0.1489999999999999,0.152,-230.776,-227.912,-2.8640000000000043,0.1499999999999999,0.153
all_to_all_graph6_n16_d0p7,16,0.7,3,1000,-232.72,-228.338,-4.382000000000005,0.322,0.331,-235.548,-234.392,-1.156000000000006,0.322,0.331
all_to_all_graph6_n16_d0p7,16,0.7,4,1000,-230.234,-224.972,-5.2620000000000005,0.276,0.2419999999999999,-232.974,-229.586,-3.387999999999977,0.277,0.2419999999999999
all_to_all_graph6_n16_d0p7,16,0.7,5,1000,-229.874,-226.136,-3.738,0.201,0.227,-232.77,-231.538,-1.231999999999999,0.202,0.229
all_to_all_graph6_n16_d0p7,16,0.7,6,1000,-231.718,-226.778,-4.939999999999998,0.19,0.195,-235.128,-232.918,-2.2099999999999795,0.19,0.195
all_to_all_graph6_n16_d0p7,16,0.7,7,1000,-233.9,-232.308,-1.592000000000013,0.338,0.339,-239.862,-238.716,-1.1459999999999866,0.342,0.3519999999999999
all_to_all_graph6_n16_d0p7,16,0.7,8,1000,-229.106,-222.49,-6.6159999999999854,0.2399999999999999,0.2049999999999999,-230.648,-228.116,-2.5319999999999823,0.2399999999999999,0.2059999999999999
all_to_all_graph6_n16_d0p7,16,0.7,9,1000,-233.66,-231.966,-1.6939999999999884,0.327,0.373,-239.824,-239.526,-0.2980000000000018,0.329,0.373
all_to_all_graph6_n16_d0p7,16,0.7,10,1000,-230.658,-221.052,-9.605999999999993,0.23,0.229,-236.186,-230.468,-5.718000000000018,0.23,0.229
all_to_all_graph7_n16_d0p7,16,0.7,1,1000,-264.452,-260.024,-4.427999999999996,0.0519999999999999,0.032,-270.262,-268.71,-1.5520000000000207,0.0519999999999999,0.034
all_to_all_graph7_n16_d0p7,16,0.7,2,1000,-263.072,-261.612,-1.4599999999999795,0.2059999999999999,0.2049999999999999,-267.216,-267.494,0.27800000000002,0.2059999999999999,0.2049999999999999
all_to_all_graph7_n16_d0p7,16,0.7,3,1000,-265.676,-261.02,-4.656000000000006,0.187,0.2109999999999999,-270.226,-269.356,-0.8700000000000045,0.187,0.216
all_to_all_graph7_n16_d0p7,16,0.7,4,1000,-261.992,-256.58,-5.412000000000035,0.0759999999999999,0.107,-267.662,-266.144,-1.5179999999999725,0.0769999999999999,0.121
all_to_all_graph7_n16_d0p7,16,0.7,5,1000,-268.35,-266.094,-2.2560000000000286,0.215,0.193,-270.88,-270.05,-0.829999999999984,0.215,0.193
all_to_all_graph7_n16_d0p7,16,0.7,6,1000,-262.828,-258.932,-3.8959999999999586,0.138,0.116,-267.59,-266.668,-0.9219999999999686,0.138,0.1419999999999999
all_to_all_graph7_n16_d0p7,16,0.7,7,1000,-264.148,-259.184,-4.9639999999999995,0.0869999999999999,0.001,-267.784,-268.232,0.4480000000000359,0.0869999999999999,0.067
all_to_all_graph7_n16_d0p7,16,0.7,8,1000,-268.17,-266.108,-2.062000000000012,0.222,0.203,-272.234,-273.156,0.9220000000000254,0.223,0.203
all_to_all_graph7_n16_d0p7,16,0.7,9,1000,-266.834,-263.852,-2.982000000000028,0.2,0.194,-270.28,-267.94,-2.339999999999975,0.2,0.194
all_to_all_graph7_n16_d0p7,16,0.7,10,1000,-266.098,-265.36,-0.7379999999999995,0.226,0.326,-269.212,-271.428,2.216000000000008,0.226,0.326
all_to_all_graph8_n16_d0p7,16,0.7,1,1000,-321.14,-312.284,-8.855999999999993,0.5999999999999999,0.526,-332.044,-335.59,3.5459999999999923,0.675,0.692
all_to_all_graph8_n16_d0p7,16,0.7,2,1000,-326.976,-327.508,0.5319999999999822,0.626,0.553,-334.282,-334.358,0.0760000000000218,0.676,0.669
all_to_all_graph8_n16_d0p7,16,0.7,3,1000,-325.72,-324.018,-1.702000000000055,0.645,0.631,-330.982,-335.328,4.345999999999947,0.677,0.7009999999999998
all_to_all_graph8_n16_d0p7,16,0.7,4,1000,-326.156,-314.148,-12.00799999999998,0.66,0.5759999999999998,-336.136,-334.0,-2.136000000000024,0.7219999999999999,0.6999999999999998
all_to_all_graph8_n16_d0p7,16,0.7,5,1000,-332.56,-316.176,-16.384000000000015,0.6999999999999998,0.57,-337.176,-334.998,-2.1779999999999973,0.7299999999999999,0.7059999999999998
all_to_all_graph8_n16_d0p7,16,0.7,6,1000,-315.472,-310.11,-5.361999999999966,0.371,0.2939999999999999,-328.276,-333.158,4.882000000000005,0.627,0.643
all_to_all_graph8_n16_d0p7,16,0.7,7,1000,-331.866,-327.988,-3.8779999999999855,0.665,0.664,-338.27,-341.704,3.4340000000000255,0.7059999999999998,0.747
all_to_all_graph8_n16_d0p7,16,0.7,8,1000,-318.016,-316.018,-1.9980000000000475,0.562,0.567,-336.36,-338.792,2.4319999999999595,0.664,0.7279999999999999
all_to_all_graph8_n16_d0p7,16,0.7,9,1000,-317.124,-311.83,-5.29400000000004,0.53,0.496,-330.054,-332.178,2.124000000000024,0.6009999999999999,0.6009999999999999
all_to_all_graph8_n16_d0p7,16,0.7,10,1000,-325.576,-310.632,-14.944000000000017,0.536,0.274,-332.222,-335.596,3.374000000000024,0.662,0.66
all_to_all_graph9_n16_d0p7,16,0.7,1,1000,-272.742,-269.364,-3.3780000000000427,0.3449999999999999,0.324,-279.13,-277.484,-1.646000000000015,0.565,0.537
all_to_all_graph9_n16_d0p7,16,0.7,2,1000,-278.198,-276.342,-1.8559999999999943,0.436,0.4149999999999999,-280.79,-280.002,-0.7880000000000109,0.562,0.561
all_to_all_graph9_n16_d0p7,16,0.7,3,1000,-275.648,-273.458,-2.1899999999999977,0.2919999999999999,0.2959999999999999,-279.028,-278.152,-0.8760000000000332,0.514,0.497
all_to_all_graph9_n16_d0p7,16,0.7,4,1000,-275.882,-273.89,-1.9920000000000184,0.398,0.3599999999999999,-281.182,-279.096,-2.0860000000000127,0.6019999999999999,0.559
all_to_all_graph9_n16_d0p7,16,0.7,5,1000,-275.308,-273.29,-2.0179999999999723,0.342,0.341,-279.67,-278.68,-0.990000000000009,0.564,0.571
all_to_all_graph9_n16_d0p7,16,0.7,6,1000,-275.706,-276.324,0.617999999999995,0.34,0.383,-280.046,-280.67,0.6240000000000236,0.535,0.556
all_to_all_graph9_n16_d0p7,16,0.7,7,1000,-278.49,-274.056,-4.434000000000026,0.3539999999999999,0.326,-281.122,-279.194,-1.9279999999999973,0.506,0.515
all_to_all_graph9_n16_d0p7,16,0.7,8,1000,-274.93,-271.206,-3.7239999999999895,0.4169999999999999,0.384,-279.74,-277.472,-2.2680000000000287,0.537,0.522
all_to_all_graph9_n16_d0p7,16,0.7,9,1000,-282.046,-278.96,-3.0860000000000127,0.468,0.389,-282.79,-282.372,-0.4180000000000063,0.567,0.546
all_to_all_graph9_n16_d0p7,16,0.7,10,1000,-274.388,-271.322,-3.065999999999974,0.3589999999999999,0.327,-280.928,-279.522,-1.406000000000006,0.537,0.515
all_to_all_graph10_n16_d0p7,16,0.7,1,1000,-294.844,-294.902,0.0579999999999927,0.5799999999999998,0.449,-300.204,-299.712,-0.4920000000000186,0.627,0.63
all_to_all_graph10_n16_d0p7,16,0.7,2,1000,-293.03,-289.234,-3.795999999999992,0.316,0.256,-296.466,-294.506,-1.9600000000000364,0.543,0.548
all_to_all_graph10_n16_d0p7,16,0.7,3,1000,-297.966,-294.2,-3.76600000000002,0.3579999999999999,0.137,-302.488,-299.982,-2.505999999999972,0.5979999999999999,0.57
all_to_all_graph10_n16_d0p7,16,0.7,4,1000,-295.072,-293.314,-1.7579999999999814,0.538,0.405,-298.848,-298.988,0.1399999999999863,0.5829999999999999,0.5889999999999999
all_to_all_graph10_n16_d0p7,16,0.7,5,1000,-295.29,-293.252,-2.038000000000011,0.559,0.328,-296.504,-295.29,-1.2139999999999986,0.563,0.555
all_to_all_graph10_n16_d0p7,16,0.7,6,1000,-297.422,-297.634,0.211999999999989,0.521,0.335,-301.708,-302.868,1.1599999999999682,0.661,0.673
all_to_all_graph10_n16_d0p7,16,0.7,7,1000,-294.488,-292.416,-2.0720000000000027,0.39,0.31,-296.628,-294.666,-1.9619999999999889,0.6169999999999999,0.558
all_to_all_graph10_n16_d0p7,16,0.7,8,1000,-296.094,-292.27,-3.824000000000012,0.538,0.245,-298.258,-297.054,-1.2040000000000075,0.5789999999999998,0.5779999999999998
all_to_all_graph10_n16_d0p7,16,0.7,9,1000,-299.248,-297.808,-1.4399999999999975,0.62,0.512,-302.47,-301.372,-1.0980000000000132,0.652,0.643
all_to_all_graph10_n16_d0p7,16,0.7,10,1000,-296.33,-295.14,-1.1899999999999975,0.403,0.373,-300.962,-299.482,-1.4799999999999611,0.6149999999999999,0.6129999999999999
all_to_all_graph11_n16_d0p7,16,0.7,1,1000,-274.932,-272.01,-2.922000000000025,0.231,0.2109999999999999,-286.748,-285.578,-1.170000000000016,0.516,0.546
all_to_all_graph11_n16_d0p7,16,0.7,2,1000,-277.296,-267.548,-9.74799999999999,0.3679999999999999,0.1769999999999999,-285.75,-284.54,-1.2099999999999795,0.642,0.5859999999999999
all_to_all_graph11_n16_d0p7,16,0.7,3,1000,-278.786,-272.968,-5.817999999999984,0.2829999999999999,0.19,-287.452,-286.73,-0.7219999999999799,0.506,0.495
all_to_all_graph11_n16_d0p7,16,0.7,4,1000,-282.744,-274.878,-7.866000000000041,0.398,0.1499999999999999,-285.362,-285.376,0.0139999999999531,0.402,0.527
all_to_all_graph11_n16_d0p7,16,0.7,5,1000,-281.574,-270.82,-10.75400000000002,0.4929999999999999,0.221,-287.284,-286.296,-0.9879999999999995,0.5889999999999999,0.622
all_to_all_graph11_n16_d0p7,16,0.7,6,1000,-281.514,-276.394,-5.1200000000000045,0.4709999999999999,0.343,-283.912,-283.95,0.0380000000000109,0.557,0.573
all_to_all_graph11_n16_d0p7,16,0.7,7,1000,-282.294,-274.246,-8.048000000000004,0.459,0.266,-286.456,-286.334,-0.1220000000000141,0.5779999999999998,0.6009999999999999
all_to_all_graph11_n16_d0p7,16,0.7,8,1000,-273.864,-266.252,-7.611999999999966,0.26,0.2119999999999999,-284.624,-284.032,-0.5920000000000413,0.524,0.541
all_to_all_graph11_n16_d0p7,16,0.7,9,1000,-274.834,-266.556,-8.27800000000002,0.165,0.123,-285.118,-284.778,-0.3399999999999749,0.39,0.464
all_to_all_graph11_n16_d0p7,16,0.7,10,1000,-282.028,-275.566,-6.462000000000046,0.39,0.248,-284.826,-284.622,-0.2040000000000077,0.446,0.443
all_to_all_graph12_n16_d0p7,16,0.7,1,1000,-272.928,-263.56,-9.367999999999997,0.1179999999999999,0.001,-275.122,-272.434,-2.687999999999988,0.1479999999999999,0.114
all_to_all_graph12_n16_d0p7,16,0.7,2,1000,-267.008,-264.208,-2.7999999999999545,0.034,0.023,-272.698,-272.622,-0.0759999999999649,0.154,0.139
all_to_all_graph12_n16_d0p7,16,0.7,3,1000,-271.548,-268.916,-2.632000000000005,0.027,0.0,-276.932,-277.472,0.5399999999999636,0.131,0.1029999999999999
all_to_all_graph12_n16_d0p7,16,0.7,4,1000,-267.67,-260.104,-7.566000000000032,0.11,0.032,-273.576,-272.794,-0.7820000000000391,0.12,0.105
all_to_all_graph12_n16_d0p7,16,0.7,5,1000,-271.89,-268.588,-3.301999999999964,0.0869999999999999,0.066,-274.812,-274.81,-0.0020000000000095,0.1489999999999999,0.159
all_to_all_graph12_n16_d0p7,16,0.7,6,1000,-267.518,-263.104,-4.413999999999987,0.05,0.0449999999999999,-272.544,-272.472,-0.0720000000000027,0.1499999999999999,0.127
all_to_all_graph12_n16_d0p7,16,0.7,7,1000,-267.836,-266.004,-1.8319999999999936,0.014,0.0,-273.752,-273.332,-0.4200000000000159,0.08,0.07
all_to_all_graph12_n16_d0p7,16,0.7,8,1000,-264.434,-259.076,-5.358000000000004,0.1,0.0,-273.274,-272.224,-1.0500000000000114,0.1769999999999999,0.081
all_to_all_graph12_n16_d0p7,16,0.7,9,1000,-271.318,-265.744,-5.573999999999955,0.189,0.003,-276.95,-275.686,-1.26400000000001,0.195,0.099
all_to_all_graph12_n16_d0p7,16,0.7,10,1000,-269.85,-262.562,-7.288000000000011,0.057,0.032,-276.86,-275.546,-1.3140000000000214,0.1759999999999999,0.153
all_to_all_graph13_n16_d0p7,16,0.7,1,1000,-268.494,-265.976,-2.5180000000000287,0.165,0.167,-283.328,-283.2,-0.1279999999999859,0.4199999999999999,0.452
all_to_all_graph13_n16_d0p7,16,0.7,2,1000,-266.864,-263.058,-3.805999999999983,0.155,0.1789999999999999,-277.812,-277.526,-0.2860000000000013,0.3009999999999999,0.312
all_to_all_graph13_n16_d0p7,16,0.7,3,1000,-266.212,-264.784,-1.4279999999999973,0.126,0.121,-283.02,-280.432,-2.587999999999965,0.387,0.383
all_to_all_graph13_n16_d0p7,16,0.7,4,1000,-272.512,-267.616,-4.896000000000015,0.3509999999999999,0.2829999999999999,-286.96,-285.872,-1.0879999999999654,0.6179999999999999,0.6189999999999999
all_to_all_graph13_n16_d0p7,16,0.7,5,1000,-270.228,-267.348,-2.8799999999999955,0.312,0.246,-287.126,-286.95,-0.1759999999999877,0.5799999999999998,0.6029999999999999
all_to_all_graph13_n16_d0p7,16,0.7,6,1000,-273.904,-266.766,-7.137999999999977,0.2889999999999999,0.216,-286.884,-283.198,-3.686000000000036,0.535,0.449
all_to_all_graph13_n16_d0p7,16,0.7,7,1000,-269.51,-265.654,-3.8559999999999945,0.138,0.163,-281.456,-282.234,0.777999999999963,0.3589999999999999,0.4309999999999999
all_to_all_graph13_n16_d0p7,16,0.7,8,1000,-271.358,-265.5,-5.858000000000004,0.117,0.123,-282.102,-281.53,-0.5720000000000027,0.31,0.3679999999999999
all_to_all_graph13_n16_d0p7,16,0.7,9,1000,-272.644,-270.494,-2.1499999999999773,0.2369999999999999,0.219,-285.196,-283.576,-1.6200000000000043,0.4149999999999999,0.4249999999999999
all_to_all_graph13_n16_d0p7,16,0.7,10,1000,-268.038,-264.908,-3.1299999999999955,0.225,0.2349999999999999,-279.736,-275.948,-3.7880000000000105,0.31,0.3489999999999999
all_to_all_graph14_n16_d0p7,16,0.7,1,1000,-259.876,-257.784,-2.0919999999999845,0.111,0.112,-263.166,-263.254,0.0880000000000222,0.111,0.112
all_to_all_graph14_n16_d0p7,16,0.7,2,1000,-255.662,-252.942,-2.719999999999999,0.16,0.121,-264.234,-263.054,-1.1800000000000068,0.1779999999999999,0.158
all_to_all_graph14_n16_d0p7,16,0.7,3,1000,-259.336,-258.63,-0.7060000000000172,0.1769999999999999,0.1739999999999999,-265.546,-265.854,0.3079999999999927,0.182,0.184
all_to_all_graph14_n16_d0p7,16,0.7,4,1000,-259.98,-255.21,-4.770000000000009,0.169,0.182,-263.624,-264.172,0.5480000000000018,0.169,0.193
all_to_all_graph14_n16_d0p7,16,0.7,5,1000,-262.628,-260.658,-1.9699999999999704,0.128,0.14,-265.936,-266.748,0.8120000000000118,0.13,0.1429999999999999
all_to_all_graph14_n16_d0p7,16,0.7,6,1000,-258.988,-254.876,-4.111999999999995,0.1469999999999999,0.131,-263.898,-262.734,-1.164000000000044,0.161,0.157
all_to_all_graph14_n16_d0p7,16,0.7,7,1000,-260.946,-258.36,-2.5860000000000127,0.136,0.1439999999999999,-263.28,-264.062,0.7820000000000391,0.1419999999999999,0.1449999999999999
all_to_all_graph14_n16_d0p7,16,0.7,8,1000,-254.118,-253.408,-0.7100000000000078,0.123,0.128,-264.85,-266.242,1.391999999999996,0.161,0.169
all_to_all_graph14_n16_d0p7,16,0.7,9,1000,-254.726,-251.416,-3.3100000000000023,0.106,0.124,-263.0,-263.006,0.0059999999999718,0.114,0.126
all_to_all_graph14_n16_d0p7,16,0.7,10,1000,-262.058,-258.126,-3.932000000000016,0.2089999999999999,0.186,-265.912,-265.506,-0.4060000000000059,0.2089999999999999,0.19
all_to_all_graph15_n16_d0p7,16,0.7,1,1000,-283.144,-279.594,-3.550000000000012,0.518,0.32,-286.968,-287.968,1.0,0.542,0.542
all_to_all_graph15_n16_d0p7,16,0.7,2,1000,-283.29,-282.18,-1.1100000000000136,0.1739999999999999,0.161,-290.662,-290.502,-0.1599999999999681,0.55,0.561
all_to_all_graph15_n16_d0p7,16,0.7,3,1000,-284.862,-279.206,-5.656000000000006,0.53,0.227,-289.626,-288.738,-0.8879999999999768,0.565,0.548
all_to_all_graph15_n16_d0p7,16,0.7,4,1000,-282.406,-277.772,-4.634000000000015,0.453,0.126,-285.518,-287.124,1.6060000000000514,0.4719999999999999,0.507
all_to_all_graph15_n16_d0p7,16,0.7,5,1000,-282.43,-280.2,-2.230000000000018,0.445,0.262,-285.868,-286.406,0.5380000000000109,0.509,0.547
all_to_all_graph15_n16_d0p7,16,0.7,6,1000,-280.334,-277.564,-2.769999999999982,0.4749999999999999,0.437,-283.942,-280.902,-3.0400000000000205,0.4859999999999999,0.443
all_to_all_graph15_n16_d0p7,16,0.7,7,1000,-281.69,-280.604,-1.0860000000000127,0.499,0.266,-284.41,-286.852,2.4419999999999504,0.505,0.549
all_to_all_graph15_n16_d0p7,16,0.7,8,1000,-277.138,-272.808,-4.329999999999984,0.3619999999999999,0.308,-284.42,-282.312,-2.108000000000004,0.497,0.4759999999999999
all_to_all_graph15_n16_d0p7,16,0.7,9,1000,-276.726,-274.264,-2.4619999999999886,0.224,0.165,-281.488,-283.092,1.603999999999985,0.445,0.4689999999999999
all_to_all_graph15_n16_d0p7,16,0.7,10,1000,-274.07,-269.96,-4.110000000000014,0.234,0.127,-281.312,-281.256,-0.05600000000004,0.436,0.438
all_to_all_graph16_n16_d0p7,16,0.7,1,1000,-296.52,-292.622,-3.897999999999968,0.746,0.655,-299.034,-297.844,-1.1899999999999975,0.808,0.786
all_to_all_graph16_n16_d0p7,16,0.7,2,1000,-295.0,-294.55,-0.4499999999999886,0.38,0.2989999999999999,-297.27,-298.13,0.8600000000000136,0.786,0.775
all_to_all_graph16_n16_d0p7,16,0.7,3,1000,-288.544,-283.992,-4.551999999999964,0.534,0.13,-295.962,-295.342,-0.6200000000000045,0.805,0.792
all_to_all_graph16_n16_d0p7,16,0.7,4,1000,-300.298,-293.2,-7.098000000000013,0.824,0.624,-301.05,-300.43,-0.6200000000000045,0.8589999999999999,0.8439999999999999
all_to_all_graph16_n16_d0p7,16,0.7,5,1000,-297.99,-295.222,-2.7680000000000287,0.8269999999999998,0.667,-300.504,-299.118,-1.386000000000024,0.8449999999999999,0.819
all_to_all_graph16_n16_d0p7,16,0.7,6,1000,-296.632,-294.292,-2.340000000000032,0.7189999999999999,0.405,-298.482,-300.41,1.9279999999999973,0.8259999999999998,0.8639999999999999
all_to_all_graph16_n16_d0p7,16,0.7,7,1000,-297.44,-294.58,-2.8600000000000136,0.629,0.636,-300.306,-298.928,-1.377999999999986,0.8519999999999999,0.816
all_to_all_graph16_n16_d0p7,16,0.7,8,1000,-298.826,-292.714,-6.112000000000023,0.8329999999999999,0.245,-300.734,-300.25,-0.4839999999999804,0.882,0.877
all_to_all_graph16_n16_d0p7,16,0.7,9,1000,-295.628,-294.258,-1.3700000000000043,0.775,0.7429999999999999,-296.92,-296.922,0.0020000000000095,0.788,0.767
all_to_all_graph16_n16_d0p7,16,0.7,10,1000,-298.722,-295.42,-3.301999999999964,0.824,0.7119999999999999,-299.364,-298.152,-1.2119999999999893,0.8289999999999998,0.805
all_to_all_graph17_n16_d0p7,16,0.7,1,1000,-290.276,-285.748,-4.52800000000002,0.169,0.1779999999999999,-298.932,-298.08,-0.8520000000000322,0.4699999999999999,0.4819999999999999
all_to_all_graph17_n16_d0p7,16,0.7,2,1000,-297.42,-297.102,-0.3180000000000404,0.0889999999999999,0.2979999999999999,-304.298,-305.72,1.4220000000000257,0.5909999999999999,0.663
all_to_all_graph17_n16_d0p7,16,0.7,3,1000,-294.976,-287.174,-7.802000000000021,0.2869999999999999,0.079,-304.94,-301.608,-3.3319999999999936,0.567,0.525
all_to_all_graph17_n16_d0p7,16,0.7,4,1000,-288.584,-283.896,-4.687999999999988,0.253,0.161,-298.482,-299.202,0.7199999999999704,0.45,0.4819999999999999
all_to_all_graph17_n16_d0p7,16,0.7,5,1000,-295.312,-289.252,-6.060000000000001,0.279,0.22,-302.394,-300.684,-1.7099999999999795,0.5899999999999999,0.555
all_to_all_graph17_n16_d0p7,16,0.7,6,1000,-292.548,-286.24,-6.307999999999993,0.1749999999999999,0.153,-299.552,-299.52,-0.0320000000000391,0.513,0.4939999999999999
all_to_all_graph17_n16_d0p7,16,0.7,7,1000,-296.524,-287.612,-8.911999999999978,0.313,0.2389999999999999,-304.052,-302.064,-1.9879999999999995,0.568,0.509
all_to_all_graph17_n16_d0p7,16,0.7,8,1000,-297.662,-294.84,-2.8220000000000027,0.335,0.3489999999999999,-302.874,-302.876,0.0019999999999527,0.6129999999999999,0.626
all_to_all_graph17_n16_d0p7,16,0.7,9,1000,-287.176,-280.172,-7.003999999999961,0.1419999999999999,0.1779999999999999,-299.214,-298.342,-0.8720000000000141,0.4779999999999999,0.4749999999999999
all_to_all_graph17_n16_d0p7,16,0.7,10,1000,-294.004,-293.184,-0.8199999999999931,0.277,0.2359999999999999,-300.574,-302.294,1.7199999999999704,0.4809999999999999,0.518
all_to_all_graph18_n16_d0p7,16,0.7,1,1000,-231.404,-226.156,-5.247999999999991,0.128,0.063,-237.188,-236.318,-0.8699999999999761,0.217,0.197
all_to_all_graph18_n16_d0p7,16,0.7,2,1000,-233.086,-230.938,-2.148000000000025,0.183,0.1189999999999999,-238.758,-238.054,-0.7040000000000077,0.258,0.2039999999999999
all_to_all_graph18_n16_d0p7,16,0.7,3,1000,-233.762,-229.81,-3.951999999999998,0.2129999999999999,0.1789999999999999,-240.778,-238.934,-1.843999999999994,0.2829999999999999,0.245
all_to_all_graph18_n16_d0p7,16,0.7,4,1000,-235.37,-229.202,-6.168000000000006,0.224,0.106,-238.97,-236.94,-2.0300000000000007,0.268,0.248
all_to_all_graph18_n16_d0p7,16,0.7,5,1000,-237.418,-230.442,-6.975999999999999,0.245,0.1789999999999999,-240.976,-240.584,-0.3919999999999959,0.255,0.259
all_to_all_graph18_n16_d0p7,16,0.7,6,1000,-233.144,-231.124,-2.0200000000000102,0.2379999999999999,0.1749999999999999,-238.714,-237.52,-1.1939999999999884,0.277,0.234
all_to_all_graph18_n16_d0p7,16,0.7,7,1000,-236.434,-233.874,-2.5600000000000023,0.2389999999999999,0.184,-242.512,-240.464,-2.048000000000002,0.342,0.2919999999999999
all_to_all_graph18_n16_d0p7,16,0.7,8,1000,-238.268,-235.392,-2.8760000000000048,0.327,0.2959999999999999,-243.838,-242.116,-1.72199999999998,0.3669999999999999,0.3509999999999999
all_to_all_graph18_n16_d0p7,16,0.7,9,1000,-230.394,-224.732,-5.662000000000006,0.201,0.155,-239.662,-239.252,-0.4099999999999965,0.254,0.261
all_to_all_graph18_n16_d0p7,16,0.7,10,1000,-232.582,-230.996,-1.5859999999999843,0.1729999999999999,0.1729999999999999,-239.396,-238.604,-0.7919999999999731,0.2109999999999999,0.217
all_to_all_graph19_n16_d0p7,16,0.7,1,1000,-324.608,-322.438,-2.170000000000016,0.389,0.4169999999999999,-332.362,-332.828,0.4659999999999513,0.39,0.4189999999999999
all_to_all_graph19_n16_d0p7,16,0.7,2,1000,-326.714,-324.498,-2.216000000000008,0.398,0.46,-335.526,-334.92,-0.6059999999999945,0.398,0.46
all_to_all_graph19_n16_d0p7,16,0.7,3,1000,-331.492,-324.422,-7.069999999999993,0.542,0.4169999999999999,-333.76,-330.448,-3.312000000000012,0.544,0.4169999999999999
all_to_all_graph19_n16_d0p7,16,0.7,4,1000,-320.216,-314.924,-5.29200000000003,0.121,0.01,-330.168,-329.35,-0.8179999999999836,0.319,0.3479999999999999
all_to_all_graph19_n16_d0p7,16,0.7,5,1000,-334.604,-328.884,-5.7199999999999696,0.65,0.4899999999999999,-336.24,-333.634,-2.6059999999999945,0.653,0.4909999999999999
all_to_all_graph19_n16_d0p7,16,0.7,6,1000,-325.432,-323.984,-1.448000000000036,0.336,0.387,-330.814,-332.12,1.3059999999999832,0.336,0.388
all_to_all_graph19_n16_d0p7,16,0.7,7,1000,-320.378,-314.862,-5.515999999999963,0.007,0.0,-336.68,-332.436,-4.244000000000028,0.406,0.387
all_to_all_graph19_n16_d0p7,16,0.7,8,1000,-328.848,-325.314,-3.533999999999992,0.4269999999999999,0.451,-333.024,-333.912,0.8879999999999768,0.4289999999999999,0.468
all_to_all_graph19_n16_d0p7,16,0.7,9,1000,-315.892,-312.832,-3.0600000000000023,0.2859999999999999,0.329,-326.816,-328.418,1.6020000000000325,0.2889999999999999,0.334
all_to_all_graph19_n16_d0p7,16,0.7,10,1000,-321.338,-318.8,-2.538000000000011,0.04,0.002,-333.264,-332.988,-0.2760000000000104,0.3629999999999999,0.396
all_to_all_graph0_n16_d0p9,16,0.9,1,1000,-318.65,-313.224,-5.425999999999988,0.275,0.269,-325.054,-323.564,-1.4899999999999525,0.6109999999999999,0.5929999999999999
all_to_all_graph0_n16_d0p9,16,0.9,2,1000,-321.274,-314.566,-6.708000000000027,0.564,0.532,-323.794,-321.064,-2.7299999999999613,0.5879999999999999,0.5799999999999998
all_to_all_graph0_n16_d0p9,16,0.9,3,1000,-318.218,-307.046,-11.172000000000024,0.465,0.313,-324.48,-326.508,2.027999999999963,0.5969999999999999,0.65
all_to_all_graph0_n16_d0p9,16,0.9,4,1000,-320.864,-309.702,-11.161999999999978,0.566,0.375,-324.732,-326.724,1.9919999999999616,0.5909999999999999,0.6179999999999999
all_to_all_graph0_n16_d0p9,16,0.9,5,1000,-312.078,-307.352,-4.725999999999999,0.436,0.402,-323.924,-323.716,-0.2079999999999699,0.5759999999999998,0.567
all_to_all_graph0_n16_d0p9,16,0.9,6,1000,-325.076,-320.76,-4.316000000000031,0.628,0.5849999999999999,-326.212,-323.874,-2.337999999999965,0.629,0.6019999999999999
all_to_all_graph0_n16_d0p9,16,0.9,7,1000,-317.812,-311.072,-6.740000000000009,0.3549999999999999,0.333,-326.7,-323.054,-3.646000000000015,0.627,0.6049999999999999
all_to_all_graph0_n16_d0p9,16,0.9,8,1000,-316.336,-311.136,-5.199999999999989,0.4749999999999999,0.4809999999999999,-328.044,-327.792,-0.2520000000000095,0.6119999999999999,0.638
all_to_all_graph0_n16_d0p9,16,0.9,9,1000,-314.724,-307.198,-7.52600000000001,0.258,0.2129999999999999,-323.208,-322.762,-0.4460000000000263,0.555,0.562
all_to_all_graph0_n16_d0p9,16,0.9,10,1000,-313.824,-306.014,-7.810000000000001,0.504,0.2919999999999999,-317.296,-314.022,-3.274000000000001,0.517,0.501
all_to_all_graph1_n16_d0p9,16,0.9,1,1000,-278.612,-275.21,-3.402000000000044,0.32,0.3509999999999999,-285.336,-282.838,-2.4979999999999905,0.3589999999999999,0.393
all_to_all_graph1_n16_d0p9,16,0.9,2,1000,-277.436,-275.894,-1.5419999999999732,0.268,0.3049999999999999,-285.166,-283.854,-1.3120000000000118,0.316,0.336
all_to_all_graph1_n16_d0p9,16,0.9,3,1000,-284.364,-278.932,-5.43199999999996,0.39,0.329,-287.846,-284.916,-2.930000000000007,0.4309999999999999,0.37
all_to_all_graph1_n16_d0p9,16,0.9,4,1000,-275.634,-271.38,-4.254000000000019,0.1779999999999999,0.23,-285.578,-286.736,1.1580000000000157,0.2069999999999999,0.263
all_to_all_graph1_n16_d0p9,16,0.9,5,1000,-279.456,-277.328,-2.1280000000000427,0.3039999999999999,0.308,-284.642,-284.294,-0.3480000000000131,0.3049999999999999,0.324
all_to_all_graph1_n16_d0p9,16,0.9,6,1000,-276.004,-273.184,-2.8199999999999927,0.2349999999999999,0.279,-284.616,-285.222,0.6059999999999945,0.2909999999999999,0.339
all_to_all_graph1_n16_d0p9,16,0.9,7,1000,-274.772,-270.928,-3.8439999999999936,0.276,0.307,-282.082,-283.656,1.5740000000000125,0.3029999999999999,0.3579999999999999
all_to_all_graph1_n16_d0p9,16,0.9,8,1000,-283.106,-280.39,-2.716000000000008,0.3449999999999999,0.3549999999999999,-287.17,-287.386,0.2160000000000081,0.3649999999999999,0.382
all_to_all_graph1_n16_d0p9,16,0.9,9,1000,-283.028,-279.762,-3.26600000000002,0.322,0.4,-286.562,-286.776,0.2139999999999986,0.3549999999999999,0.436
all_to_all_graph1_n16_d0p9,16,0.9,10,1000,-278.142,-273.952,-4.189999999999998,0.308,0.342,-285.358,-285.276,-0.0819999999999936,0.3519999999999999,0.39
all_to_all_graph2_n16_d0p9,16,0.9,1,1000,-352.4,-341.512,-10.887999999999977,0.399,0.331,-356.386,-352.644,-3.742000000000018,0.406,0.3659999999999999
all_to_all_graph2_n16_d0p9,16,0.9,2,1000,-359.454,-356.598,-2.8559999999999945,0.455,0.439,-360.206,-358.61,-1.5960000000000036,0.455,0.444
all_to_all_graph2_n16_d0p9,16,0.9,3,1000,-354.872,-344.824,-10.048000000000002,0.4209999999999999,0.3619999999999999,-357.018,-353.612,-3.4059999999999486,0.4209999999999999,0.396
all_to_all_graph2_n16_d0p9,16,0.9,4,1000,-356.314,-346.886,-9.427999999999997,0.4699999999999999,0.4179999999999999,-360.258,-353.642,-6.6159999999999854,0.4749999999999999,0.4199999999999999
all_to_all_graph2_n16_d0p9,16,0.9,5,1000,-354.872,-345.246,-9.626000000000031,0.386,0.248,-361.538,-355.778,-5.759999999999991,0.451,0.385
all_to_all_graph2_n16_d0p9,16,0.9,6,1000,-360.248,-353.246,-7.0020000000000095,0.4779999999999999,0.443,-362.344,-358.092,-4.2520000000000095,0.4779999999999999,0.456
all_to_all_graph2_n16_d0p9,16,0.9,7,1000,-359.734,-357.566,-2.1680000000000064,0.459,0.443,-362.644,-361.782,-0.8620000000000231,0.459,0.444
all_to_all_graph2_n16_d0p9,16,0.9,8,1000,-363.464,-352.552,-10.911999999999978,0.4939999999999999,0.467,-364.522,-358.806,-5.716000000000008,0.496,0.4779999999999999
all_to_all_graph2_n16_d0p9,16,0.9,9,1000,-353.97,-347.662,-6.30800000000005,0.436,0.382,-356.528,-353.738,-2.7900000000000205,0.441,0.4079999999999999
all_to_all_graph2_n16_d0p9,16,0.9,10,1000,-356.926,-352.214,-4.711999999999989,0.39,0.3689999999999999,-358.618,-356.202,-2.415999999999997,0.393,0.375
all_to_all_graph3_n16_d0p9,16,0.9,1,1000,-326.206,-316.546,-9.660000000000023,0.3679999999999999,0.311,-344.308,-342.834,-1.4739999999999895,0.649,0.5979999999999999
all_to_all_graph3_n16_d0p9,16,0.9,2,1000,-320.894,-310.148,-10.74599999999998,0.332,0.2929999999999999,-337.718,-334.568,-3.150000000000034,0.557,0.528
all_to_all_graph3_n16_d0p9,16,0.9,3,1000,-327.088,-321.222,-5.866000000000041,0.373,0.385,-341.972,-344.988,3.01600000000002,0.6109999999999999,0.648
all_to_all_graph3_n16_d0p9,16,0.9,4,1000,-311.1,-302.912,-8.188000000000045,0.3669999999999999,0.248,-340.03,-333.464,-6.565999999999974,0.5899999999999999,0.45
all_to_all_graph3_n16_d0p9,16,0.9,5,1000,-329.988,-310.632,-19.355999999999995,0.519,0.3649999999999999,-345.362,-344.854,-0.5080000000000382,0.682,0.639
all_to_all_graph3_n16_d0p9,16,0.9,6,1000,-334.106,-316.35,-17.755999999999972,0.5939999999999999,0.398,-342.746,-341.042,-1.7040000000000075,0.665,0.667
all_to_all_graph3_n16_d0p9,16,0.9,7,1000,-329.774,-315.034,-14.740000000000007,0.394,0.25,-342.158,-339.14,-3.0180000000000287,0.6019999999999999,0.566
all_to_all_graph3_n16_d0p9,16,0.9,8,1000,-321.604,-315.05,-6.553999999999974,0.447,0.3679999999999999,-349.644,-347.702,-1.9420000000000075,0.7099999999999999,0.7059999999999998
all_to_all_graph3_n16_d0p9,16,0.9,9,1000,-326.36,-313.128,-13.232000000000028,0.441,0.339,-343.388,-338.296,-5.0919999999999845,0.655,0.629
all_to_all_graph3_n16_d0p9,16,0.9,10,1000,-329.092,-328.158,-0.933999999999969,0.386,0.396,-345.204,-345.346,0.1419999999999959,0.626,0.644
all_to_all_graph4_n16_d0p9,16,0.9,1,1000,-287.776,-276.034,-11.74200000000002,0.197,0.115,-299.172,-299.114,-0.0580000000000495,0.2419999999999999,0.228
all_to_all_graph4_n16_d0p9,16,0.9,2,1000,-291.072,-283.424,-7.648000000000024,0.185,0.156,-296.58,-299.808,3.2280000000000086,0.2929999999999999,0.2849999999999999
all_to_all_graph4_n16_d0p9,16,0.9,3,1000,-289.958,-281.03,-8.928000000000054,0.246,0.234,-296.81,-298.312,1.5020000000000095,0.263,0.249
all_to_all_graph4_n16_d0p9,16,0.9,4,1000,-289.308,-284.65,-4.658000000000016,0.105,0.158,-300.124,-299.0,-1.1240000000000236,0.2939999999999999,0.266
all_to_all_graph4_n16_d0p9,16,0.9,5,1000,-290.888,-276.21,-14.677999999999995,0.107,0.0879999999999999,-297.888,-296.422,-1.4659999999999511,0.264,0.2409999999999999
all_to_all_graph4_n16_d0p9,16,0.9,6,1000,-293.132,-286.364,-6.768000000000029,0.169,0.135,-300.666,-300.75,0.0840000000000031,0.279,0.264
all_to_all_graph4_n16_d0p9,16,0.9,7,1000,-285.166,-278.302,-6.863999999999976,0.138,0.108,-295.528,-294.268,-1.2600000000000475,0.338,0.315
all_to_all_graph4_n16_d0p9,16,0.9,8,1000,-294.506,-280.73,-13.775999999999954,0.113,0.101,-298.082,-296.454,-1.627999999999986,0.273,0.263
all_to_all_graph4_n16_d0p9,16,0.9,9,1000,-289.288,-279.824,-9.463999999999999,0.152,0.127,-299.314,-299.584,0.2699999999999818,0.261,0.249
all_to_all_graph4_n16_d0p9,16,0.9,10,1000,-296.182,-287.974,-8.208000000000025,0.191,0.161,-301.506,-300.322,-1.1839999999999693,0.314,0.2949999999999999
all_to_all_graph5_n16_d0p9,16,0.9,1,1000,-305.62,-289.828,-15.79200000000003,0.501,0.37,-313.158,-308.436,-4.722000000000037,0.532,0.4819999999999999
all_to_all_graph5_n16_d0p9,16,0.9,2,1000,-296.858,-281.522,-15.336000000000013,0.4219999999999999,0.273,-313.176,-311.984,-1.1920000000000073,0.558,0.552
all_to_all_graph5_n16_d0p9,16,0.9,3,1000,-306.074,-290.756,-15.31800000000004,0.4929999999999999,0.3599999999999999,-318.552,-318.856,0.3039999999999736,0.5829999999999999,0.5859999999999999
all_to_all_graph5_n16_d0p9,16,0.9,4,1000,-309.868,-297.158,-12.70999999999998,0.496,0.3509999999999999,-317.706,-323.852,6.145999999999958,0.562,0.6139999999999999
all_to_all_graph5_n16_d0p9,16,0.9,5,1000,-295.066,-280.778,-14.287999999999954,0.394,0.3019999999999999,-307.262,-303.118,-4.1440000000000055,0.497,0.468
all_to_all_graph5_n16_d0p9,16,0.9,6,1000,-308.792,-301.908,-6.883999999999958,0.508,0.442,-317.154,-315.142,-2.0120000000000005,0.571,0.553
all_to_all_graph5_n16_d0p9,16,0.9,7,1000,-302.888,-284.678,-18.20999999999998,0.4709999999999999,0.38,-317.45,-312.416,-5.033999999999992,0.574,0.526
all_to_all_graph5_n16_d0p9,16,0.9,8,1000,-306.846,-300.396,-6.449999999999989,0.4929999999999999,0.4689999999999999,-318.238,-318.32,0.0819999999999936,0.574,0.5779999999999998
all_to_all_graph5_n16_d0p9,16,0.9,9,1000,-308.246,-301.028,-7.217999999999962,0.499,0.4699999999999999,-319.67,-319.332,-0.3380000000000222,0.5959999999999999,0.5989999999999999
all_to_all_graph5_n16_d0p9,16,0.9,10,1000,-295.952,-287.668,-8.28399999999999,0.4199999999999999,0.3449999999999999,-310.78,-313.596,2.816000000000031,0.515,0.544
all_to_all_graph6_n16_d0p9,16,0.9,1,1000,-307.44,-302.806,-4.634000000000015,0.188,0.129,-311.156,-310.448,-0.7080000000000268,0.397,0.401
all_to_all_graph6_n16_d0p9,16,0.9,2,1000,-309.14,-305.228,-3.9119999999999777,0.1799999999999999,0.0429999999999999,-311.93,-310.208,-1.72199999999998,0.37,0.3659999999999999
all_to_all_graph6_n16_d0p9,16,0.9,3,1000,-306.236,-300.3,-5.935999999999979,0.337,0.067,-306.86,-304.396,-2.463999999999998,0.3629999999999999,0.3629999999999999
all_to_all_graph6_n16_d0p9,16,0.9,4,1000,-308.552,-303.994,-4.557999999999993,0.0929999999999999,0.08,-311.304,-307.002,-4.301999999999964,0.3639999999999999,0.34
all_to_all_graph6_n16_d0p9,16,0.9,5,1000,-307.23,-302.624,-4.6059999999999945,0.275,0.05,-308.532,-306.706,-1.825999999999965,0.333,0.324
all_to_all_graph6_n16_d0p9,16,0.9,6,1000,-312.638,-306.188,-6.449999999999989,0.403,0.33,-314.614,-310.446,-4.1679999999999495,0.445,0.4109999999999999
all_to_all_graph6_n16_d0p9,16,0.9,7,1000,-306.32,-301.686,-4.634000000000015,0.1419999999999999,0.0909999999999999,-308.666,-305.192,-3.473999999999989,0.34,0.333
all_to_all_graph6_n16_d0p9,16,0.9,8,1000,-309.444,-303.708,-5.73599999999999,0.155,0.099,-312.27,-310.052,-2.217999999999961,0.38,0.3559999999999999
all_to_all_graph6_n16_d0p9,16,0.9,9,1000,-304.244,-301.302,-2.9420000000000077,0.0109999999999999,0.024,-308.636,-304.584,-4.052000000000021,0.322,0.2949999999999999
all_to_all_graph6_n16_d0p9,16,0.9,10,1000,-300.642,-294.162,-6.480000000000017,0.129,0.056,-307.826,-307.596,-0.2300000000000181,0.328,0.3469999999999999
all_to_all_graph7_n16_d0p9,16,0.9,1,1000,-342.226,-334.484,-7.742000000000018,0.433,0.454,-348.704,-345.946,-2.7579999999999814,0.52,0.564
all_to_all_graph7_n16_d0p9,16,0.9,2,1000,-335.672,-325.024,-10.648000000000025,0.335,0.391,-346.478,-341.334,-5.1440000000000055,0.4819999999999999,0.4919999999999999
all_to_all_graph7_n16_d0p9,16,0.9,3,1000,-319.424,-315.108,-4.315999999999974,0.008,0.276,-333.472,-336.99,3.5180000000000287,0.33,0.4199999999999999
all_to_all_graph7_n16_d0p9,16,0.9,4,1000,-333.174,-325.974,-7.199999999999989,0.376,0.385,-341.298,-341.418,0.1200000000000045,0.46,0.496
all_to_all_graph7_n16_d0p9,16,0.9,5,1000,-336.62,-328.024,-8.596000000000004,0.3609999999999999,0.378,-342.07,-339.458,-2.6119999999999663,0.466,0.498
all_to_all_graph7_n16_d0p9,16,0.9,6,1000,-332.992,-325.048,-7.944000000000016,0.4309999999999999,0.3479999999999999,-338.85,-341.38,2.5299999999999727,0.461,0.503
all_to_all_graph7_n16_d0p9,16,0.9,7,1000,-336.85,-331.426,-5.424000000000035,0.437,0.4829999999999999,-349.29,-349.852,0.5619999999999549,0.5819999999999999,0.625
all_to_all_graph7_n16_d0p9,16,0.9,8,1000,-331.108,-324.814,-6.293999999999984,0.276,0.314,-339.274,-337.816,-1.4580000000000268,0.39,0.4199999999999999
all_to_all_graph7_n16_d0p9,16,0.9,9,1000,-332.966,-325.69,-7.27600000000001,0.095,0.3509999999999999,-344.81,-343.904,-0.906000000000006,0.444,0.4919999999999999
all_to_all_graph7_n16_d0p9,16,0.9,10,1000,-323.774,-316.242,-7.531999999999982,0.0,0.0909999999999999,-336.41,-336.866,0.4559999999999604,0.4139999999999999,0.393
all_to_all_graph8_n16_d0p9,16,0.9,1,1000,-271.422,-269.07,-2.3520000000000323,0.135,0.127,-277.832,-277.078,-0.7540000000000191,0.135,0.127
all_to_all_graph8_n16_d0p9,16,0.9,2,1000,-275.31,-270.388,-4.9220000000000255,0.222,0.186,-278.282,-275.636,-2.6459999999999586,0.222,0.186
all_to_all_graph8_n16_d0p9,16,0.9,3,1000,-273.782,-269.906,-3.875999999999976,0.252,0.217,-277.194,-277.62,0.4259999999999877,0.252,0.218
all_to_all_graph8_n16_d0p9,16,0.9,4,1000,-276.332,-274.792,-1.5400000000000205,0.2419999999999999,0.2399999999999999,-279.284,-278.676,-0.608000000000004,0.2419999999999999,0.2409999999999999
all_to_all_graph8_n16_d0p9,16,0.9,5,1000,-277.054,-273.014,-4.039999999999964,0.257,0.228,-279.954,-279.272,-0.6820000000000163,0.261,0.228
all_to_all_graph8_n16_d0p9,16,0.9,6,1000,-275.892,-272.054,-3.8380000000000223,0.157,0.135,-279.182,-277.8,-1.382000000000005,0.158,0.135
all_to_all_graph8_n16_d0p9,16,0.9,7,1000,-279.254,-272.024,-7.230000000000017,0.2939999999999999,0.2909999999999999,-281.772,-279.556,-2.216000000000008,0.2949999999999999,0.2909999999999999
all_to_all_graph8_n16_d0p9,16,0.9,8,1000,-276.414,-269.226,-7.187999999999988,0.267,0.2069999999999999,-278.082,-274.602,-3.480000000000018,0.267,0.2069999999999999
all_to_all_graph8_n16_d0p9,16,0.9,9,1000,-277.698,-274.69,-3.0079999999999814,0.261,0.2419999999999999,-279.644,-279.648,0.004000000000019,0.262,0.2419999999999999
all_to_all_graph8_n16_d0p9,16,0.9,10,1000,-273.734,-270.9,-2.834000000000003,0.2119999999999999,0.2119999999999999,-278.712,-278.84,0.1279999999999859,0.2119999999999999,0.2119999999999999
all_to_all_graph9_n16_d0p9,16,0.9,1,1000,-319.81,-314.942,-4.867999999999995,0.105,0.056,-325.732,-324.152,-1.5800000000000407,0.105,0.056
all_to_all_graph9_n16_d0p9,16,0.9,2,1000,-327.464,-326.418,-1.0459999999999925,0.1409999999999999,0.132,-330.416,-330.188,-0.2280000000000086,0.1409999999999999,0.132
all_to_all_graph9_n16_d0p9,16,0.9,3,1000,-329.184,-323.484,-5.7000000000000455,0.081,0.07,-331.336,-332.236,0.8999999999999772,0.081,0.07
all_to_all_graph9_n16_d0p9,16,0.9,4,1000,-327.892,-323.232,-4.659999999999968,0.199,0.155,-330.004,-327.392,-2.612000000000023,0.199,0.155
all_to_all_graph9_n16_d0p9,16,0.9,5,1000,-322.616,-319.42,-3.195999999999969,0.164,0.123,-326.966,-327.424,0.4579999999999699,0.164,0.123
all_to_all_graph9_n16_d0p9,16,0.9,6,1000,-328.312,-320.02,-8.29200000000003,0.07,0.047,-333.596,-329.756,-3.840000000000032,0.07,0.047
all_to_all_graph9_n16_d0p9,16,0.9,7,1000,-324.416,-322.102,-2.3140000000000214,0.135,0.135,-328.764,-328.078,-0.6860000000000354,0.135,0.135
all_to_all_graph9_n16_d0p9,16,0.9,8,1000,-322.24,-320.472,-1.768000000000029,0.129,0.137,-326.692,-326.97,0.27800000000002,0.129,0.138
all_to_all_graph9_n16_d0p9,16,0.9,9,1000,-322.43,-318.206,-4.2239999999999895,0.1179999999999999,0.0899999999999999,-329.808,-329.448,-0.3600000000000136,0.1179999999999999,0.0899999999999999
all_to_all_graph9_n16_d0p9,16,0.9,10,1000,-328.868,-324.27,-4.598000000000013,0.203,0.197,-332.272,-330.164,-2.108000000000004,0.203,0.197
all_to_all_graph10_n16_d0p9,16,0.9,1,1000,-304.126,-297.294,-6.831999999999994,0.3519999999999999,0.097,-309.432,-306.798,-2.6340000000000146,0.5989999999999999,0.573
all_to_all_graph10_n16_d0p9,16,0.9,2,1000,-305.934,-297.428,-8.506000000000029,0.264,0.029,-317.348,-313.876,-3.472000000000037,0.697,0.65
all_to_all_graph10_n16_d0p9,16,0.9,3,1000,-310.498,-304.49,-6.0079999999999805,0.162,0.003,-316.684,-314.864,-1.82000000000005,0.674,0.676
all_to_all_graph10_n16_d0p9,16,0.9,4,1000,-298.636,-294.182,-4.454000000000008,0.405,0.197,-306.194,-304.142,-2.052000000000021,0.553,0.537
all_to_all_graph10_n16_d0p9,16,0.9,5,1000,-310.658,-302.888,-7.770000000000039,0.281,0.005,-317.396,-314.582,-2.8140000000000214,0.7119999999999999,0.7029999999999998
all_to_all_graph10_n16_d0p9,16,0.9,6,1000,-308.406,-302.436,-5.970000000000027,0.4859999999999999,0.378,-311.75,-308.468,-3.2819999999999823,0.628,0.5939999999999999
all_to_all_graph10_n16_d0p9,16,0.9,7,1000,-313.29,-307.42,-5.8700000000000045,0.4119999999999999,0.307,-317.236,-313.682,-3.5539999999999736,0.684,0.653
all_to_all_graph10_n16_d0p9,16,0.9,8,1000,-307.494,-300.96,-6.534000000000049,0.261,0.0899999999999999,-316.336,-312.77,-3.566000000000031,0.7049999999999998,0.655
all_to_all_graph10_n16_d0p9,16,0.9,9,1000,-301.466,-298.628,-2.8380000000000223,0.062,0.007,-313.22,-311.868,-1.3520000000000325,0.673,0.65
all_to_all_graph10_n16_d0p9,16,0.9,10,1000,-311.308,-302.782,-8.52600000000001,0.465,0.107,-316.728,-315.836,-0.8919999999999959,0.696,0.693
all_to_all_graph11_n16_d0p9,16,0.9,1,1000,-304.364,-305.494,1.1300000000000523,0.319,0.3519999999999999,-311.202,-312.246,1.0439999999999827,0.3509999999999999,0.393
all_to_all_graph11_n16_d0p9,16,0.9,2,1000,-294.198,-294.978,0.7800000000000294,0.1769999999999999,0.222,-298.852,-302.336,3.4840000000000373,0.1789999999999999,0.2399999999999999
all_to_all_graph11_n16_d0p9,16,0.9,3,1000,-303.24,-299.39,-3.850000000000023,0.2939999999999999,0.2369999999999999,-306.186,-304.894,-1.2919999999999732,0.2989999999999999,0.3019999999999999
all_to_all_graph11_n16_d0p9,16,0.9,4,1000,-305.904,-298.274,-7.6299999999999955,0.258,0.183,-308.346,-304.814,-3.5319999999999823,0.259,0.183
all_to_all_graph11_n16_d0p9,16,0.9,5,1000,-302.262,-298.296,-3.966000000000008,0.219,0.2069999999999999,-304.142,-303.326,-0.815999999999974,0.219,0.2069999999999999
all_to_all_graph11_n16_d0p9,16,0.9,6,1000,-302.22,-301.658,-0.5620000000000118,0.2089999999999999,0.2129999999999999,-305.036,-304.982,-0.0539999999999736,0.2089999999999999,0.221
all_to_all_graph11_n16_d0p9,16,0.9,7,1000,-306.956,-302.938,-4.018000000000029,0.233,0.2389999999999999,-307.978,-307.278,-0.6999999999999886,0.233,0.2389999999999999
all_to_all_graph11_n16_d0p9,16,0.9,8,1000,-300.286,-297.342,-2.944000000000017,0.228,0.2369999999999999,-303.606,-302.706,-0.8999999999999772,0.228,0.2399999999999999
all_to_all_graph11_n16_d0p9,16,0.9,9,1000,-305.316,-300.166,-5.149999999999976,0.219,0.2049999999999999,-307.894,-306.084,-1.8100000000000025,0.219,0.227
all_to_all_graph11_n16_d0p9,16,0.9,10,1000,-310.486,-308.544,-1.9420000000000075,0.343,0.399,-312.178,-312.082,-0.0960000000000036,0.343,0.399
all_to_all_graph12_n16_d0p9,16,0.9,1,1000,-332.798,-330.734,-2.0640000000000214,0.153,0.1,-343.974,-342.134,-1.839999999999975,0.254,0.3019999999999999
all_to_all_graph12_n16_d0p9,16,0.9,2,1000,-338.592,-322.096,-16.49599999999998,0.3649999999999999,0.0459999999999999,-341.604,-337.054,-4.550000000000011,0.3669999999999999,0.317
all_to_all_graph12_n16_d0p9,16,0.9,3,1000,-340.062,-338.42,-1.641999999999996,0.383,0.324,-344.454,-343.574,-0.8799999999999955,0.385,0.328
all_to_all_graph12_n16_d0p9,16,0.9,4,1000,-343.146,-337.848,-5.298000000000002,0.403,0.3659999999999999,-346.676,-345.36,-1.315999999999974,0.4079999999999999,0.3679999999999999
all_to_all_graph12_n16_d0p9,16,0.9,5,1000,-341.15,-329.706,-11.44399999999996,0.439,0.388,-342.638,-340.92,-1.717999999999961,0.439,0.405
all_to_all_graph12_n16_d0p9,16,0.9,6,1000,-337.27,-329.364,-7.906000000000007,0.1029999999999999,0.056,-344.838,-340.792,-4.046000000000049,0.317,0.2379999999999999
all_to_all_graph12_n16_d0p9,16,0.9,7,1000,-344.896,-338.414,-6.482000000000028,0.1779999999999999,0.191,-350.656,-349.866,-0.7900000000000204,0.379,0.379
all_to_all_graph12_n16_d0p9,16,0.9,8,1000,-338.842,-332.67,-6.171999999999969,0.2919999999999999,0.2979999999999999,-345.94,-342.84,-3.1000000000000227,0.317,0.309
all_to_all_graph12_n16_d0p9,16,0.9,9,1000,-337.706,-328.384,-9.322000000000001,0.169,0.0379999999999999,-345.966,-343.172,-2.7939999999999827,0.1769999999999999,0.199
all_to_all_graph12_n16_d0p9,16,0.9,10,1000,-343.96,-338.118,-5.8419999999999845,0.44,0.375,-345.692,-342.722,-2.9700000000000277,0.44,0.386
all_to_all_graph13_n16_d0p9,16,0.9,1,1000,-348.154,-347.45,-0.7040000000000077,0.008,0.031,-364.428,-366.05,1.622000000000014,0.5999999999999999,0.5949999999999999
all_to_all_graph13_n16_d0p9,16,0.9,2,1000,-361.172,-352.356,-8.816000000000033,0.542,0.1779999999999999,-364.52,-364.784,0.26400000000001,0.565,0.533
all_to_all_graph13_n16_d0p9,16,0.9,3,1000,-353.354,-344.914,-8.439999999999996,0.635,0.549,-362.5,-363.956,1.4560000000000173,0.691,0.648
all_to_all_graph13_n16_d0p9,16,0.9,4,1000,-350.966,-349.242,-1.7239999999999895,0.4769999999999999,0.134,-363.754,-361.556,-2.198000000000036,0.5829999999999999,0.516
all_to_all_graph13_n16_d0p9,16,0.9,5,1000,-351.986,-344.412,-7.574000000000013,0.1759999999999999,0.121,-368.296,-365.792,-2.504000000000019,0.672,0.648
all_to_all_graph13_n16_d0p9,16,0.9,6,1000,-354.246,-351.26,-2.98599999999999,0.01,0.0369999999999999,-368.784,-371.568,2.783999999999992,0.7319999999999999,0.761
all_to_all_graph13_n16_d0p9,16,0.9,7,1000,-356.174,-346.678,-9.495999999999983,0.27,0.139,-369.178,-368.512,-0.6659999999999968,0.689,0.694
all_to_all_graph13_n16_d0p9,16,0.9,8,1000,-349.53,-345.616,-3.9139999999999873,0.107,0.14,-368.284,-367.62,-0.6639999999999872,0.679,0.662
all_to_all_graph13_n16_d0p9,16,0.9,9,1000,-350.686,-338.332,-12.353999999999983,0.1779999999999999,0.122,-364.112,-361.464,-2.648000000000025,0.5949999999999999,0.548
all_to_all_graph13_n16_d0p9,16,0.9,10,1000,-351.21,-347.5,-3.70999999999998,0.171,0.138,-366.462,-368.59,2.1279999999999855,0.6189999999999999,0.645
all_to_all_graph14_n16_d0p9,16,0.9,1,1000,-327.676,-325.742,-1.9339999999999689,0.564,0.4,-332.258,-338.976,6.718000000000018,0.565,0.646
all_to_all_graph14_n16_d0p9,16,0.9,2,1000,-328.712,-329.456,0.7440000000000281,0.1739999999999999,0.116,-332.894,-339.15,6.255999999999972,0.565,0.6169999999999999
all_to_all_graph14_n16_d0p9,16,0.9,3,1000,-331.072,-324.22,-6.851999999999976,0.4149999999999999,0.1029999999999999,-335.284,-335.682,0.3980000000000245,0.571,0.5819999999999999
all_to_all_graph14_n16_d0p9,16,0.9,4,1000,-338.076,-332.256,-5.82000000000005,0.5909999999999999,0.5889999999999999,-340.202,-340.772,0.5699999999999931,0.633,0.639
all_to_all_graph14_n16_d0p9,16,0.9,5,1000,-336.068,-336.702,0.6340000000000146,0.5849999999999999,0.6119999999999999,-337.952,-340.56,2.608000000000004,0.5869999999999999,0.6159999999999999
all_to_all_graph14_n16_d0p9,16,0.9,6,1000,-327.846,-324.002,-3.8439999999999936,0.159,0.122,-333.794,-334.46,0.6659999999999968,0.5859999999999999,0.5949999999999999
all_to_all_graph14_n16_d0p9,16,0.9,7,1000,-337.564,-333.304,-4.260000000000048,0.651,0.4899999999999999,-340.344,-342.26,1.9159999999999968,0.667,0.676
all_to_all_graph14_n16_d0p9,16,0.9,8,1000,-329.094,-322.428,-6.665999999999997,0.189,0.114,-332.942,-331.646,-1.2959999999999925,0.5949999999999999,0.566
all_to_all_graph14_n16_d0p9,16,0.9,9,1000,-339.786,-337.57,-2.216000000000008,0.694,0.678,-340.874,-340.784,-0.0900000000000318,0.698,0.691
all_to_all_graph14_n16_d0p9,16,0.9,10,1000,-324.374,-327.088,2.713999999999998,0.039,0.101,-334.638,-336.268,1.6299999999999957,0.6129999999999999,0.6149999999999999
all_to_all_graph15_n16_d0p9,16,0.9,1,1000,-378.972,-384.696,5.724000000000046,0.6109999999999999,0.757,-392.11,-394.886,2.7760000000000105,0.801,0.815
all_to_all_graph15_n16_d0p9,16,0.9,2,1000,-384.126,-381.624,-2.5019999999999527,0.758,0.7359999999999999,-387.428,-385.848,-1.579999999999984,0.768,0.764
all_to_all_graph15_n16_d0p9,16,0.9,3,1000,-383.308,-372.062,-11.24599999999998,0.765,0.556,-384.99,-377.834,-7.156000000000006,0.771,0.7199999999999999
all_to_all_graph15_n16_d0p9,16,0.9,4,1000,-390.48,-383.314,-7.165999999999997,0.801,0.5999999999999999,-391.3,-390.72,-0.579999999999984,0.802,0.791
all_to_all_graph15_n16_d0p9,16,0.9,5,1000,-390.456,-375.35,-15.105999999999996,0.794,0.262,-396.478,-391.51,-4.968000000000018,0.8589999999999999,0.796
all_to_all_graph15_n16_d0p9,16,0.9,6,1000,-396.386,-392.032,-4.354000000000042,0.8359999999999999,0.816,-399.86,-395.068,-4.79200000000003,0.8579999999999999,0.8289999999999998
all_to_all_graph15_n16_d0p9,16,0.9,7,1000,-382.922,-381.176,-1.7460000000000375,0.627,0.7389999999999999,-391.916,-389.35,-2.565999999999974,0.807,0.794
all_to_all_graph15_n16_d0p9,16,0.9,8,1000,-383.136,-375.05,-8.086000000000013,0.753,0.7139999999999999,-385.474,-383.848,-1.6259999999999764,0.763,0.755
all_to_all_graph15_n16_d0p9,16,0.9,9,1000,-393.024,-385.918,-7.1059999999999945,0.802,0.573,-393.788,-392.496,-1.29200000000003,0.82,0.807
all_to_all_graph15_n16_d0p9,16,0.9,10,1000,-386.758,-382.368,-4.3899999999999855,0.773,0.749,-393.274,-391.904,-1.3700000000000043,0.807,0.793
all_to_all_graph16_n16_d0p9,16,0.9,1,1000,-325.856,-320.844,-5.0120000000000005,0.57,0.521,-343.034,-344.918,1.8840000000000143,0.7239999999999999,0.749
all_to_all_graph16_n16_d0p9,16,0.9,2,1000,-319.7,-301.572,-18.127999999999982,0.4929999999999999,0.406,-341.358,-337.334,-4.024000000000001,0.7259999999999999,0.688
all_to_all_graph16_n16_d0p9,16,0.9,3,1000,-332.768,-322.79,-9.977999999999952,0.654,0.5789999999999998,-340.222,-335.432,-4.789999999999964,0.7019999999999998,0.673
all_to_all_graph16_n16_d0p9,16,0.9,4,1000,-333.65,-320.734,-12.915999999999997,0.636,0.532,-340.532,-345.304,4.771999999999992,0.664,0.761
all_to_all_graph16_n16_d0p9,16,0.9,5,1000,-329.172,-323.118,-6.054000000000031,0.5779999999999998,0.547,-344.444,-346.144,1.6999999999999886,0.757,0.786
all_to_all_graph16_n16_d0p9,16,0.9,6,1000,-320.072,-308.13,-11.942000000000007,0.443,0.396,-327.374,-324.388,-2.986000000000047,0.4879999999999999,0.4819999999999999
all_to_all_graph16_n16_d0p9,16,0.9,7,1000,-326.922,-317.738,-9.184000000000026,0.547,0.5,-338.84,-335.896,-2.94399999999996,0.675,0.667
all_to_all_graph16_n16_d0p9,16,0.9,8,1000,-324.654,-315.99,-8.663999999999987,0.517,0.4929999999999999,-329.466,-328.43,-1.0360000000000014,0.53,0.549
all_to_all_graph16_n16_d0p9,16,0.9,9,1000,-320.894,-300.286,-20.608000000000004,0.456,0.337,-339.464,-335.104,-4.360000000000014,0.669,0.64
all_to_all_graph16_n16_d0p9,16,0.9,10,1000,-325.632,-319.838,-5.793999999999984,0.561,0.534,-335.292,-341.594,6.302000000000021,0.623,0.7239999999999999
all_to_all_graph17_n16_d0p9,16,0.9,1,1000,-343.81,-334.922,-8.887999999999977,0.463,0.399,-347.852,-342.648,-5.203999999999951,0.4699999999999999,0.4099999999999999
all_to_all_graph17_n16_d0p9,16,0.9,2,1000,-342.068,-332.226,-9.841999999999985,0.468,0.3679999999999999,-353.648,-352.874,-0.7740000000000009,0.539,0.4689999999999999
all_to_all_graph17_n16_d0p9,16,0.9,3,1000,-347.912,-333.018,-14.894000000000004,0.387,0.0599999999999999,-352.914,-355.66,2.7460000000000377,0.4109999999999999,0.504
all_to_all_graph17_n16_d0p9,16,0.9,4,1000,-344.678,-325.356,-19.322000000000003,0.446,0.4149999999999999,-351.396,-347.438,-3.9580000000000264,0.464,0.442
all_to_all_graph17_n16_d0p9,16,0.9,5,1000,-361.37,-351.33,-10.04000000000002,0.551,0.545,-365.434,-359.398,-6.036000000000001,0.563,0.572
all_to_all_graph17_n16_d0p9,16,0.9,6,1000,-336.064,-330.61,-5.454000000000008,0.2869999999999999,0.183,-343.466,-347.008,3.5419999999999727,0.322,0.508
all_to_all_graph17_n16_d0p9,16,0.9,7,1000,-347.854,-332.862,-14.991999999999962,0.317,0.323,-349.892,-351.032,1.1399999999999864,0.317,0.343
all_to_all_graph17_n16_d0p9,16,0.9,8,1000,-339.804,-333.704,-6.099999999999966,0.399,0.381,-347.222,-348.828,1.6059999999999943,0.461,0.4809999999999999
all_to_all_graph17_n16_d0p9,16,0.9,9,1000,-347.262,-333.334,-13.927999999999995,0.544,0.464,-350.112,-343.638,-6.474000000000046,0.557,0.4889999999999999
all_to_all_graph17_n16_d0p9,16,0.9,10,1000,-349.526,-343.368,-6.158000000000016,0.7039999999999998,0.5999999999999999,-354.634,-352.202,-2.4320000000000164,0.7059999999999998,0.624
all_to_all_graph18_n16_d0p9,16,0.9,1,1000,-272.598,-267.476,-5.122000000000014,0.2409999999999999,0.105,-279.362,-278.384,-0.9780000000000086,0.4859999999999999,0.455
all_to_all_graph18_n16_d0p9,16,0.9,2,1000,-276.7,-270.842,-5.858000000000004,0.2969999999999999,0.275,-281.02,-280.54,-0.4799999999999613,0.46,0.442
all_to_all_graph18_n16_d0p9,16,0.9,3,1000,-275.662,-269.306,-6.3559999999999945,0.233,0.101,-280.432,-278.054,-2.3780000000000427,0.504,0.4719999999999999
all_to_all_graph18_n16_d0p9,16,0.9,4,1000,-271.692,-263.722,-7.970000000000027,0.386,0.272,-279.306,-277.264,-2.0419999999999727,0.389,0.3589999999999999
all_to_all_graph18_n16_d0p9,16,0.9,5,1000,-274.886,-273.56,-1.3260000000000218,0.4109999999999999,0.064,-278.146,-280.008,1.8619999999999663,0.453,0.55
all_to_all_graph18_n16_d0p9,16,0.9,6,1000,-270.828,-261.864,-8.963999999999999,0.1469999999999999,0.0729999999999999,-279.908,-278.202,-1.7060000000000173,0.507,0.509
all_to_all_graph18_n16_d0p9,16,0.9,7,1000,-274.122,-268.168,-5.954000000000008,0.252,0.101,-277.644,-274.59,-3.0540000000000305,0.432,0.371
all_to_all_graph18_n16_d0p9,16,0.9,8,1000,-276.382,-269.57,-6.812000000000012,0.252,0.1,-282.328,-277.81,-4.517999999999972,0.4809999999999999,0.438
all_to_all_graph18_n16_d0p9,16,0.9,9,1000,-273.04,-270.69,-2.3500000000000227,0.2079999999999999,0.017,-278.64,-279.662,1.0219999999999914,0.467,0.4839999999999999
all_to_all_graph18_n16_d0p9,16,0.9,10,1000,-278.82,-275.378,-3.4420000000000077,0.401,0.262,-281.776,-281.182,-0.593999999999994,0.4789999999999999,0.466
all_to_all_graph19_n16_d0p9,16,0.9,1,1000,-324.264,-318.212,-6.052000000000021,0.332,0.2989999999999999,-328.498,-324.518,-3.9800000000000177,0.332,0.33
all_to_all_graph19_n16_d0p9,16,0.9,2,1000,-321.64,-311.98,-9.659999999999968,0.135,0.082,-327.372,-325.476,-1.896000000000015,0.232,0.2039999999999999
all_to_all_graph19_n16_d0p9,16,0.9,3,1000,-321.212,-318.466,-2.745999999999981,0.189,0.1499999999999999,-326.354,-326.508,0.1539999999999963,0.334,0.326
all_to_all_graph19_n16_d0p9,16,0.9,4,1000,-319.352,-311.6,-7.751999999999952,0.2349999999999999,0.2129999999999999,-323.428,-321.806,-1.622000000000014,0.2889999999999999,0.2899999999999999
all_to_all_graph19_n16_d0p9,16,0.9,5,1000,-319.722,-309.932,-9.789999999999965,0.2439999999999999,0.1439999999999999,-324.522,-324.092,-0.4300000000000068,0.2989999999999999,0.2889999999999999
all_to_all_graph19_n16_d0p9,16,0.9,6,1000,-322.438,-314.852,-7.586000000000013,0.1769999999999999,0.185,-327.54,-325.036,-2.504000000000019,0.317,0.2959999999999999
all_to_all_graph19_n16_d0p9,16,0.9,7,1000,-321.488,-315.404,-6.084000000000003,0.318,0.184,-328.046,-328.11,0.0640000000000213,0.37,0.3559999999999999
all_to_all_graph19_n16_d0p9,16,0.9,8,1000,-320.754,-312.49,-8.26400000000001,0.2119999999999999,0.1759999999999999,-325.228,-322.998,-2.230000000000018,0.217,0.2049999999999999
all_to_all_graph19_n16_d0p9,16,0.9,9,1000,-318.66,-307.47,-11.189999999999998,0.185,0.135,-325.086,-325.434,0.3480000000000131,0.2939999999999999,0.3039999999999999
all_to_all_graph19_n16_d0p9,16,0.9,10,1000,-323.416,-316.842,-6.574000000000012,0.319,0.2409999999999999,-325.446,-324.356,-1.0900000000000318,0.332,0.2839999999999999
all_to_all_graph0_n32_d0p1,32,0.1,1,1000,-277.146,-276.402,-0.7440000000000281,0.028,0.0259999999999999,-279.584,-279.446,-0.1379999999999768,0.0299999999999999,0.0369999999999999
all_to_all_graph0_n32_d0p1,32,0.1,2,1000,-276.48,-275.402,-1.0780000000000314,0.028,0.021,-282.04,-279.624,-2.415999999999997,0.048,0.031
all_to_all_graph0_n32_d0p1,32,0.1,3,1000,-279.494,-279.74,0.2459999999999809,0.028,0.028,-285.118,-285.298,0.1800000000000068,0.0539999999999999,0.0529999999999999
all_to_all_graph0_n32_d0p1,32,0.1,4,1000,-278.652,-277.232,-1.4199999999999593,0.0259999999999999,0.0259999999999999,-282.552,-280.988,-1.5640000000000214,0.039,0.0459999999999999
all_to_all_graph0_n32_d0p1,32,0.1,5,1000,-279.0,-276.182,-2.817999999999984,0.0129999999999999,0.012,-283.602,-280.516,-3.085999999999956,0.028,0.0299999999999999
all_to_all_graph0_n32_d0p1,32,0.1,6,1000,-279.338,-276.484,-2.8540000000000414,0.0369999999999999,0.0299999999999999,-283.43,-281.078,-2.3520000000000323,0.05,0.04
all_to_all_graph0_n32_d0p1,32,0.1,7,1000,-279.63,-275.452,-4.177999999999996,0.0379999999999999,0.027,-283.612,-280.182,-3.430000000000007,0.0439999999999999,0.041
all_to_all_graph0_n32_d0p1,32,0.1,8,1000,-280.476,-278.186,-2.2900000000000205,0.017,0.017,-283.736,-281.404,-2.3319999999999936,0.0299999999999999,0.0259999999999999
all_to_all_graph0_n32_d0p1,32,0.1,9,1000,-278.358,-277.092,-1.2660000000000196,0.021,0.019,-281.546,-280.368,-1.1779999999999973,0.0359999999999999,0.033
all_to_all_graph0_n32_d0p1,32,0.1,10,1000,-276.702,-274.302,-2.3999999999999773,0.024,0.021,-282.89,-280.114,-2.7760000000000105,0.0429999999999999,0.035
all_to_all_graph1_n32_d0p1,32,0.1,1,1000,-305.648,-298.528,-7.1200000000000045,0.121,0.07,-306.63,-299.948,-6.682000000000016,0.125,0.078
all_to_all_graph1_n32_d0p1,32,0.1,2,1000,-299.966,-294.134,-5.831999999999994,0.078,0.0459999999999999,-302.556,-296.822,-5.7339999999999804,0.107,0.062
all_to_all_graph1_n32_d0p1,32,0.1,3,1000,-298.864,-293.272,-5.5919999999999845,0.0879999999999999,0.068,-299.958,-293.882,-6.076000000000022,0.094,0.07
all_to_all_graph1_n32_d0p1,32,0.1,4,1000,-298.616,-293.184,-5.43199999999996,0.069,0.0519999999999999,-302.062,-297.138,-4.924000000000035,0.083,0.07
all_to_all_graph1_n32_d0p1,32,0.1,5,1000,-302.576,-296.56,-6.01600000000002,0.0929999999999999,0.0719999999999999,-304.346,-298.116,-6.230000000000017,0.117,0.08
all_to_all_graph1_n32_d0p1,32,0.1,6,1000,-297.194,-293.418,-3.7760000000000105,0.064,0.068,-299.65,-296.244,-3.4059999999999486,0.0869999999999999,0.081
all_to_all_graph1_n32_d0p1,32,0.1,7,1000,-297.132,-292.652,-4.480000000000017,0.0459999999999999,0.0369999999999999,-303.116,-297.6,-5.515999999999963,0.0909999999999999,0.066
all_to_all_graph1_n32_d0p1,32,0.1,8,1000,-300.088,-295.896,-4.192000000000007,0.0899999999999999,0.079,-302.686,-299.058,-3.6279999999999855,0.109,0.096
all_to_all_graph1_n32_d0p1,32,0.1,9,1000,-301.628,-297.174,-4.454000000000008,0.083,0.0599999999999999,-304.512,-300.406,-4.1059999999999945,0.113,0.085
all_to_all_graph1_n32_d0p1,32,0.1,10,1000,-302.716,-294.92,-7.795999999999992,0.1019999999999999,0.0599999999999999,-303.784,-296.278,-7.505999999999971,0.105,0.063
all_to_all_graph2_n32_d0p1,32,0.1,1,1000,-238.182,-237.136,-1.0459999999999925,0.027,0.031,-238.766,-237.204,-1.5619999999999834,0.028,0.031
all_to_all_graph2_n32_d0p1,32,0.1,2,1000,-234.782,-233.038,-1.7439999999999998,0.0259999999999999,0.021,-238.352,-236.372,-1.9799999999999895,0.04,0.029
all_to_all_graph2_n32_d0p1,32,0.1,3,1000,-235.446,-233.808,-1.6380000000000052,0.027,0.019,-236.902,-235.548,-1.353999999999985,0.033,0.029
all_to_all_graph2_n32_d0p1,32,0.1,4,1000,-233.684,-234.236,0.5519999999999925,0.0149999999999999,0.0219999999999999,-237.274,-236.744,-0.5300000000000011,0.033,0.028
all_to_all_graph2_n32_d0p1,32,0.1,5,1000,-232.756,-230.66,-2.096000000000004,0.025,0.017,-237.864,-236.228,-1.6359999999999957,0.0459999999999999,0.041
all_to_all_graph2_n32_d0p1,32,0.1,6,1000,-231.542,-229.39,-2.1520000000000152,0.0149999999999999,0.021,-235.72,-233.44,-2.2800000000000007,0.032,0.0379999999999999
all_to_all_graph2_n32_d0p1,32,0.1,7,1000,-232.088,-230.488,-1.5999999999999943,0.0259999999999999,0.0219999999999999,-237.058,-235.396,-1.662000000000006,0.041,0.0359999999999999
all_to_all_graph2_n32_d0p1,32,0.1,8,1000,-234.274,-233.874,-0.4000000000000056,0.019,0.021,-237.082,-235.946,-1.1359999999999957,0.0369999999999999,0.031
all_to_all_graph2_n32_d0p1,32,0.1,9,1000,-236.302,-234.834,-1.467999999999989,0.028,0.031,-239.016,-237.634,-1.382000000000005,0.039,0.041
all_to_all_graph2_n32_d0p1,32,0.1,10,1000,-235.1,-233.782,-1.3179999999999836,0.0259999999999999,0.031,-237.316,-235.586,-1.7299999999999898,0.032,0.0369999999999999
all_to_all_graph3_n32_d0p1,32,0.1,1,1000,-264.86,-264.078,-0.7820000000000391,0.0089999999999999,0.007,-271.288,-270.308,-0.980000000000018,0.0719999999999999,0.065
all_to_all_graph3_n32_d0p1,32,0.1,2,1000,-266.12,-265.424,-0.6960000000000263,0.019,0.0129999999999999,-272.58,-271.908,-0.6719999999999686,0.068,0.0759999999999999
all_to_all_graph3_n32_d0p1,32,0.1,3,1000,-270.622,-271.278,0.6560000000000059,0.012,0.021,-273.1,-273.602,0.5019999999999527,0.07,0.0739999999999999
all_to_all_graph3_n32_d0p1,32,0.1,4,1000,-263.09,-260.67,-2.419999999999959,0.017,0.032,-273.114,-272.146,-0.9679999999999608,0.08,0.0729999999999999
all_to_all_graph3_n32_d0p1,32,0.1,5,1000,-265.218,-264.99,-0.2280000000000086,0.0129999999999999,0.021,-270.92,-270.608,-0.3120000000000118,0.055,0.05
all_to_all_graph3_n32_d0p1,32,0.1,6,1000,-265.064,-263.978,-1.0860000000000127,0.0129999999999999,0.008,-272.71,-271.556,-1.1539999999999964,0.063,0.0539999999999999
all_to_all_graph3_n32_d0p1,32,0.1,7,1000,-267.838,-267.492,-0.3460000000000036,0.016,0.0179999999999999,-272.972,-272.396,-0.5759999999999649,0.0759999999999999,0.07
all_to_all_graph3_n32_d0p1,32,0.1,8,1000,-266.256,-262.874,-3.381999999999948,0.01,0.004,-272.934,-270.14,-2.79400000000004,0.0709999999999999,0.0519999999999999
all_to_all_graph3_n32_d0p1,32,0.1,9,1000,-270.364,-269.288,-1.075999999999965,0.035,0.039,-272.326,-270.946,-1.3799999999999957,0.063,0.063
all_to_all_graph3_n32_d0p1,32,0.1,10,1000,-267.214,-265.632,-1.5819999999999936,0.027,0.021,-272.61,-271.344,-1.2660000000000196,0.067,0.05
all_to_all_graph4_n32_d0p1,32,0.1,1,1000,-242.372,-241.29,-1.082000000000022,0.04,0.024,-245.884,-244.692,-1.1919999999999789,0.083,0.0759999999999999
all_to_all_graph4_n32_d0p1,32,0.1,2,1000,-240.982,-238.68,-2.3019999999999925,0.0,0.0,-246.708,-245.1,-1.608000000000004,0.0879999999999999,0.069
all_to_all_graph4_n32_d0p1,32,0.1,3,1000,-242.442,-241.412,-1.0300000000000011,0.032,0.0449999999999999,-245.4,-244.076,-1.3240000000000125,0.057,0.0529999999999999
all_to_all_graph4_n32_d0p1,32,0.1,4,1000,-239.14,-236.348,-2.7919999999999727,0.019,0.008,-242.508,-241.242,-1.2660000000000196,0.0539999999999999,0.04
all_to_all_graph4_n32_d0p1,32,0.1,5,1000,-240.866,-239.444,-1.4220000000000257,0.039,0.0259999999999999,-246.048,-245.146,-0.9020000000000152,0.07,0.064
all_to_all_graph4_n32_d0p1,32,0.1,6,1000,-239.342,-236.924,-2.4180000000000064,0.016,0.006,-244.736,-243.006,-1.7299999999999898,0.065,0.0509999999999999
all_to_all_graph4_n32_d0p1,32,0.1,7,1000,-242.8,-241.132,-1.6680000000000064,0.021,0.023,-246.552,-244.558,-1.994,0.078,0.063
all_to_all_graph4_n32_d0p1,32,0.1,8,1000,-240.008,-238.068,-1.9399999999999975,0.02,0.016,-245.72,-244.186,-1.5339999999999918,0.0709999999999999,0.0589999999999999
all_to_all_graph4_n32_d0p1,32,0.1,9,1000,-240.604,-236.322,-4.282000000000011,0.0089999999999999,0.002,-246.132,-242.39,-3.742000000000018,0.0929999999999999,0.066
all_to_all_graph4_n32_d0p1,32,0.1,10,1000,-239.706,-239.68,-0.025999999999982,0.0299999999999999,0.027,-245.576,-244.74,-0.8359999999999843,0.0769999999999999,0.069
all_to_all_graph5_n32_d0p1,32,0.1,1,1000,-293.182,-292.008,-1.174000000000035,0.016,0.023,-299.6,-298.888,-0.7120000000000459,0.027,0.0359999999999999
all_to_all_graph5_n32_d0p1,32,0.1,2,1000,-296.838,-295.824,-1.01400000000001,0.0259999999999999,0.025,-303.14,-301.848,-1.2919999999999732,0.0439999999999999,0.04
all_to_all_graph5_n32_d0p1,32,0.1,3,1000,-301.602,-299.394,-2.20799999999997,0.034,0.025,-307.104,-304.796,-2.3079999999999927,0.067,0.049
all_to_all_graph5_n32_d0p1,32,0.1,4,1000,-298.01,-293.368,-4.641999999999996,0.032,0.025,-302.748,-298.856,-3.891999999999996,0.0369999999999999,0.032
all_to_all_graph5_n32_d0p1,32,0.1,5,1000,-299.036,-295.524,-3.5120000000000005,0.027,0.029,-305.214,-303.01,-2.204000000000008,0.0439999999999999,0.0459999999999999
all_to_all_graph5_n32_d0p1,32,0.1,6,1000,-298.908,-295.358,-3.550000000000012,0.014,0.02,-305.546,-301.972,-3.5740000000000123,0.049,0.0449999999999999
all_to_all_graph5_n32_d0p1,32,0.1,7,1000,-299.904,-297.634,-2.269999999999982,0.04,0.02,-303.78,-301.254,-2.5259999999999536,0.05,0.0259999999999999
all_to_all_graph5_n32_d0p1,32,0.1,8,1000,-295.47,-290.848,-4.622000000000014,0.029,0.025,-301.81,-297.5,-4.310000000000001,0.0509999999999999,0.039
all_to_all_graph5_n32_d0p1,32,0.1,9,1000,-293.152,-291.154,-1.9979999999999905,0.019,0.02,-299.89,-298.006,-1.8840000000000143,0.035,0.034
all_to_all_graph5_n32_d0p1,32,0.1,10,1000,-297.838,-295.668,-2.170000000000016,0.029,0.02,-302.154,-300.666,-1.4879999999999995,0.0449999999999999,0.0359999999999999
all_to_all_graph6_n32_d0p1,32,0.1,1,1000,-249.988,-247.918,-2.0699999999999927,0.0089999999999999,0.0089999999999999,-252.914,-250.548,-2.365999999999985,0.0129999999999999,0.012
all_to_all_graph6_n32_d0p1,32,0.1,2,1000,-249.54,-249.032,-0.5079999999999814,0.01,0.008,-252.182,-251.094,-1.087999999999994,0.01,0.008
all_to_all_graph6_n32_d0p1,32,0.1,3,1000,-247.098,-247.656,0.5579999999999927,0.017,0.017,-251.39,-251.524,0.1340000000000145,0.021,0.0179999999999999
all_to_all_graph6_n32_d0p1,32,0.1,4,1000,-250.264,-252.178,1.9139999999999875,0.0129999999999999,0.016,-252.784,-253.718,0.9339999999999976,0.014,0.016
all_to_all_graph6_n32_d0p1,32,0.1,5,1000,-246.098,-246.256,0.157999999999987,0.005,0.006,-250.01,-249.436,-0.5739999999999837,0.006,0.006
all_to_all_graph6_n32_d0p1,32,0.1,6,1000,-252.552,-251.19,-1.3619999999999948,0.0129999999999999,0.008,-256.056,-255.034,-1.0219999999999914,0.0149999999999999,0.0089999999999999
all_to_all_graph6_n32_d0p1,32,0.1,7,1000,-247.764,-246.286,-1.4780000000000086,0.0129999999999999,0.005,-249.628,-247.582,-2.0459999999999923,0.0129999999999999,0.005
all_to_all_graph6_n32_d0p1,32,0.1,8,1000,-251.374,-252.122,0.7480000000000188,0.019,0.0109999999999999,-254.62,-255.532,0.912000000000006,0.019,0.0109999999999999
all_to_all_graph6_n32_d0p1,32,0.1,9,1000,-249.614,-247.84,-1.774000000000001,0.017,0.008,-251.542,-249.512,-2.0300000000000007,0.017,0.008
all_to_all_graph6_n32_d0p1,32,0.1,10,1000,-252.296,-250.514,-1.7819999999999825,0.0219999999999999,0.007,-255.924,-254.524,-1.4000000000000057,0.0259999999999999,0.0089999999999999
all_to_all_graph7_n32_d0p1,32,0.1,1,1000,-236.772,-236.204,-0.5679999999999836,0.001,0.004,-243.322,-242.918,-0.4039999999999963,0.004,0.016
all_to_all_graph7_n32_d0p1,32,0.1,2,1000,-237.656,-236.108,-1.5480000000000018,0.007,0.004,-243.922,-241.784,-2.138000000000005,0.0109999999999999,0.008
all_to_all_graph7_n32_d0p1,32,0.1,3,1000,-236.47,-234.898,-1.5720000000000027,0.003,0.004,-243.984,-241.744,-2.2400000000000087,0.0109999999999999,0.005
all_to_all_graph7_n32_d0p1,32,0.1,4,1000,-241.462,-238.81,-2.651999999999987,0.0089999999999999,0.006,-245.522,-243.648,-1.8739999999999952,0.0129999999999999,0.008
all_to_all_graph7_n32_d0p1,32,0.1,5,1000,-242.62,-240.268,-2.352000000000004,0.005,0.004,-245.372,-243.068,-2.304000000000002,0.005,0.005
all_to_all_graph7_n32_d0p1,32,0.1,6,1000,-237.758,-236.604,-1.1539999999999964,0.003,0.003,-244.07,-243.214,-0.8559999999999945,0.012,0.006
all_to_all_graph7_n32_d0p1,32,0.1,7,1000,-237.72,-236.312,-1.407999999999987,0.002,0.002,-243.488,-242.056,-1.431999999999988,0.0109999999999999,0.005
all_to_all_graph7_n32_d0p1,32,0.1,8,1000,-237.906,-235.182,-2.724000000000018,0.002,0.001,-243.966,-242.334,-1.632000000000005,0.003,0.005
all_to_all_graph7_n32_d0p1,32,0.1,9,1000,-237.554,-235.138,-2.415999999999997,0.005,0.006,-243.392,-241.432,-1.960000000000008,0.014,0.0129999999999999
all_to_all_graph7_n32_d0p1,32,0.1,10,1000,-235.604,-233.836,-1.768000000000001,0.001,0.001,-242.774,-242.392,-0.382000000000005,0.007,0.004
all_to_all_graph8_n32_d0p1,32,0.1,1,1000,-253.03,-250.2,-2.8300000000000125,0.0369999999999999,0.0299999999999999,-257.252,-254.018,-3.234000000000009,0.095,0.0729999999999999
all_to_all_graph8_n32_d0p1,32,0.1,2,1000,-254.246,-251.984,-2.2620000000000005,0.065,0.058,-256.842,-254.206,-2.635999999999996,0.0769999999999999,0.0609999999999999
all_to_all_graph8_n32_d0p1,32,0.1,3,1000,-255.366,-253.898,-1.4680000000000175,0.065,0.065,-256.776,-255.066,-1.710000000000008,0.065,0.065
all_to_all_graph8_n32_d0p1,32,0.1,4,1000,-250.818,-251.536,0.7179999999999893,0.067,0.063,-255.0,-254.398,-0.6020000000000038,0.105,0.0889999999999999
all_to_all_graph8_n32_d0p1,32,0.1,5,1000,-250.078,-247.328,-2.75,0.0529999999999999,0.047,-254.852,-251.6,-3.252000000000009,0.0759999999999999,0.062
all_to_all_graph8_n32_d0p1,32,0.1,6,1000,-250.692,-249.238,-1.4540000000000075,0.056,0.0449999999999999,-256.456,-255.096,-1.3600000000000136,0.097,0.0879999999999999
all_to_all_graph8_n32_d0p1,32,0.1,7,1000,-248.338,-247.134,-1.2040000000000075,0.039,0.04,-253.152,-252.69,-0.461999999999989,0.0609999999999999,0.064
all_to_all_graph8_n32_d0p1,32,0.1,8,1000,-250.148,-249.54,-0.608000000000004,0.048,0.067,-254.282,-253.608,-0.6740000000000065,0.056,0.0769999999999999
all_to_all_graph8_n32_d0p1,32,0.1,9,1000,-252.258,-250.536,-1.7220000000000084,0.0519999999999999,0.047,-256.486,-254.17,-2.3160000000000025,0.0759999999999999,0.0589999999999999
all_to_all_graph8_n32_d0p1,32,0.1,10,1000,-250.844,-250.562,-0.2819999999999822,0.0509999999999999,0.0459999999999999,-254.61,-254.53,-0.0800000000000125,0.0739999999999999,0.069
all_to_all_graph9_n32_d0p1,32,0.1,1,1000,-258.15,-256.564,-1.585999999999956,0.031,0.0299999999999999,-263.018,-261.008,-2.009999999999991,0.0439999999999999,0.0379999999999999
all_to_all_graph9_n32_d0p1,32,0.1,2,1000,-259.876,-257.098,-2.777999999999963,0.0379999999999999,0.029,-262.764,-260.004,-2.759999999999991,0.042,0.032
all_to_all_graph9_n32_d0p1,32,0.1,3,1000,-257.214,-256.172,-1.0419999999999732,0.025,0.02,-262.586,-260.88,-1.7060000000000173,0.0439999999999999,0.031
all_to_all_graph9_n32_d0p1,32,0.1,4,1000,-258.066,-256.18,-1.8859999999999677,0.027,0.028,-262.44,-259.792,-2.648000000000025,0.0369999999999999,0.034
all_to_all_graph9_n32_d0p1,32,0.1,5,1000,-255.468,-255.108,-0.3599999999999852,0.0149999999999999,0.021,-260.578,-257.864,-2.713999999999998,0.0459999999999999,0.04
all_to_all_graph9_n32_d0p1,32,0.1,6,1000,-255.672,-255.066,-0.6059999999999945,0.021,0.0219999999999999,-261.432,-259.862,-1.5699999999999932,0.035,0.041
all_to_all_graph9_n32_d0p1,32,0.1,7,1000,-255.844,-255.442,-0.4019999999999868,0.0299999999999999,0.0219999999999999,-261.428,-260.822,-0.6059999999999945,0.049,0.0359999999999999
all_to_all_graph9_n32_d0p1,32,0.1,8,1000,-259.286,-258.984,-0.3020000000000209,0.017,0.0109999999999999,-264.006,-264.302,0.2960000000000491,0.047,0.041
all_to_all_graph9_n32_d0p1,32,0.1,9,1000,-260.654,-259.348,-1.3059999999999832,0.031,0.0219999999999999,-265.944,-265.22,-0.7239999999999895,0.049,0.048
all_to_all_graph9_n32_d0p1,32,0.1,10,1000,-259.916,-257.226,-2.6899999999999977,0.035,0.025,-264.044,-261.092,-2.951999999999998,0.049,0.033
all_to_all_graph10_n32_d0p1,32,0.1,1,1000,-243.914,-243.928,0.01400000000001,0.0219999999999999,0.019,-250.822,-249.882,-0.9399999999999976,0.0449999999999999,0.0299999999999999
all_to_all_graph10_n32_d0p1,32,0.1,2,1000,-245.296,-244.708,-0.5879999999999937,0.047,0.033,-249.024,-248.842,-0.1819999999999879,0.0519999999999999,0.0379999999999999
all_to_all_graph10_n32_d0p1,32,0.1,3,1000,-247.362,-245.968,-1.3940000000000057,0.029,0.033,-252.68,-251.734,-0.945999999999998,0.0609999999999999,0.0609999999999999
all_to_all_graph10_n32_d0p1,32,0.1,4,1000,-243.418,-241.176,-2.242000000000018,0.0089999999999999,0.007,-248.626,-247.628,-0.9980000000000188,0.0369999999999999,0.023
all_to_all_graph10_n32_d0p1,32,0.1,5,1000,-244.786,-243.584,-1.2019999999999982,0.031,0.017,-248.034,-247.312,-0.7219999999999799,0.0379999999999999,0.0219999999999999
all_to_all_graph10_n32_d0p1,32,0.1,6,1000,-247.092,-245.736,-1.356000000000023,0.0259999999999999,0.027,-250.188,-249.152,-1.0360000000000014,0.0379999999999999,0.0459999999999999
all_to_all_graph10_n32_d0p1,32,0.1,7,1000,-245.068,-245.698,0.6299999999999955,0.024,0.0149999999999999,-250.018,-250.532,0.51400000000001,0.041,0.032
all_to_all_graph10_n32_d0p1,32,0.1,8,1000,-245.284,-242.48,-2.804000000000002,0.028,0.02,-248.21,-245.912,-2.298000000000002,0.035,0.0219999999999999
all_to_all_graph10_n32_d0p1,32,0.1,9,1000,-245.498,-244.57,-0.9279999999999972,0.027,0.0219999999999999,-252.006,-250.228,-1.7779999999999916,0.042,0.035
all_to_all_graph10_n32_d0p1,32,0.1,10,1000,-245.158,-243.734,-1.4239999999999782,0.021,0.0149999999999999,-249.092,-247.994,-1.0980000000000132,0.0439999999999999,0.028
all_to_all_graph11_n32_d0p1,32,0.1,1,1000,-293.766,-289.358,-4.408000000000016,0.04,0.0299999999999999,-298.874,-295.638,-3.236000000000047,0.083,0.078
all_to_all_graph11_n32_d0p1,32,0.1,2,1000,-295.584,-292.894,-2.6899999999999977,0.034,0.029,-303.346,-300.2,-3.146000000000015,0.0909999999999999,0.0749999999999999
all_to_all_graph11_n32_d0p1,32,0.1,3,1000,-299.628,-299.056,-0.5720000000000027,0.097,0.105,-303.852,-301.624,-2.227999999999952,0.126,0.1189999999999999
all_to_all_graph11_n32_d0p1,32,0.1,4,1000,-295.594,-290.738,-4.8559999999999945,0.0879999999999999,0.063,-299.848,-296.394,-3.454000000000008,0.095,0.0729999999999999
all_to_all_graph11_n32_d0p1,32,0.1,5,1000,-294.666,-291.266,-3.3999999999999773,0.027,0.016,-300.506,-299.496,-1.009999999999991,0.066,0.07
all_to_all_graph11_n32_d0p1,32,0.1,6,1000,-294.062,-290.692,-3.3700000000000045,0.041,0.0359999999999999,-303.216,-300.92,-2.2959999999999923,0.0859999999999999,0.0879999999999999
all_to_all_graph11_n32_d0p1,32,0.1,7,1000,-294.228,-290.9,-3.328000000000032,0.066,0.0429999999999999,-302.652,-301.416,-1.23599999999999,0.112,0.099
all_to_all_graph11_n32_d0p1,32,0.1,8,1000,-296.934,-291.17,-5.76400000000001,0.066,0.066,-303.714,-299.656,-4.057999999999993,0.081,0.08
all_to_all_graph11_n32_d0p1,32,0.1,9,1000,-294.902,-291.18,-3.72199999999998,0.0369999999999999,0.0449999999999999,-301.378,-297.78,-3.5980000000000127,0.079,0.0889999999999999
all_to_all_graph11_n32_d0p1,32,0.1,10,1000,-294.196,-289.302,-4.8940000000000055,0.033,0.0219999999999999,-302.484,-297.992,-4.491999999999962,0.0929999999999999,0.0709999999999999
all_to_all_graph12_n32_d0p1,32,0.1,1,1000,-314.374,-312.192,-2.1820000000000164,0.049,0.0529999999999999,-318.28,-316.814,-1.4659999999999511,0.0599999999999999,0.066
all_to_all_graph12_n32_d0p1,32,0.1,2,1000,-306.924,-304.486,-2.437999999999988,0.02,0.024,-314.554,-313.334,-1.2199999999999704,0.068,0.07
all_to_all_graph12_n32_d0p1,32,0.1,3,1000,-310.602,-307.794,-2.8079999999999927,0.0359999999999999,0.0359999999999999,-317.1,-314.698,-2.402000000000044,0.0539999999999999,0.057
all_to_all_graph12_n32_d0p1,32,0.1,4,1000,-312.808,-309.418,-3.3899999999999864,0.04,0.048,-318.246,-315.61,-2.6359999999999677,0.047,0.057
all_to_all_graph12_n32_d0p1,32,0.1,5,1000,-314.298,-309.942,-4.3559999999999945,0.0429999999999999,0.05,-318.872,-313.424,-5.448000000000036,0.065,0.058
all_to_all_graph12_n32_d0p1,32,0.1,6,1000,-315.656,-310.01,-5.646000000000015,0.0529999999999999,0.041,-320.074,-313.968,-6.1059999999999945,0.069,0.0599999999999999
all_to_all_graph12_n32_d0p1,32,0.1,7,1000,-311.326,-309.534,-1.79200000000003,0.0449999999999999,0.0359999999999999,-319.348,-319.754,0.4060000000000059,0.065,0.066
all_to_all_graph12_n32_d0p1,32,0.1,8,1000,-312.728,-307.428,-5.300000000000011,0.057,0.0449999999999999,-315.096,-309.36,-5.73599999999999,0.0719999999999999,0.0509999999999999
all_to_all_graph12_n32_d0p1,32,0.1,9,1000,-315.8,-309.908,-5.891999999999996,0.02,0.032,-319.134,-312.924,-6.210000000000036,0.0589999999999999,0.063
all_to_all_graph12_n32_d0p1,32,0.1,10,1000,-310.712,-308.066,-2.646000000000015,0.0539999999999999,0.047,-313.95,-311.762,-2.187999999999988,0.0709999999999999,0.057
all_to_all_graph13_n32_d0p1,32,0.1,1,1000,-300.064,-296.25,-3.814000000000021,0.0509999999999999,0.049,-304.686,-301.714,-2.97199999999998,0.0609999999999999,0.058
all_to_all_graph13_n32_d0p1,32,0.1,2,1000,-302.844,-301.828,-1.0160000000000196,0.0609999999999999,0.063,-304.852,-303.14,-1.7119999999999893,0.062,0.064
all_to_all_graph13_n32_d0p1,32,0.1,3,1000,-299.054,-296.334,-2.7199999999999704,0.048,0.032,-305.436,-303.394,-2.0419999999999727,0.062,0.0449999999999999
all_to_all_graph13_n32_d0p1,32,0.1,4,1000,-301.826,-299.418,-2.4080000000000155,0.047,0.055,-305.964,-303.282,-2.6820000000000164,0.056,0.063
all_to_all_graph13_n32_d0p1,32,0.1,5,1000,-298.87,-295.622,-3.2479999999999905,0.0429999999999999,0.0459999999999999,-305.218,-304.436,-0.7820000000000391,0.068,0.068
all_to_all_graph13_n32_d0p1,32,0.1,6,1000,-300.586,-300.706,0.1200000000000045,0.0519999999999999,0.0509999999999999,-304.46,-304.016,-0.4439999999999599,0.065,0.058
all_to_all_graph13_n32_d0p1,32,0.1,7,1000,-298.662,-295.502,-3.159999999999968,0.035,0.0369999999999999,-306.156,-305.224,-0.9320000000000164,0.062,0.07
all_to_all_graph13_n32_d0p1,32,0.1,8,1000,-299.48,-297.806,-1.674000000000035,0.035,0.0439999999999999,-304.656,-303.024,-1.632000000000005,0.0459999999999999,0.063
all_to_all_graph13_n32_d0p1,32,0.1,9,1000,-297.344,-298.632,1.2880000000000107,0.05,0.0539999999999999,-303.37,-304.616,1.245999999999981,0.0599999999999999,0.069
all_to_all_graph13_n32_d0p1,32,0.1,10,1000,-299.112,-296.202,-2.910000000000025,0.0539999999999999,0.039,-306.54,-305.278,-1.2620000000000005,0.07,0.064
all_to_all_graph14_n32_d0p1,32,0.1,1,1000,-259.704,-257.88,-1.8240000000000125,0.027,0.0259999999999999,-263.064,-261.108,-1.9560000000000173,0.0529999999999999,0.062
all_to_all_graph14_n32_d0p1,32,0.1,2,1000,-258.15,-257.264,-0.8859999999999671,0.027,0.034,-262.83,-261.798,-1.0319999999999825,0.0449999999999999,0.055
all_to_all_graph14_n32_d0p1,32,0.1,3,1000,-258.38,-256.252,-2.1279999999999855,0.033,0.0259999999999999,-262.388,-259.522,-2.865999999999985,0.062,0.0509999999999999
all_to_all_graph14_n32_d0p1,32,0.1,4,1000,-261.488,-260.778,-0.7099999999999795,0.033,0.04,-264.164,-263.58,-0.5840000000000031,0.0439999999999999,0.0509999999999999
all_to_all_graph14_n32_d0p1,32,0.1,5,1000,-257.602,-255.47,-2.1319999999999766,0.0259999999999999,0.0259999999999999,-262.994,-261.604,-1.3900000000000432,0.0539999999999999,0.068
all_to_all_graph14_n32_d0p1,32,0.1,6,1000,-261.482,-259.984,-1.4980000000000473,0.033,0.0439999999999999,-264.714,-263.26,-1.4540000000000075,0.068,0.064
all_to_all_graph14_n32_d0p1,32,0.1,7,1000,-259.118,-259.622,0.5040000000000191,0.028,0.039,-261.49,-261.198,-0.29200000000003,0.048,0.047
all_to_all_graph14_n32_d0p1,32,0.1,8,1000,-262.134,-258.922,-3.2119999999999886,0.029,0.02,-265.642,-263.192,-2.4499999999999886,0.0529999999999999,0.047
all_to_all_graph14_n32_d0p1,32,0.1,9,1000,-261.914,-261.66,-0.2539999999999622,0.025,0.0259999999999999,-266.136,-265.364,-0.7720000000000482,0.0529999999999999,0.064
all_to_all_graph14_n32_d0p1,32,0.1,10,1000,-253.142,-251.586,-1.5559999999999832,0.023,0.027,-260.772,-259.58,-1.1920000000000073,0.0509999999999999,0.057
all_to_all_graph15_n32_d0p1,32,0.1,1,1000,-301.178,-298.732,-2.445999999999969,0.0259999999999999,0.016,-308.16,-306.31,-1.8500000000000227,0.04,0.021
all_to_all_graph15_n32_d0p1,32,0.1,2,1000,-306.12,-302.322,-3.798000000000002,0.024,0.0149999999999999,-311.432,-307.514,-3.9180000000000064,0.0449999999999999,0.024
all_to_all_graph15_n32_d0p1,32,0.1,3,1000,-301.994,-296.104,-5.890000000000043,0.0219999999999999,0.0149999999999999,-307.83,-302.71,-5.1200000000000045,0.042,0.033
all_to_all_graph15_n32_d0p1,32,0.1,4,1000,-302.646,-299.4,-3.2460000000000377,0.017,0.0109999999999999,-306.468,-303.388,-3.080000000000041,0.023,0.017
all_to_all_graph15_n32_d0p1,32,0.1,5,1000,-300.434,-299.93,-0.5040000000000191,0.016,0.0219999999999999,-305.992,-306.216,0.2239999999999895,0.023,0.029
all_to_all_graph15_n32_d0p1,32,0.1,6,1000,-300.106,-297.708,-2.397999999999968,0.0149999999999999,0.0179999999999999,-306.872,-305.75,-1.122000000000014,0.025,0.0219999999999999
all_to_all_graph15_n32_d0p1,32,0.1,7,1000,-303.016,-299.502,-3.51400000000001,0.0109999999999999,0.0109999999999999,-307.118,-304.34,-2.77800000000002,0.0129999999999999,0.0129999999999999
all_to_all_graph15_n32_d0p1,32,0.1,8,1000,-298.822,-295.758,-3.0640000000000214,0.019,0.01,-305.032,-303.41,-1.6219999999999573,0.023,0.017
all_to_all_graph15_n32_d0p1,32,0.1,9,1000,-302.14,-298.808,-3.3319999999999936,0.007,0.0089999999999999,-307.706,-304.368,-3.3380000000000223,0.0259999999999999,0.024
all_to_all_graph15_n32_d0p1,32,0.1,10,1000,-302.272,-297.036,-5.23599999999999,0.017,0.0089999999999999,-309.054,-304.468,-4.585999999999956,0.033,0.0219999999999999
all_to_all_graph16_n32_d0p1,32,0.1,1,1000,-288.488,-285.816,-2.672000000000025,0.029,0.021,-294.702,-292.208,-2.493999999999972,0.0599999999999999,0.0519999999999999
all_to_all_graph16_n32_d0p1,32,0.1,2,1000,-290.296,-288.906,-1.3899999999999864,0.031,0.031,-293.4,-292.074,-1.325999999999965,0.0529999999999999,0.0529999999999999
all_to_all_graph16_n32_d0p1,32,0.1,3,1000,-287.534,-285.224,-2.3100000000000023,0.019,0.028,-295.674,-295.294,-0.3799999999999954,0.065,0.069
all_to_all_graph16_n32_d0p1,32,0.1,4,1000,-286.166,-283.836,-2.329999999999984,0.031,0.028,-291.098,-289.06,-2.038000000000011,0.0539999999999999,0.0449999999999999
all_to_all_graph16_n32_d0p1,32,0.1,5,1000,-291.976,-290.652,-1.3240000000000125,0.028,0.0429999999999999,-294.568,-293.388,-1.1800000000000068,0.047,0.063
all_to_all_graph16_n32_d0p1,32,0.1,6,1000,-288.166,-284.4,-3.76600000000002,0.0259999999999999,0.023,-294.072,-291.12,-2.951999999999998,0.0599999999999999,0.049
all_to_all_graph16_n32_d0p1,32,0.1,7,1000,-290.43,-288.738,-1.6920000000000073,0.042,0.028,-293.746,-291.988,-1.7579999999999814,0.063,0.0459999999999999
all_to_all_graph16_n32_d0p1,32,0.1,8,1000,-290.972,-288.038,-2.9339999999999686,0.028,0.034,-295.92,-293.026,-2.894000000000005,0.062,0.068
all_to_all_graph16_n32_d0p1,32,0.1,9,1000,-288.032,-286.492,-1.5399999999999636,0.029,0.033,-292.498,-290.996,-1.5020000000000095,0.047,0.0509999999999999
all_to_all_graph16_n32_d0p1,32,0.1,10,1000,-289.09,-286.584,-2.505999999999972,0.02,0.02,-296.47,-293.912,-2.5580000000000496,0.065,0.0539999999999999
all_to_all_graph17_n32_d0p1,32,0.1,1,1000,-265.82,-265.116,-0.7040000000000077,0.0859999999999999,0.084,-266.216,-265.676,-0.5400000000000204,0.0889999999999999,0.0869999999999999
all_to_all_graph17_n32_d0p1,32,0.1,2,1000,-267.222,-265.718,-1.5039999999999625,0.108,0.0739999999999999,-268.608,-267.654,-0.9540000000000076,0.13,0.1029999999999999
all_to_all_graph17_n32_d0p1,32,0.1,3,1000,-267.676,-267.726,0.0500000000000113,0.133,0.139,-268.012,-268.114,0.1019999999999754,0.133,0.14
all_to_all_graph17_n32_d0p1,32,0.1,4,1000,-266.286,-265.876,-0.410000000000025,0.101,0.106,-266.622,-266.176,-0.4460000000000263,0.106,0.108
all_to_all_graph17_n32_d0p1,32,0.1,5,1000,-265.962,-264.856,-1.1059999999999943,0.104,0.097,-268.374,-267.852,-0.5220000000000482,0.128,0.1179999999999999
all_to_all_graph17_n32_d0p1,32,0.1,6,1000,-266.164,-263.992,-2.1719999999999686,0.0889999999999999,0.07,-266.508,-265.16,-1.3479999999999563,0.0899999999999999,0.0759999999999999
all_to_all_graph17_n32_d0p1,32,0.1,7,1000,-267.618,-267.442,-0.1759999999999877,0.124,0.1029999999999999,-268.822,-268.542,-0.2800000000000295,0.133,0.113
all_to_all_graph17_n32_d0p1,32,0.1,8,1000,-265.414,-264.724,-0.6899999999999977,0.056,0.065,-266.082,-265.212,-0.8700000000000045,0.065,0.0729999999999999
all_to_all_graph17_n32_d0p1,32,0.1,9,1000,-266.908,-265.958,-0.9499999999999886,0.124,0.114,-267.586,-266.734,-0.8520000000000322,0.131,0.124
all_to_all_graph17_n32_d0p1,32,0.1,10,1000,-267.852,-265.55,-2.301999999999964,0.1179999999999999,0.096,-268.928,-266.554,-2.374000000000024,0.129,0.1
all_to_all_graph18_n32_d0p1,32,0.1,1,1000,-274.986,-271.368,-3.617999999999995,0.027,0.0219999999999999,-281.04,-279.678,-1.3620000000000232,0.032,0.0259999999999999
all_to_all_graph18_n32_d0p1,32,0.1,2,1000,-276.874,-274.708,-2.165999999999997,0.023,0.02,-281.702,-279.656,-2.0459999999999923,0.027,0.023
all_to_all_graph18_n32_d0p1,32,0.1,3,1000,-276.316,-274.654,-1.6619999999999775,0.0179999999999999,0.019,-279.84,-277.808,-2.0319999999999823,0.0179999999999999,0.021
all_to_all_graph18_n32_d0p1,32,0.1,4,1000,-271.888,-269.894,-1.9939999999999716,0.023,0.014,-276.882,-277.06,0.1779999999999972,0.027,0.0179999999999999
all_to_all_graph18_n32_d0p1,32,0.1,5,1000,-278.152,-277.072,-1.079999999999984,0.017,0.0149999999999999,-280.504,-279.556,-0.948000000000036,0.021,0.02
all_to_all_graph18_n32_d0p1,32,0.1,6,1000,-278.446,-277.828,-0.6180000000000518,0.031,0.027,-281.136,-280.17,-0.966000000000008,0.034,0.029
all_to_all_graph18_n32_d0p1,32,0.1,7,1000,-279.092,-278.018,-1.0740000000000125,0.028,0.021,-281.362,-279.984,-1.3780000000000427,0.0299999999999999,0.021
all_to_all_graph18_n32_d0p1,32,0.1,8,1000,-271.354,-270.878,-0.475999999999999,0.0219999999999999,0.017,-278.1,-277.766,-0.3340000000000031,0.0259999999999999,0.019
all_to_all_graph18_n32_d0p1,32,0.1,9,1000,-275.876,-274.784,-1.0919999999999843,0.017,0.021,-278.872,-277.138,-1.7340000000000373,0.017,0.021
all_to_all_graph18_n32_d0p1,32,0.1,10,1000,-278.18,-277.668,-0.5120000000000005,0.021,0.024,-281.152,-281.08,-0.0720000000000027,0.023,0.025
all_to_all_graph19_n32_d0p1,32,0.1,1,1000,-271.428,-269.082,-2.346000000000004,0.094,0.0919999999999999,-274.714,-274.322,-0.3919999999999959,0.114,0.113
all_to_all_graph19_n32_d0p1,32,0.1,2,1000,-269.744,-267.798,-1.9460000000000264,0.101,0.0879999999999999,-274.484,-272.668,-1.815999999999974,0.128,0.111
all_to_all_graph19_n32_d0p1,32,0.1,3,1000,-268.742,-268.474,-0.2680000000000291,0.094,0.1019999999999999,-273.648,-273.59,-0.0580000000000495,0.117,0.12
all_to_all_graph19_n32_d0p1,32,0.1,4,1000,-270.448,-268.712,-1.73599999999999,0.1189999999999999,0.113,-276.32,-273.818,-2.502000000000009,0.13,0.129
all_to_all_graph19_n32_d0p1,32,0.1,5,1000,-273.366,-273.296,-0.0699999999999931,0.134,0.134,-275.608,-274.92,-0.6879999999999881,0.139,0.139
all_to_all_graph19_n32_d0p1,32,0.1,6,1000,-271.522,-268.262,-3.259999999999991,0.111,0.1029999999999999,-274.086,-270.924,-3.1620000000000346,0.121,0.116
all_to_all_graph19_n32_d0p1,32,0.1,7,1000,-272.912,-271.32,-1.5919999999999843,0.105,0.1179999999999999,-276.4,-274.176,-2.223999999999989,0.125,0.137
all_to_all_graph19_n32_d0p1,32,0.1,8,1000,-272.326,-267.168,-5.158000000000016,0.125,0.098,-276.55,-272.566,-3.984000000000037,0.1419999999999999,0.115
all_to_all_graph19_n32_d0p1,32,0.1,9,1000,-273.194,-267.512,-5.682000000000016,0.124,0.101,-277.624,-274.806,-2.8180000000000405,0.139,0.131
all_to_all_graph19_n32_d0p1,32,0.1,10,1000,-269.29,-266.416,-2.874000000000024,0.109,0.1029999999999999,-276.644,-275.654,-0.990000000000009,0.139,0.1429999999999999
all_to_all_graph0_n32_d0p3,32,0.3,1,1000,-573.29,-566.21,-7.079999999999927,0.203,0.2,-586.726,-579.584,-7.142000000000053,0.379,0.3439999999999999
all_to_all_graph0_n32_d0p3,32,0.3,2,1000,-579.932,-572.086,-7.846000000000004,0.203,0.153,-595.46,-588.55,-6.910000000000082,0.4229999999999999,0.3649999999999999
all_to_all_graph0_n32_d0p3,32,0.3,3,1000,-586.894,-578.738,-8.155999999999949,0.3009999999999999,0.266,-596.91,-590.488,-6.421999999999912,0.455,0.404
all_to_all_graph0_n32_d0p3,32,0.3,4,1000,-578.624,-574.198,-4.426000000000045,0.2129999999999999,0.167,-589.21,-583.56,-5.65000000000009,0.386,0.2979999999999999
all_to_all_graph0_n32_d0p3,32,0.3,5,1000,-577.104,-569.298,-7.80600000000004,0.2379999999999999,0.186,-589.314,-581.716,-7.5979999999999555,0.4219999999999999,0.374
all_to_all_graph0_n32_d0p3,32,0.3,6,1000,-578.858,-571.062,-7.7959999999999345,0.2069999999999999,0.184,-593.078,-585.894,-7.183999999999969,0.404,0.3589999999999999
all_to_all_graph0_n32_d0p3,32,0.3,7,1000,-575.186,-568.88,-6.30600000000004,0.121,0.111,-592.472,-583.744,-8.727999999999952,0.389,0.319
all_to_all_graph0_n32_d0p3,32,0.3,8,1000,-578.266,-569.198,-9.067999999999984,0.2369999999999999,0.189,-589.35,-578.968,-10.382000000000062,0.4069999999999999,0.321
all_to_all_graph0_n32_d0p3,32,0.3,9,1000,-576.612,-575.108,-1.504000000000019,0.229,0.254,-590.902,-589.078,-1.824000000000069,0.3679999999999999,0.3599999999999999
all_to_all_graph0_n32_d0p3,32,0.3,10,1000,-582.462,-571.472,-10.990000000000007,0.2849999999999999,0.274,-591.248,-581.646,-9.602000000000087,0.3539999999999999,0.3049999999999999
all_to_all_graph1_n32_d0p3,32,0.3,1,1000,-520.36,-515.294,-5.066000000000031,0.185,0.1479999999999999,-529.998,-525.732,-4.266000000000076,0.2369999999999999,0.203
all_to_all_graph1_n32_d0p3,32,0.3,2,1000,-520.78,-514.318,-6.461999999999989,0.1809999999999999,0.129,-531.702,-523.836,-7.8659999999999854,0.272,0.199
all_to_all_graph1_n32_d0p3,32,0.3,3,1000,-526.948,-523.466,-3.481999999999971,0.169,0.164,-536.748,-530.756,-5.992000000000076,0.2879999999999999,0.254
all_to_all_graph1_n32_d0p3,32,0.3,4,1000,-526.224,-519.778,-6.4460000000000255,0.216,0.1729999999999999,-532.952,-527.572,-5.379999999999996,0.274,0.247
all_to_all_graph1_n32_d0p3,32,0.3,5,1000,-529.38,-524.55,-4.830000000000041,0.222,0.219,-535.666,-530.894,-4.772000000000048,0.273,0.277
all_to_all_graph1_n32_d0p3,32,0.3,6,1000,-522.772,-518.152,-4.6200000000000045,0.1799999999999999,0.19,-533.138,-528.208,-4.930000000000064,0.2919999999999999,0.249
all_to_all_graph1_n32_d0p3,32,0.3,7,1000,-524.98,-519.776,-5.204000000000065,0.135,0.151,-533.646,-528.294,-5.351999999999976,0.275,0.267
all_to_all_graph1_n32_d0p3,32,0.3,8,1000,-518.528,-513.552,-4.975999999999999,0.121,0.126,-527.9,-522.934,-4.966000000000008,0.214,0.2079999999999999
all_to_all_graph1_n32_d0p3,32,0.3,9,1000,-522.38,-519.294,-3.0860000000000127,0.156,0.1449999999999999,-531.54,-528.616,-2.9239999999999786,0.2409999999999999,0.2369999999999999
all_to_all_graph1_n32_d0p3,32,0.3,10,1000,-519.51,-519.072,-0.4379999999999881,0.157,0.1719999999999999,-528.76,-525.418,-3.3419999999999845,0.2379999999999999,0.223
all_to_all_graph2_n32_d0p3,32,0.3,1,1000,-632.886,-618.886,-14.0,0.186,0.135,-647.836,-628.59,-19.24599999999998,0.2429999999999999,0.155
all_to_all_graph2_n32_d0p3,32,0.3,2,1000,-643.326,-630.416,-12.909999999999968,0.226,0.191,-654.668,-641.224,-13.44399999999996,0.2409999999999999,0.197
all_to_all_graph2_n32_d0p3,32,0.3,3,1000,-642.434,-632.108,-10.326000000000022,0.12,0.127,-653.104,-644.018,-9.086000000000013,0.214,0.196
all_to_all_graph2_n32_d0p3,32,0.3,4,1000,-638.946,-625.298,-13.648000000000025,0.151,0.122,-648.006,-634.672,-13.333999999999946,0.1809999999999999,0.1489999999999999
all_to_all_graph2_n32_d0p3,32,0.3,5,1000,-644.734,-633.624,-11.110000000000014,0.168,0.152,-649.86,-640.204,-9.656000000000065,0.182,0.159
all_to_all_graph2_n32_d0p3,32,0.3,6,1000,-637.482,-628.242,-9.240000000000007,0.193,0.153,-645.17,-637.502,-7.668000000000006,0.224,0.194
all_to_all_graph2_n32_d0p3,32,0.3,7,1000,-639.546,-626.4,-13.146000000000072,0.2089999999999999,0.169,-647.404,-631.972,-15.432000000000016,0.2419999999999999,0.183
all_to_all_graph2_n32_d0p3,32,0.3,8,1000,-633.746,-627.258,-6.487999999999944,0.0519999999999999,0.069,-644.732,-638.184,-6.548000000000002,0.1419999999999999,0.1409999999999999
all_to_all_graph2_n32_d0p3,32,0.3,9,1000,-629.924,-619.914,-10.009999999999993,0.079,0.107,-643.796,-632.498,-11.298000000000002,0.193,0.159
all_to_all_graph2_n32_d0p3,32,0.3,10,1000,-642.8,-633.94,-8.8599999999999,0.22,0.184,-648.54,-642.846,-5.69399999999996,0.2389999999999999,0.203
all_to_all_graph3_n32_d0p3,32,0.3,1,1000,-610.894,-601.288,-9.605999999999993,0.05,0.0259999999999999,-617.196,-612.478,-4.718000000000075,0.0519999999999999,0.0259999999999999
all_to_all_graph3_n32_d0p3,32,0.3,2,1000,-610.626,-599.6,-11.025999999999954,0.0709999999999999,0.0379999999999999,-620.328,-611.866,-8.461999999999989,0.079,0.055
all_to_all_graph3_n32_d0p3,32,0.3,3,1000,-607.744,-598.574,-9.170000000000073,0.028,0.0109999999999999,-616.294,-608.808,-7.48599999999999,0.028,0.0109999999999999
all_to_all_graph3_n32_d0p3,32,0.3,4,1000,-613.534,-605.21,-8.323999999999955,0.0299999999999999,0.0429999999999999,-620.154,-612.21,-7.94399999999996,0.0299999999999999,0.0429999999999999
all_to_all_graph3_n32_d0p3,32,0.3,5,1000,-612.624,-596.46,-16.163999999999987,0.068,0.048,-618.868,-607.224,-11.644000000000004,0.069,0.0509999999999999
all_to_all_graph3_n32_d0p3,32,0.3,6,1000,-612.112,-601.678,-10.433999999999967,0.0449999999999999,0.041,-619.048,-610.472,-8.576000000000022,0.0459999999999999,0.041
all_to_all_graph3_n32_d0p3,32,0.3,7,1000,-609.254,-596.318,-12.936000000000035,0.035,0.041,-616.676,-604.058,-12.618000000000052,0.035,0.041
all_to_all_graph3_n32_d0p3,32,0.3,8,1000,-613.966,-604.044,-9.922000000000024,0.069,0.031,-620.032,-612.748,-7.28399999999999,0.07,0.0359999999999999
all_to_all_graph3_n32_d0p3,32,0.3,9,1000,-613.7,-601.328,-12.372000000000073,0.0729999999999999,0.035,-621.312,-613.132,-8.180000000000062,0.0729999999999999,0.035
all_to_all_graph3_n32_d0p3,32,0.3,10,1000,-609.614,-601.31,-8.304000000000086,0.0449999999999999,0.0299999999999999,-616.764,-609.226,-7.538000000000011,0.0449999999999999,0.0299999999999999
all_to_all_graph4_n32_d0p3,32,0.3,1,1000,-516.084,-515.396,-0.6879999999999881,0.049,0.0439999999999999,-522.998,-520.89,-2.108000000000061,0.129,0.131
all_to_all_graph4_n32_d0p3,32,0.3,2,1000,-517.184,-509.312,-7.871999999999956,0.0889999999999999,0.064,-524.218,-515.864,-8.353999999999928,0.132,0.108
all_to_all_graph4_n32_d0p3,32,0.3,3,1000,-513.538,-510.934,-2.603999999999985,0.097,0.101,-520.668,-517.05,-3.618000000000052,0.112,0.114
all_to_all_graph4_n32_d0p3,32,0.3,4,1000,-512.722,-509.898,-2.8239999999999554,0.0539999999999999,0.0589999999999999,-521.718,-517.342,-4.375999999999976,0.094,0.085
all_to_all_graph4_n32_d0p3,32,0.3,5,1000,-516.78,-508.926,-7.853999999999985,0.1019999999999999,0.082,-523.42,-516.814,-6.6059999999999945,0.151,0.13
all_to_all_graph4_n32_d0p3,32,0.3,6,1000,-511.262,-508.522,-2.7400000000000087,0.1019999999999999,0.0889999999999999,-518.932,-515.216,-3.716000000000008,0.116,0.098
all_to_all_graph4_n32_d0p3,32,0.3,7,1000,-518.642,-512.912,-5.730000000000017,0.136,0.101,-528.098,-520.694,-7.403999999999996,0.152,0.107
all_to_all_graph4_n32_d0p3,32,0.3,8,1000,-518.786,-512.5,-6.2859999999999445,0.11,0.084,-524.836,-518.628,-6.20799999999997,0.1499999999999999,0.117
all_to_all_graph4_n32_d0p3,32,0.3,9,1000,-508.472,-504.976,-3.495999999999981,0.0869999999999999,0.064,-516.608,-513.394,-3.213999999999942,0.108,0.0919999999999999
all_to_all_graph4_n32_d0p3,32,0.3,10,1000,-513.804,-511.338,-2.465999999999952,0.0589999999999999,0.0589999999999999,-521.602,-518.846,-2.755999999999972,0.112,0.1019999999999999
all_to_all_graph5_n32_d0p3,32,0.3,1,1000,-544.388,-535.086,-9.302000000000021,0.085,0.1029999999999999,-553.838,-544.412,-9.42599999999993,0.2049999999999999,0.188
all_to_all_graph5_n32_d0p3,32,0.3,2,1000,-538.014,-528.952,-9.062000000000014,0.11,0.079,-550.202,-543.832,-6.3700000000000045,0.262,0.2109999999999999
all_to_all_graph5_n32_d0p3,32,0.3,3,1000,-538.226,-536.308,-1.9180000000000064,0.164,0.129,-551.094,-548.344,-2.75,0.2899999999999999,0.258
all_to_all_graph5_n32_d0p3,32,0.3,4,1000,-540.838,-532.13,-8.70799999999997,0.07,0.064,-552.304,-545.03,-7.274000000000002,0.23,0.203
all_to_all_graph5_n32_d0p3,32,0.3,5,1000,-542.318,-536.578,-5.740000000000009,0.108,0.0869999999999999,-553.03,-549.932,-3.0979999999999563,0.232,0.226
all_to_all_graph5_n32_d0p3,32,0.3,6,1000,-538.542,-531.468,-7.074000000000069,0.1419999999999999,0.107,-547.212,-541.698,-5.51400000000001,0.222,0.2049999999999999
all_to_all_graph5_n32_d0p3,32,0.3,7,1000,-543.46,-538.026,-5.434000000000083,0.1489999999999999,0.123,-552.97,-546.862,-6.108000000000061,0.218,0.1739999999999999
all_to_all_graph5_n32_d0p3,32,0.3,8,1000,-536.802,-531.652,-5.149999999999976,0.136,0.105,-546.52,-541.526,-4.994000000000028,0.219,0.1749999999999999
all_to_all_graph5_n32_d0p3,32,0.3,9,1000,-544.23,-538.81,-5.420000000000073,0.135,0.12,-553.41,-549.214,-4.195999999999913,0.221,0.226
all_to_all_graph5_n32_d0p3,32,0.3,10,1000,-539.904,-534.566,-5.3379999999999646,0.0889999999999999,0.107,-548.678,-544.908,-3.769999999999982,0.218,0.219
all_to_all_graph6_n32_d0p3,32,0.3,1,1000,-536.104,-531.034,-5.07000000000005,0.042,0.063,-547.462,-542.516,-4.9460000000000255,0.07,0.097
all_to_all_graph6_n32_d0p3,32,0.3,2,1000,-541.14,-535.048,-6.0919999999999845,0.0739999999999999,0.079,-548.836,-545.662,-3.1739999999999786,0.0909999999999999,0.1019999999999999
all_to_all_graph6_n32_d0p3,32,0.3,3,1000,-540.11,-536.252,-3.858000000000061,0.0529999999999999,0.0719999999999999,-549.16,-544.322,-4.8379999999999646,0.078,0.096
all_to_all_graph6_n32_d0p3,32,0.3,4,1000,-539.42,-530.648,-8.771999999999935,0.069,0.068,-547.162,-537.39,-9.772000000000048,0.082,0.0739999999999999
all_to_all_graph6_n32_d0p3,32,0.3,5,1000,-540.704,-532.648,-8.055999999999926,0.05,0.034,-547.498,-541.222,-6.276000000000067,0.0719999999999999,0.057
all_to_all_graph6_n32_d0p3,32,0.3,6,1000,-542.028,-537.994,-4.033999999999992,0.08,0.0769999999999999,-550.25,-547.388,-2.8619999999999663,0.106,0.106
all_to_all_graph6_n32_d0p3,32,0.3,7,1000,-537.456,-532.928,-4.52800000000002,0.066,0.066,-548.756,-542.994,-5.761999999999944,0.112,0.0919999999999999
all_to_all_graph6_n32_d0p3,32,0.3,8,1000,-544.336,-539.204,-5.132000000000062,0.0729999999999999,0.07,-550.72,-545.26,-5.460000000000036,0.0759999999999999,0.0759999999999999
all_to_all_graph6_n32_d0p3,32,0.3,9,1000,-545.58,-542.664,-2.9160000000000537,0.116,0.108,-552.644,-548.442,-4.201999999999998,0.1189999999999999,0.113
all_to_all_graph6_n32_d0p3,32,0.3,10,1000,-536.224,-531.516,-4.708000000000084,0.0529999999999999,0.068,-545.984,-540.59,-5.3940000000000055,0.057,0.0719999999999999
all_to_all_graph7_n32_d0p3,32,0.3,1,1000,-554.644,-548.206,-6.437999999999988,0.187,0.1719999999999999,-563.994,-558.898,-5.096000000000004,0.2099999999999999,0.192
all_to_all_graph7_n32_d0p3,32,0.3,2,1000,-554.89,-549.304,-5.586000000000013,0.224,0.163,-564.878,-557.802,-7.076000000000022,0.2409999999999999,0.1729999999999999
all_to_all_graph7_n32_d0p3,32,0.3,3,1000,-553.912,-543.424,-10.488000000000056,0.157,0.121,-564.864,-553.726,-11.138000000000034,0.217,0.1489999999999999
all_to_all_graph7_n32_d0p3,32,0.3,4,1000,-552.726,-541.682,-11.043999999999984,0.139,0.105,-559.818,-547.39,-12.427999999999995,0.1419999999999999,0.107
all_to_all_graph7_n32_d0p3,32,0.3,5,1000,-559.674,-551.992,-7.682000000000016,0.198,0.1799999999999999,-566.428,-558.47,-7.95799999999997,0.2059999999999999,0.191
all_to_all_graph7_n32_d0p3,32,0.3,6,1000,-541.234,-536.982,-4.2520000000000655,0.135,0.122,-558.116,-554.12,-3.995999999999981,0.1759999999999999,0.1439999999999999
all_to_all_graph7_n32_d0p3,32,0.3,7,1000,-553.618,-547.04,-6.578000000000088,0.1479999999999999,0.137,-563.766,-554.386,-9.379999999999997,0.189,0.151
all_to_all_graph7_n32_d0p3,32,0.3,8,1000,-547.722,-539.864,-7.857999999999947,0.124,0.094,-561.188,-553.524,-7.663999999999987,0.201,0.1469999999999999
all_to_all_graph7_n32_d0p3,32,0.3,9,1000,-548.752,-541.408,-7.343999999999937,0.167,0.1459999999999999,-559.974,-551.522,-8.451999999999998,0.187,0.156
all_to_all_graph7_n32_d0p3,32,0.3,10,1000,-550.296,-539.712,-10.58400000000006,0.1019999999999999,0.083,-559.222,-551.014,-8.20799999999997,0.196,0.1439999999999999
all_to_all_graph8_n32_d0p3,32,0.3,1,1000,-480.6,-475.222,-5.378000000000043,0.127,0.0589999999999999,-487.958,-482.754,-5.204000000000008,0.1479999999999999,0.078
all_to_all_graph8_n32_d0p3,32,0.3,2,1000,-481.924,-475.748,-6.175999999999988,0.101,0.057,-488.876,-483.26,-5.6159999999999854,0.1449999999999999,0.078
all_to_all_graph8_n32_d0p3,32,0.3,3,1000,-477.398,-469.238,-8.160000000000025,0.0889999999999999,0.082,-486.766,-480.752,-6.01400000000001,0.115,0.111
all_to_all_graph8_n32_d0p3,32,0.3,4,1000,-480.83,-476.402,-4.427999999999996,0.07,0.0529999999999999,-488.732,-483.818,-4.914000000000044,0.117,0.083
all_to_all_graph8_n32_d0p3,32,0.3,5,1000,-480.872,-473.626,-7.246000000000037,0.106,0.0889999999999999,-490.78,-482.242,-8.537999999999954,0.137,0.109
all_to_all_graph8_n32_d0p3,32,0.3,6,1000,-479.242,-472.724,-6.518000000000029,0.0739999999999999,0.049,-490.164,-482.79,-7.373999999999968,0.154,0.099
all_to_all_graph8_n32_d0p3,32,0.3,7,1000,-478.296,-474.308,-3.988,0.084,0.0759999999999999,-485.776,-482.644,-3.132000000000005,0.107,0.0889999999999999
all_to_all_graph8_n32_d0p3,32,0.3,8,1000,-478.274,-469.542,-8.732000000000028,0.064,0.032,-489.242,-481.276,-7.966000000000008,0.14,0.08
all_to_all_graph8_n32_d0p3,32,0.3,9,1000,-481.428,-474.364,-7.0640000000000205,0.0889999999999999,0.069,-486.94,-481.466,-5.4739999999999895,0.112,0.083
all_to_all_graph8_n32_d0p3,32,0.3,10,1000,-481.426,-475.67,-5.755999999999972,0.107,0.0769999999999999,-488.22,-482.308,-5.912000000000035,0.123,0.0919999999999999
all_to_all_graph9_n32_d0p3,32,0.3,1,1000,-581.08,-571.27,-9.810000000000061,0.136,0.115,-592.204,-581.214,-10.989999999999895,0.14,0.1189999999999999
all_to_all_graph9_n32_d0p3,32,0.3,2,1000,-584.43,-576.79,-7.6399999999999855,0.156,0.136,-593.432,-585.48,-7.951999999999998,0.1739999999999999,0.152
all_to_all_graph9_n32_d0p3,32,0.3,3,1000,-584.948,-571.132,-13.816000000000033,0.191,0.162,-595.188,-581.786,-13.402000000000044,0.194,0.1719999999999999
all_to_all_graph9_n32_d0p3,32,0.3,4,1000,-577.988,-567.008,-10.980000000000018,0.156,0.13,-587.994,-577.252,-10.742000000000075,0.159,0.132
all_to_all_graph9_n32_d0p3,32,0.3,5,1000,-587.458,-573.668,-13.789999999999964,0.168,0.124,-596.65,-584.086,-12.563999999999965,0.193,0.1479999999999999
all_to_all_graph9_n32_d0p3,32,0.3,6,1000,-584.72,-569.754,-14.966000000000008,0.1489999999999999,0.0889999999999999,-593.11,-579.718,-13.392000000000053,0.169,0.104
all_to_all_graph9_n32_d0p3,32,0.3,7,1000,-584.966,-575.762,-9.204000000000065,0.1749999999999999,0.1419999999999999,-593.432,-586.256,-7.176000000000045,0.194,0.159
all_to_all_graph9_n32_d0p3,32,0.3,8,1000,-582.802,-573.684,-9.118000000000052,0.1759999999999999,0.14,-594.934,-585.28,-9.653999999999996,0.2059999999999999,0.167
all_to_all_graph9_n32_d0p3,32,0.3,9,1000,-581.404,-572.168,-9.23599999999999,0.1749999999999999,0.133,-587.726,-580.894,-6.831999999999994,0.1759999999999999,0.1429999999999999
all_to_all_graph9_n32_d0p3,32,0.3,10,1000,-581.83,-573.066,-8.76400000000001,0.159,0.115,-593.16,-584.516,-8.644000000000005,0.195,0.1719999999999999
all_to_all_graph10_n32_d0p3,32,0.3,1,1000,-544.182,-534.61,-9.572000000000001,0.17,0.124,-553.76,-545.188,-8.572000000000001,0.2109999999999999,0.166
all_to_all_graph10_n32_d0p3,32,0.3,2,1000,-543.628,-533.678,-9.950000000000045,0.1499999999999999,0.123,-551.724,-541.514,-10.210000000000036,0.186,0.1429999999999999
all_to_all_graph10_n32_d0p3,32,0.3,3,1000,-537.946,-529.64,-8.30600000000004,0.13,0.098,-548.79,-542.262,-6.52800000000002,0.199,0.168
all_to_all_graph10_n32_d0p3,32,0.3,4,1000,-545.762,-536.972,-8.789999999999964,0.1799999999999999,0.134,-554.846,-547.056,-7.789999999999964,0.2349999999999999,0.182
all_to_all_graph10_n32_d0p3,32,0.3,5,1000,-541.1,-533.238,-7.861999999999966,0.186,0.165,-551.776,-545.914,-5.861999999999966,0.2059999999999999,0.193
all_to_all_graph10_n32_d0p3,32,0.3,6,1000,-543.154,-536.136,-7.018000000000029,0.161,0.1469999999999999,-552.09,-546.062,-6.02800000000002,0.188,0.189
all_to_all_graph10_n32_d0p3,32,0.3,7,1000,-542.014,-533.178,-8.836000000000013,0.1749999999999999,0.105,-551.71,-542.804,-8.906000000000065,0.2119999999999999,0.1469999999999999
all_to_all_graph10_n32_d0p3,32,0.3,8,1000,-544.042,-536.83,-7.211999999999989,0.166,0.137,-554.264,-545.784,-8.480000000000018,0.249,0.2109999999999999
all_to_all_graph10_n32_d0p3,32,0.3,9,1000,-540.098,-533.752,-6.346000000000004,0.113,0.107,-548.016,-542.628,-5.38799999999992,0.139,0.1189999999999999
all_to_all_graph10_n32_d0p3,32,0.3,10,1000,-539.478,-534.926,-4.551999999999907,0.1,0.1,-550.728,-545.882,-4.846000000000004,0.185,0.1719999999999999
all_to_all_graph11_n32_d0p3,32,0.3,1,1000,-563.596,-558.36,-5.23599999999999,0.0929999999999999,0.0729999999999999,-570.292,-566.092,-4.2000000000000455,0.094,0.0749999999999999
all_to_all_graph11_n32_d0p3,32,0.3,2,1000,-565.152,-556.332,-8.82000000000005,0.108,0.0919999999999999,-570.332,-561.474,-8.857999999999947,0.125,0.096
all_to_all_graph11_n32_d0p3,32,0.3,3,1000,-563.414,-555.286,-8.128000000000041,0.0909999999999999,0.0299999999999999,-572.454,-564.046,-8.4079999999999,0.11,0.055
all_to_all_graph11_n32_d0p3,32,0.3,4,1000,-560.262,-554.358,-5.903999999999996,0.084,0.069,-568.994,-560.99,-8.004000000000019,0.0899999999999999,0.069
all_to_all_graph11_n32_d0p3,32,0.3,5,1000,-551.818,-541.806,-10.011999999999944,0.056,0.0179999999999999,-559.376,-550.618,-8.757999999999923,0.0719999999999999,0.028
all_to_all_graph11_n32_d0p3,32,0.3,6,1000,-559.47,-554.382,-5.088000000000079,0.125,0.109,-568.05,-561.328,-6.72199999999998,0.127,0.109
all_to_all_graph11_n32_d0p3,32,0.3,7,1000,-563.02,-556.084,-6.936000000000036,0.082,0.07,-572.354,-564.38,-7.974000000000046,0.113,0.081
all_to_all_graph11_n32_d0p3,32,0.3,8,1000,-558.514,-554.484,-4.029999999999973,0.0539999999999999,0.068,-570.67,-563.92,-6.75,0.121,0.0889999999999999
all_to_all_graph11_n32_d0p3,32,0.3,9,1000,-556.66,-554.8,-1.8600000000000136,0.078,0.0509999999999999,-564.718,-561.964,-2.7539999999999054,0.08,0.057
all_to_all_graph11_n32_d0p3,32,0.3,10,1000,-557.648,-550.088,-7.560000000000059,0.083,0.0589999999999999,-566.054,-557.522,-8.531999999999925,0.083,0.0599999999999999
all_to_all_graph12_n32_d0p3,32,0.3,1,1000,-539.55,-529.252,-10.298000000000002,0.1759999999999999,0.139,-549.716,-540.64,-9.07600000000002,0.2089999999999999,0.169
all_to_all_graph12_n32_d0p3,32,0.3,2,1000,-536.364,-530.862,-5.5020000000000655,0.1459999999999999,0.109,-548.464,-543.33,-5.134000000000015,0.184,0.139
all_to_all_graph12_n32_d0p3,32,0.3,3,1000,-536.536,-529.226,-7.309999999999945,0.122,0.108,-547.982,-541.674,-6.307999999999993,0.161,0.138
all_to_all_graph12_n32_d0p3,32,0.3,4,1000,-539.132,-531.936,-7.195999999999913,0.133,0.1029999999999999,-551.06,-543.87,-7.189999999999941,0.194,0.14
all_to_all_graph12_n32_d0p3,32,0.3,5,1000,-536.756,-530.474,-6.2819999999999245,0.1469999999999999,0.135,-551.66,-543.988,-7.67199999999991,0.198,0.167
all_to_all_graph12_n32_d0p3,32,0.3,6,1000,-536.652,-528.226,-8.426000000000045,0.136,0.101,-548.952,-540.712,-8.240000000000009,0.182,0.1439999999999999
all_to_all_graph12_n32_d0p3,32,0.3,7,1000,-543.584,-534.756,-8.827999999999975,0.189,0.138,-551.496,-545.898,-5.597999999999956,0.196,0.165
all_to_all_graph12_n32_d0p3,32,0.3,8,1000,-535.94,-528.938,-7.0020000000000655,0.159,0.139,-549.986,-541.29,-8.696000000000026,0.222,0.167
all_to_all_graph12_n32_d0p3,32,0.3,9,1000,-537.918,-531.414,-6.504000000000019,0.12,0.12,-550.186,-542.726,-7.4600000000000355,0.1759999999999999,0.1479999999999999
all_to_all_graph12_n32_d0p3,32,0.3,10,1000,-538.21,-530.61,-7.600000000000023,0.162,0.138,-548.55,-540.86,-7.689999999999941,0.193,0.153
all_to_all_graph13_n32_d0p3,32,0.3,1,1000,-589.296,-579.958,-9.33800000000008,0.2,0.188,-597.188,-588.93,-8.258000000000038,0.2119999999999999,0.2049999999999999
all_to_all_graph13_n32_d0p3,32,0.3,2,1000,-591.598,-581.19,-10.407999999999902,0.1739999999999999,0.1479999999999999,-598.944,-589.144,-9.799999999999953,0.2829999999999999,0.25
all_to_all_graph13_n32_d0p3,32,0.3,3,1000,-585.732,-577.916,-7.815999999999917,0.1789999999999999,0.135,-595.464,-586.042,-9.422000000000024,0.253,0.189
all_to_all_graph13_n32_d0p3,32,0.3,4,1000,-587.628,-577.93,-9.698000000000093,0.2379999999999999,0.197,-594.428,-587.43,-6.998000000000047,0.31,0.255
all_to_all_graph13_n32_d0p3,32,0.3,5,1000,-596.97,-586.236,-10.734000000000036,0.16,0.2079999999999999,-603.69,-593.068,-10.622000000000073,0.3019999999999999,0.2949999999999999
all_to_all_graph13_n32_d0p3,32,0.3,6,1000,-594.408,-581.482,-12.926000000000045,0.1499999999999999,0.1409999999999999,-600.312,-589.034,-11.27800000000002,0.223,0.2069999999999999
all_to_all_graph13_n32_d0p3,32,0.3,7,1000,-590.314,-584.826,-5.487999999999944,0.272,0.249,-598.318,-591.52,-6.798000000000002,0.334,0.2829999999999999
all_to_all_graph13_n32_d0p3,32,0.3,8,1000,-588.324,-577.022,-11.301999999999907,0.191,0.163,-600.634,-589.036,-11.59800000000007,0.314,0.267
all_to_all_graph13_n32_d0p3,32,0.3,9,1000,-586.932,-580.93,-6.0020000000000655,0.1779999999999999,0.19,-595.09,-589.648,-5.442000000000007,0.216,0.2399999999999999
all_to_all_graph13_n32_d0p3,32,0.3,10,1000,-589.548,-577.882,-11.666000000000054,0.157,0.1179999999999999,-595.448,-584.688,-10.759999999999993,0.214,0.17
all_to_all_graph14_n32_d0p3,32,0.3,1,1000,-482.296,-470.614,-11.682000000000016,0.1019999999999999,0.079,-488.966,-478.83,-10.136000000000024,0.114,0.098
all_to_all_graph14_n32_d0p3,32,0.3,2,1000,-480.666,-472.914,-7.7520000000000095,0.108,0.0859999999999999,-487.138,-481.564,-5.573999999999955,0.116,0.1019999999999999
all_to_all_graph14_n32_d0p3,32,0.3,3,1000,-481.468,-472.384,-9.084000000000003,0.112,0.07,-487.348,-479.578,-7.770000000000039,0.123,0.081
all_to_all_graph14_n32_d0p3,32,0.3,4,1000,-473.244,-464.494,-8.75,0.085,0.0459999999999999,-481.276,-472.534,-8.742000000000017,0.098,0.062
all_to_all_graph14_n32_d0p3,32,0.3,5,1000,-480.792,-471.61,-9.18199999999996,0.106,0.0749999999999999,-486.006,-479.08,-6.925999999999988,0.114,0.084
all_to_all_graph14_n32_d0p3,32,0.3,6,1000,-479.782,-470.14,-9.641999999999998,0.0539999999999999,0.047,-487.164,-478.232,-8.931999999999958,0.094,0.098
all_to_all_graph14_n32_d0p3,32,0.3,7,1000,-476.536,-468.152,-8.384000000000015,0.0899999999999999,0.0599999999999999,-483.554,-475.61,-7.94399999999996,0.104,0.066
all_to_all_graph14_n32_d0p3,32,0.3,8,1000,-479.804,-473.22,-6.5839999999999455,0.0929999999999999,0.064,-484.176,-478.934,-5.241999999999962,0.1,0.0709999999999999
all_to_all_graph14_n32_d0p3,32,0.3,9,1000,-480.158,-472.644,-7.51400000000001,0.1029999999999999,0.0749999999999999,-488.93,-481.342,-7.588000000000022,0.127,0.1029999999999999
all_to_all_graph14_n32_d0p3,32,0.3,10,1000,-479.292,-471.394,-7.897999999999967,0.07,0.0509999999999999,-486.874,-478.992,-7.882000000000005,0.098,0.078
all_to_all_graph15_n32_d0p3,32,0.3,1,1000,-601.848,-595.48,-6.367999999999937,0.126,0.113,-610.704,-603.808,-6.895999999999958,0.1479999999999999,0.128
all_to_all_graph15_n32_d0p3,32,0.3,2,1000,-600.274,-589.7,-10.573999999999955,0.0889999999999999,0.0709999999999999,-610.116,-600.794,-9.322000000000001,0.133,0.11
all_to_all_graph15_n32_d0p3,32,0.3,3,1000,-595.486,-585.97,-9.515999999999961,0.108,0.0769999999999999,-608.284,-599.844,-8.43999999999994,0.151,0.114
all_to_all_graph15_n32_d0p3,32,0.3,4,1000,-593.242,-587.634,-5.607999999999947,0.104,0.0869999999999999,-608.812,-604.678,-4.134000000000015,0.136,0.108
all_to_all_graph15_n32_d0p3,32,0.3,5,1000,-593.976,-590.606,-3.3700000000000045,0.097,0.0909999999999999,-606.422,-602.18,-4.242000000000076,0.131,0.111
all_to_all_graph15_n32_d0p3,32,0.3,6,1000,-601.91,-591.456,-10.453999999999953,0.128,0.107,-609.706,-599.89,-9.816000000000033,0.1429999999999999,0.128
all_to_all_graph15_n32_d0p3,32,0.3,7,1000,-600.236,-590.236,-10.0,0.094,0.05,-612.494,-601.694,-10.800000000000068,0.17,0.11
all_to_all_graph15_n32_d0p3,32,0.3,8,1000,-603.518,-594.628,-8.889999999999986,0.0909999999999999,0.0909999999999999,-612.764,-605.042,-7.72199999999998,0.133,0.134
all_to_all_graph15_n32_d0p3,32,0.3,9,1000,-602.106,-589.698,-12.408000000000015,0.068,0.065,-615.596,-602.902,-12.69399999999996,0.106,0.081
all_to_all_graph15_n32_d0p3,32,0.3,10,1000,-597.372,-587.26,-10.111999999999966,0.095,0.1019999999999999,-611.248,-600.492,-10.756000000000084,0.151,0.154
all_to_all_graph16_n32_d0p3,32,0.3,1,1000,-531.3,-524.3,-7.0,0.1179999999999999,0.0729999999999999,-539.04,-531.742,-7.298000000000004,0.185,0.138
all_to_all_graph16_n32_d0p3,32,0.3,2,1000,-535.27,-528.462,-6.807999999999993,0.171,0.1409999999999999,-542.452,-535.292,-7.159999999999968,0.228,0.1719999999999999
all_to_all_graph16_n32_d0p3,32,0.3,3,1000,-532.368,-523.222,-9.146000000000074,0.188,0.106,-540.038,-531.998,-8.039999999999964,0.224,0.1429999999999999
all_to_all_graph16_n32_d0p3,32,0.3,4,1000,-529.388,-524.57,-4.817999999999984,0.1489999999999999,0.133,-536.87,-531.004,-5.8659999999999854,0.171,0.1439999999999999
all_to_all_graph16_n32_d0p3,32,0.3,5,1000,-531.334,-523.494,-7.839999999999918,0.16,0.105,-540.706,-534.818,-5.888000000000034,0.203,0.1499999999999999
all_to_all_graph16_n32_d0p3,32,0.3,6,1000,-535.85,-525.464,-10.385999999999967,0.1759999999999999,0.129,-541.868,-533.26,-8.608000000000063,0.2129999999999999,0.1479999999999999
all_to_all_graph16_n32_d0p3,32,0.3,7,1000,-529.432,-524.238,-5.19399999999996,0.1469999999999999,0.115,-536.918,-531.26,-5.658000000000016,0.162,0.124
all_to_all_graph16_n32_d0p3,32,0.3,8,1000,-529.464,-524.906,-4.5580000000001055,0.1499999999999999,0.104,-537.22,-532.532,-4.687999999999988,0.17,0.116
all_to_all_graph16_n32_d0p3,32,0.3,9,1000,-532.392,-524.108,-8.284000000000106,0.11,0.0599999999999999,-538.716,-529.826,-8.889999999999986,0.1769999999999999,0.116
all_to_all_graph16_n32_d0p3,32,0.3,10,1000,-529.12,-524.206,-4.913999999999987,0.127,0.108,-538.452,-531.622,-6.830000000000041,0.1779999999999999,0.1439999999999999
all_to_all_graph17_n32_d0p3,32,0.3,1,1000,-527.834,-522.56,-5.274000000000001,0.006,0.008,-537.882,-531.638,-6.2439999999999145,0.008,0.01
all_to_all_graph17_n32_d0p3,32,0.3,2,1000,-527.138,-521.606,-5.532000000000039,0.004,0.005,-536.666,-529.878,-6.78800000000001,0.0089999999999999,0.0109999999999999
all_to_all_graph17_n32_d0p3,32,0.3,3,1000,-538.708,-530.472,-8.23599999999999,0.0369999999999999,0.02,-543.016,-535.194,-7.822000000000002,0.0369999999999999,0.02
all_to_all_graph17_n32_d0p3,32,0.3,4,1000,-532.678,-526.138,-6.539999999999964,0.0299999999999999,0.02,-540.222,-533.248,-6.973999999999933,0.0299999999999999,0.021
all_to_all_graph17_n32_d0p3,32,0.3,5,1000,-528.902,-525.42,-3.4820000000000846,0.021,0.012,-538.43,-533.458,-4.97199999999998,0.021,0.012
all_to_all_graph17_n32_d0p3,32,0.3,6,1000,-534.976,-529.926,-5.0499999999999545,0.024,0.014,-543.256,-535.962,-7.293999999999983,0.024,0.014
all_to_all_graph17_n32_d0p3,32,0.3,7,1000,-530.894,-520.294,-10.600000000000025,0.0509999999999999,0.034,-539.428,-530.09,-9.337999999999965,0.0519999999999999,0.0359999999999999
all_to_all_graph17_n32_d0p3,32,0.3,8,1000,-530.118,-523.002,-7.116000000000099,0.021,0.016,-538.49,-530.728,-7.762000000000057,0.0299999999999999,0.021
all_to_all_graph17_n32_d0p3,32,0.3,9,1000,-533.912,-525.748,-8.163999999999987,0.028,0.016,-540.028,-533.074,-6.954000000000065,0.0299999999999999,0.019
all_to_all_graph17_n32_d0p3,32,0.3,10,1000,-534.3,-526.808,-7.491999999999962,0.027,0.019,-540.958,-533.394,-7.5639999999999645,0.027,0.021
all_to_all_graph18_n32_d0p3,32,0.3,1,1000,-537.524,-531.998,-5.525999999999954,0.0909999999999999,0.0899999999999999,-543.18,-536.908,-6.271999999999935,0.1179999999999999,0.1019999999999999
all_to_all_graph18_n32_d0p3,32,0.3,2,1000,-536.478,-533.346,-3.131999999999948,0.111,0.097,-543.886,-540.118,-3.7679999999999154,0.125,0.1029999999999999
all_to_all_graph18_n32_d0p3,32,0.3,3,1000,-538.886,-530.062,-8.823999999999955,0.1029999999999999,0.0769999999999999,-544.944,-537.588,-7.355999999999994,0.167,0.139
all_to_all_graph18_n32_d0p3,32,0.3,4,1000,-538.378,-532.66,-5.718000000000075,0.0589999999999999,0.0379999999999999,-543.664,-538.886,-4.77800000000002,0.1429999999999999,0.116
all_to_all_graph18_n32_d0p3,32,0.3,5,1000,-535.236,-531.126,-4.110000000000014,0.105,0.098,-541.46,-539.306,-2.1539999999999964,0.121,0.115
all_to_all_graph18_n32_d0p3,32,0.3,6,1000,-536.114,-530.882,-5.232000000000085,0.139,0.1029999999999999,-543.706,-538.534,-5.1720000000000255,0.161,0.1189999999999999
all_to_all_graph18_n32_d0p3,32,0.3,7,1000,-540.258,-534.828,-5.430000000000064,0.137,0.113,-548.056,-541.2,-6.8559999999999945,0.168,0.131
all_to_all_graph18_n32_d0p3,32,0.3,8,1000,-538.782,-534.22,-4.562000000000012,0.134,0.109,-543.896,-539.44,-4.455999999999904,0.1449999999999999,0.1179999999999999
all_to_all_graph18_n32_d0p3,32,0.3,9,1000,-537.262,-531.058,-6.203999999999951,0.058,0.0709999999999999,-544.058,-538.268,-5.789999999999964,0.125,0.105
all_to_all_graph18_n32_d0p3,32,0.3,10,1000,-537.736,-532.684,-5.052000000000021,0.113,0.111,-544.794,-540.89,-3.903999999999997,0.152,0.135
all_to_all_graph19_n32_d0p3,32,0.3,1,1000,-561.734,-557.226,-4.508000000000038,0.097,0.081,-569.056,-565.864,-3.1920000000000077,0.113,0.108
all_to_all_graph19_n32_d0p3,32,0.3,2,1000,-560.552,-554.314,-6.238000000000056,0.07,0.048,-571.69,-564.66,-7.030000000000086,0.115,0.0879999999999999
all_to_all_graph19_n32_d0p3,32,0.3,3,1000,-551.188,-547.932,-3.255999999999972,0.025,0.042,-564.668,-560.556,-4.111999999999966,0.063,0.07
all_to_all_graph19_n32_d0p3,32,0.3,4,1000,-562.482,-558.102,-4.379999999999996,0.081,0.078,-571.48,-566.386,-5.09400000000005,0.1029999999999999,0.0859999999999999
all_to_all_graph19_n32_d0p3,32,0.3,5,1000,-562.67,-554.414,-8.255999999999972,0.0759999999999999,0.0509999999999999,-570.836,-565.196,-5.6399999999999855,0.1179999999999999,0.0869999999999999
all_to_all_graph19_n32_d0p3,32,0.3,6,1000,-556.316,-550.862,-5.454000000000065,0.0369999999999999,0.035,-565.176,-562.52,-2.6560000000000628,0.0459999999999999,0.067
all_to_all_graph19_n32_d0p3,32,0.3,7,1000,-560.994,-554.0,-6.994000000000028,0.041,0.04,-574.296,-565.44,-8.855999999999993,0.0909999999999999,0.0719999999999999
all_to_all_graph19_n32_d0p3,32,0.3,8,1000,-561.408,-557.068,-4.340000000000032,0.0449999999999999,0.062,-570.242,-566.804,-3.437999999999988,0.1179999999999999,0.108
all_to_all_graph19_n32_d0p3,32,0.3,9,1000,-558.776,-558.436,-0.3399999999999181,0.0749999999999999,0.0599999999999999,-569.618,-568.258,-1.3600000000000136,0.107,0.099
all_to_all_graph19_n32_d0p3,32,0.3,10,1000,-558.346,-550.694,-7.652000000000043,0.033,0.0359999999999999,-572.06,-564.996,-7.0639999999999645,0.095,0.081
all_to_all_graph0_n32_d0p5,32,0.5,1,1000,-767.0739999999998,-754.69,-12.3839999999999,0.281,0.257,-782.748,-771.668,-11.08000000000004,0.332,0.3009999999999999
all_to_all_graph0_n32_d0p5,32,0.5,2,1000,-764.972,-748.3339999999998,-16.638000000000034,0.2389999999999999,0.2119999999999999,-781.498,-760.1459999999998,-21.35200000000009,0.3659999999999999,0.258
all_to_all_graph0_n32_d0p5,32,0.5,3,1000,-755.138,-741.292,-13.846000000000004,0.219,0.216,-776.606,-761.626,-14.980000000000018,0.2959999999999999,0.256
all_to_all_graph0_n32_d0p5,32,0.5,4,1000,-765.6,-749.61,-15.990000000000007,0.2389999999999999,0.219,-779.3819999999998,-765.466,-13.91599999999994,0.308,0.267
all_to_all_graph0_n32_d0p5,32,0.5,5,1000,-761.298,-746.662,-14.635999999999967,0.215,0.187,-781.484,-770.4779999999998,-11.006000000000084,0.328,0.3049999999999999
all_to_all_graph0_n32_d0p5,32,0.5,6,1000,-760.166,-747.8819999999998,-12.284000000000106,0.113,0.168,-785.168,-770.648,-14.519999999999982,0.3549999999999999,0.31
all_to_all_graph0_n32_d0p5,32,0.5,7,1000,-749.6599999999999,-735.148,-14.511999999999944,0.215,0.171,-771.534,-757.7859999999998,-13.748000000000047,0.2999999999999999,0.2389999999999999
all_to_all_graph0_n32_d0p5,32,0.5,8,1000,-761.0,-743.76,-17.24000000000001,0.2049999999999999,0.186,-778.6079999999998,-761.01,-17.597999999999956,0.325,0.249
all_to_all_graph0_n32_d0p5,32,0.5,9,1000,-766.494,-751.854,-14.639999999999986,0.268,0.23,-778.76,-762.802,-15.95799999999997,0.2869999999999999,0.245
all_to_all_graph0_n32_d0p5,32,0.5,10,1000,-776.3719999999998,-759.44,-16.931999999999903,0.275,0.249,-788.2039999999998,-771.908,-16.295999999999935,0.377,0.311
all_to_all_graph1_n32_d0p5,32,0.5,1,1000,-901.4380000000002,-886.296,-15.14199999999994,0.39,0.33,-913.05,-897.658,-15.39199999999994,0.4179999999999999,0.3569999999999999
all_to_all_graph1_n32_d0p5,32,0.5,2,1000,-895.238,-874.624,-20.614000000000036,0.324,0.2939999999999999,-909.124,-886.57,-22.553999999999974,0.3489999999999999,0.313
all_to_all_graph1_n32_d0p5,32,0.5,3,1000,-889.4679999999998,-871.754,-17.713999999999942,0.265,0.253,-905.766,-887.5059999999999,-18.25999999999999,0.389,0.343
all_to_all_graph1_n32_d0p5,32,0.5,4,1000,-890.07,-870.736,-19.33400000000006,0.262,0.247,-906.282,-890.784,-15.498000000000047,0.32,0.2919999999999999
all_to_all_graph1_n32_d0p5,32,0.5,5,1000,-901.6160000000002,-881.45,-20.16599999999994,0.341,0.2969999999999999,-910.822,-893.8379999999999,-16.984000000000037,0.3639999999999999,0.334
all_to_all_graph1_n32_d0p5,32,0.5,6,1000,-888.34,-875.3579999999998,-12.982000000000085,0.134,0.127,-917.3080000000001,-901.144,-16.163999999999987,0.434,0.402
all_to_all_graph1_n32_d0p5,32,0.5,7,1000,-885.664,-873.65,-12.01400000000001,0.1769999999999999,0.2429999999999999,-904.7,-891.942,-12.758000000000038,0.3529999999999999,0.3679999999999999
all_to_all_graph1_n32_d0p5,32,0.5,8,1000,-896.9679999999998,-884.0399999999998,-12.927999999999995,0.232,0.2359999999999999,-912.572,-897.2419999999998,-15.33000000000004,0.371,0.324
all_to_all_graph1_n32_d0p5,32,0.5,9,1000,-904.578,-880.5839999999998,-23.994000000000028,0.4169999999999999,0.317,-916.252,-896.8479999999998,-19.404,0.468,0.384
all_to_all_graph1_n32_d0p5,32,0.5,10,1000,-895.674,-880.62,-15.053999999999974,0.249,0.2049999999999999,-912.458,-893.568,-18.889999999999983,0.3669999999999999,0.256
all_to_all_graph2_n32_d0p5,32,0.5,1,1000,-762.024,-753.556,-8.467999999999961,0.1019999999999999,0.125,-781.778,-774.518,-7.259999999999992,0.398,0.34
all_to_all_graph2_n32_d0p5,32,0.5,2,1000,-768.936,-758.868,-10.067999999999984,0.2039999999999999,0.201,-783.3339999999998,-771.172,-12.16199999999992,0.375,0.322
all_to_all_graph2_n32_d0p5,32,0.5,3,1000,-746.376,-746.9779999999998,0.6019999999999754,0.056,0.0719999999999999,-773.796,-769.042,-4.754000000000019,0.3489999999999999,0.3569999999999999
all_to_all_graph2_n32_d0p5,32,0.5,4,1000,-766.402,-753.5399999999998,-12.86200000000008,0.199,0.156,-783.2039999999998,-768.6319999999998,-14.572000000000005,0.391,0.3039999999999999
all_to_all_graph2_n32_d0p5,32,0.5,5,1000,-761.2079999999999,-757.85,-3.3579999999999472,0.194,0.196,-777.486,-771.852,-5.634000000000015,0.3629999999999999,0.307
all_to_all_graph2_n32_d0p5,32,0.5,6,1000,-756.7899999999998,-750.764,-6.025999999999954,0.182,0.1769999999999999,-780.962,-769.61,-11.351999999999975,0.454,0.371
all_to_all_graph2_n32_d0p5,32,0.5,7,1000,-755.2,-749.8959999999998,-5.304000000000087,0.1759999999999999,0.1749999999999999,-774.432,-766.64,-7.79200000000003,0.329,0.2939999999999999
all_to_all_graph2_n32_d0p5,32,0.5,8,1000,-766.774,-755.4339999999999,-11.340000000000032,0.2399999999999999,0.169,-782.0,-768.744,-13.255999999999972,0.454,0.3589999999999999
all_to_all_graph2_n32_d0p5,32,0.5,9,1000,-750.914,-746.3039999999999,-4.610000000000014,0.224,0.194,-773.576,-766.096,-7.480000000000017,0.401,0.34
all_to_all_graph2_n32_d0p5,32,0.5,10,1000,-762.8959999999998,-757.45,-5.445999999999913,0.2429999999999999,0.2399999999999999,-777.224,-770.302,-6.9220000000000255,0.372,0.341
all_to_all_graph3_n32_d0p5,32,0.5,1,1000,-762.1559999999998,-749.986,-12.16999999999996,0.2129999999999999,0.215,-771.272,-759.864,-11.408000000000015,0.214,0.216
all_to_all_graph3_n32_d0p5,32,0.5,2,1000,-766.5299999999999,-751.086,-15.44399999999996,0.245,0.233,-778.924,-764.706,-14.21799999999996,0.251,0.2439999999999999
all_to_all_graph3_n32_d0p5,32,0.5,3,1000,-758.754,-749.342,-9.412000000000033,0.1189999999999999,0.095,-765.706,-757.7519999999998,-7.954000000000064,0.1189999999999999,0.096
all_to_all_graph3_n32_d0p5,32,0.5,4,1000,-746.0299999999999,-738.0159999999998,-8.01400000000001,0.1439999999999999,0.138,-758.964,-750.082,-8.88200000000006,0.152,0.1429999999999999
all_to_all_graph3_n32_d0p5,32,0.5,5,1000,-754.932,-742.8139999999999,-12.118000000000052,0.0899999999999999,0.0599999999999999,-766.2039999999998,-757.662,-8.541999999999916,0.2099999999999999,0.186
all_to_all_graph3_n32_d0p5,32,0.5,6,1000,-756.994,-741.2659999999998,-15.728000000000064,0.183,0.122,-768.018,-756.494,-11.524,0.234,0.196
all_to_all_graph3_n32_d0p5,32,0.5,7,1000,-750.292,-740.342,-9.950000000000045,0.1439999999999999,0.131,-766.186,-755.596,-10.590000000000032,0.1449999999999999,0.134
all_to_all_graph3_n32_d0p5,32,0.5,8,1000,-751.0259999999998,-742.25,-8.775999999999954,0.161,0.165,-760.59,-751.85,-8.740000000000009,0.161,0.165
all_to_all_graph3_n32_d0p5,32,0.5,9,1000,-751.6459999999998,-739.166,-12.479999999999905,0.164,0.136,-762.0159999999998,-752.168,-9.847999999999955,0.165,0.137
all_to_all_graph3_n32_d0p5,32,0.5,10,1000,-758.47,-741.6799999999998,-16.790000000000077,0.214,0.154,-775.342,-757.14,-18.202,0.215,0.155
all_to_all_graph4_n32_d0p5,32,0.5,1,1000,-788.544,-764.994,-23.549999999999955,0.1739999999999999,0.1179999999999999,-796.1359999999999,-775.1079999999998,-21.02800000000002,0.1789999999999999,0.122
all_to_all_graph4_n32_d0p5,32,0.5,2,1000,-791.71,-775.97,-15.740000000000007,0.1729999999999999,0.192,-800.14,-785.22,-14.91999999999996,0.1759999999999999,0.193
all_to_all_graph4_n32_d0p5,32,0.5,3,1000,-789.542,-770.576,-18.966000000000008,0.1439999999999999,0.121,-796.354,-779.052,-17.30200000000002,0.1729999999999999,0.135
all_to_all_graph4_n32_d0p5,32,0.5,4,1000,-784.6319999999998,-766.768,-17.86399999999992,0.0709999999999999,0.0519999999999999,-798.83,-783.1359999999999,-15.694000000000074,0.114,0.115
all_to_all_graph4_n32_d0p5,32,0.5,5,1000,-778.966,-764.2899999999998,-14.676000000000045,0.0929999999999999,0.096,-796.9339999999999,-779.75,-17.18399999999997,0.151,0.162
all_to_all_graph4_n32_d0p5,32,0.5,6,1000,-785.024,-769.996,-15.02800000000002,0.085,0.0889999999999999,-797.33,-783.226,-14.104000000000042,0.166,0.1439999999999999
all_to_all_graph4_n32_d0p5,32,0.5,7,1000,-792.0159999999998,-771.0739999999998,-20.942000000000007,0.1429999999999999,0.163,-800.7519999999998,-782.914,-17.837999999999965,0.1439999999999999,0.17
all_to_all_graph4_n32_d0p5,32,0.5,8,1000,-784.158,-770.654,-13.50400000000002,0.1029999999999999,0.095,-798.094,-782.168,-15.926000000000045,0.2099999999999999,0.184
all_to_all_graph4_n32_d0p5,32,0.5,9,1000,-787.202,-773.066,-14.135999999999967,0.1439999999999999,0.159,-798.014,-784.4819999999999,-13.53200000000004,0.1469999999999999,0.162
all_to_all_graph4_n32_d0p5,32,0.5,10,1000,-785.272,-772.4819999999999,-12.790000000000076,0.163,0.2059999999999999,-798.2659999999998,-785.4199999999998,-12.846000000000004,0.164,0.2079999999999999
all_to_all_graph5_n32_d0p5,32,0.5,1,1000,-753.414,-739.7319999999999,-13.682000000000016,0.216,0.2069999999999999,-764.962,-752.65,-12.312000000000012,0.307,0.246
all_to_all_graph5_n32_d0p5,32,0.5,2,1000,-747.6,-737.854,-9.745999999999983,0.1769999999999999,0.128,-761.5839999999998,-751.8099999999998,-9.774000000000001,0.2989999999999999,0.247
all_to_all_graph5_n32_d0p5,32,0.5,3,1000,-740.032,-738.4539999999998,-1.5780000000000882,0.2079999999999999,0.2349999999999999,-753.09,-748.8099999999998,-4.280000000000086,0.2429999999999999,0.252
all_to_all_graph5_n32_d0p5,32,0.5,4,1000,-744.976,-739.676,-5.2999999999999545,0.216,0.2049999999999999,-757.774,-752.182,-5.5919999999999845,0.2949999999999999,0.256
all_to_all_graph5_n32_d0p5,32,0.5,5,1000,-744.3279999999999,-737.1119999999999,-7.216000000000008,0.1789999999999999,0.1799999999999999,-759.7759999999998,-751.5299999999999,-8.245999999999983,0.2959999999999999,0.248
all_to_all_graph5_n32_d0p5,32,0.5,6,1000,-745.26,-735.524,-9.73599999999999,0.223,0.17,-757.88,-748.662,-9.217999999999961,0.2889999999999999,0.23
all_to_all_graph5_n32_d0p5,32,0.5,7,1000,-740.676,-735.114,-5.562000000000012,0.189,0.193,-755.3139999999999,-750.442,-4.871999999999956,0.272,0.258
all_to_all_graph5_n32_d0p5,32,0.5,8,1000,-735.0739999999998,-726.0019999999998,-9.072000000000001,0.1489999999999999,0.127,-751.446,-742.6,-8.846000000000004,0.248,0.186
all_to_all_graph5_n32_d0p5,32,0.5,9,1000,-738.73,-729.326,-9.403999999999996,0.162,0.134,-751.0359999999998,-743.14,-7.895999999999958,0.2359999999999999,0.2109999999999999
all_to_all_graph5_n32_d0p5,32,0.5,10,1000,-742.86,-738.6939999999998,-4.166000000000054,0.158,0.171,-755.472,-749.98,-5.491999999999962,0.23,0.232
all_to_all_graph6_n32_d0p5,32,0.5,1,1000,-680.876,-673.508,-7.367999999999937,0.0129999999999999,0.012,-695.048,-687.972,-7.076000000000022,0.0459999999999999,0.031
all_to_all_graph6_n32_d0p5,32,0.5,2,1000,-676.412,-673.698,-2.7140000000000555,0.004,0.006,-695.372,-687.054,-8.317999999999982,0.035,0.035
all_to_all_graph6_n32_d0p5,32,0.5,3,1000,-681.004,-672.968,-8.036000000000058,0.023,0.0129999999999999,-697.074,-687.512,-9.562000000000014,0.024,0.0219999999999999
all_to_all_graph6_n32_d0p5,32,0.5,4,1000,-686.438,-678.586,-7.8519999999999746,0.0369999999999999,0.031,-698.204,-690.66,-7.543999999999983,0.0459999999999999,0.0359999999999999
all_to_all_graph6_n32_d0p5,32,0.5,5,1000,-684.848,-678.796,-6.051999999999907,0.006,0.0179999999999999,-697.548,-689.632,-7.916000000000053,0.05,0.049
all_to_all_graph6_n32_d0p5,32,0.5,6,1000,-686.524,-681.43,-5.09400000000005,0.004,0.016,-699.202,-693.93,-5.272000000000048,0.039,0.04
all_to_all_graph6_n32_d0p5,32,0.5,7,1000,-678.614,-670.216,-8.398000000000025,0.003,0.014,-693.27,-684.192,-9.077999999999975,0.031,0.0509999999999999
all_to_all_graph6_n32_d0p5,32,0.5,8,1000,-688.23,-676.392,-11.837999999999964,0.017,0.0109999999999999,-699.802,-688.206,-11.596000000000004,0.066,0.055
all_to_all_graph6_n32_d0p5,32,0.5,9,1000,-690.292,-681.572,-8.720000000000027,0.039,0.042,-698.096,-690.276,-7.82000000000005,0.039,0.0439999999999999
all_to_all_graph6_n32_d0p5,32,0.5,10,1000,-682.04,-674.9,-7.1399999999999855,0.004,0.006,-698.096,-688.67,-9.426000000000045,0.039,0.0359999999999999
all_to_all_graph7_n32_d0p5,32,0.5,1,1000,-723.758,-717.73,-6.02800000000002,0.106,0.0869999999999999,-742.3099999999998,-735.23,-7.079999999999927,0.23,0.201
all_to_all_graph7_n32_d0p5,32,0.5,2,1000,-738.366,-725.6559999999998,-12.710000000000036,0.199,0.1179999999999999,-751.1319999999998,-736.126,-15.005999999999972,0.274,0.167
all_to_all_graph7_n32_d0p5,32,0.5,3,1000,-730.376,-717.738,-12.63799999999992,0.185,0.134,-747.214,-735.9679999999998,-11.246000000000096,0.259,0.193
all_to_all_graph7_n32_d0p5,32,0.5,4,1000,-734.652,-723.4679999999998,-11.184000000000085,0.169,0.111,-746.952,-736.134,-10.817999999999984,0.2379999999999999,0.1789999999999999
all_to_all_graph7_n32_d0p5,32,0.5,5,1000,-734.9679999999998,-723.642,-11.325999999999908,0.151,0.129,-747.066,-735.854,-11.211999999999987,0.221,0.189
all_to_all_graph7_n32_d0p5,32,0.5,6,1000,-737.748,-717.36,-20.388000000000037,0.1719999999999999,0.115,-749.582,-734.214,-15.367999999999938,0.264,0.2069999999999999
all_to_all_graph7_n32_d0p5,32,0.5,7,1000,-737.544,-724.508,-13.035999999999945,0.201,0.1459999999999999,-751.48,-737.57,-13.909999999999968,0.254,0.195
all_to_all_graph7_n32_d0p5,32,0.5,8,1000,-731.916,-727.456,-4.460000000000036,0.194,0.187,-746.018,-739.9299999999998,-6.088000000000079,0.245,0.218
all_to_all_graph7_n32_d0p5,32,0.5,9,1000,-726.572,-716.942,-9.629999999999997,0.108,0.099,-740.35,-729.442,-10.908000000000015,0.199,0.1409999999999999
all_to_all_graph7_n32_d0p5,32,0.5,10,1000,-741.676,-727.658,-14.018000000000027,0.2109999999999999,0.1419999999999999,-757.408,-745.616,-11.79200000000003,0.2899999999999999,0.2429999999999999
all_to_all_graph8_n32_d0p5,32,0.5,1,1000,-709.0,-701.274,-7.725999999999998,0.2089999999999999,0.166,-720.038,-713.912,-6.125999999999976,0.272,0.254
all_to_all_graph8_n32_d0p5,32,0.5,2,1000,-706.304,-695.254,-11.049999999999956,0.1799999999999999,0.156,-717.002,-707.864,-9.13799999999992,0.2879999999999999,0.232
all_to_all_graph8_n32_d0p5,32,0.5,3,1000,-704.894,-693.056,-11.837999999999964,0.195,0.1489999999999999,-721.916,-710.436,-11.480000000000018,0.281,0.221
all_to_all_graph8_n32_d0p5,32,0.5,4,1000,-710.552,-697.688,-12.864000000000033,0.191,0.1419999999999999,-722.042,-712.81,-9.232000000000083,0.2879999999999999,0.2349999999999999
all_to_all_graph8_n32_d0p5,32,0.5,5,1000,-702.464,-692.546,-9.918000000000006,0.123,0.095,-720.472,-712.112,-8.360000000000014,0.2999999999999999,0.267
all_to_all_graph8_n32_d0p5,32,0.5,6,1000,-708.4,-695.49,-12.909999999999968,0.155,0.107,-719.594,-707.91,-11.684000000000085,0.2909999999999999,0.221
all_to_all_graph8_n32_d0p5,32,0.5,7,1000,-702.358,-693.216,-9.141999999999939,0.1809999999999999,0.171,-716.332,-711.838,-4.494000000000028,0.2409999999999999,0.249
all_to_all_graph8_n32_d0p5,32,0.5,8,1000,-700.11,-695.476,-4.634000000000015,0.1769999999999999,0.129,-713.41,-709.83,-3.5799999999999272,0.225,0.182
all_to_all_graph8_n32_d0p5,32,0.5,9,1000,-709.636,-708.144,-1.4919999999999618,0.199,0.138,-721.956,-718.48,-3.475999999999999,0.33,0.2899999999999999
all_to_all_graph8_n32_d0p5,32,0.5,10,1000,-703.88,-697.246,-6.634000000000015,0.0909999999999999,0.0919999999999999,-715.766,-712.962,-2.8039999999999736,0.2839999999999999,0.262
all_to_all_graph9_n32_d0p5,32,0.5,1,1000,-738.586,-734.086,-4.5,0.066,0.0879999999999999,-752.1839999999999,-746.344,-5.839999999999918,0.199,0.227
all_to_all_graph9_n32_d0p5,32,0.5,2,1000,-743.782,-731.546,-12.23599999999999,0.166,0.132,-756.662,-744.0299999999999,-12.632000000000062,0.259,0.2119999999999999
all_to_all_graph9_n32_d0p5,32,0.5,3,1000,-736.99,-728.9539999999998,-8.036000000000058,0.116,0.112,-754.268,-743.8339999999998,-10.434000000000085,0.2849999999999999,0.246
all_to_all_graph9_n32_d0p5,32,0.5,4,1000,-746.59,-734.336,-12.25400000000002,0.1,0.123,-758.792,-748.254,-10.538000000000013,0.216,0.2379999999999999
all_to_all_graph9_n32_d0p5,32,0.5,5,1000,-741.75,-734.5399999999998,-7.2100000000000355,0.079,0.079,-752.802,-747.0839999999998,-5.718000000000075,0.197,0.2039999999999999
all_to_all_graph9_n32_d0p5,32,0.5,6,1000,-746.1359999999999,-733.498,-12.63799999999992,0.0709999999999999,0.0879999999999999,-757.894,-744.582,-13.312000000000012,0.262,0.246
all_to_all_graph9_n32_d0p5,32,0.5,7,1000,-745.322,-732.782,-12.539999999999964,0.125,0.0919999999999999,-756.416,-745.2039999999998,-11.212000000000105,0.214,0.193
all_to_all_graph9_n32_d0p5,32,0.5,8,1000,-738.268,-726.4539999999998,-11.814000000000078,0.0439999999999999,0.063,-748.52,-738.9,-9.620000000000003,0.189,0.183
all_to_all_graph9_n32_d0p5,32,0.5,9,1000,-739.692,-733.5059999999999,-6.186000000000036,0.062,0.081,-751.788,-745.798,-5.990000000000009,0.19,0.197
all_to_all_graph9_n32_d0p5,32,0.5,10,1000,-736.33,-731.9099999999999,-4.420000000000073,0.047,0.07,-749.712,-746.01,-3.701999999999998,0.22,0.2399999999999999
all_to_all_graph10_n32_d0p5,32,0.5,1,1000,-712.882,-704.982,-7.899999999999977,0.035,0.055,-725.3619999999999,-718.204,-7.158000000000016,0.117,0.138
all_to_all_graph10_n32_d0p5,32,0.5,2,1000,-721.77,-709.238,-12.531999999999924,0.096,0.097,-729.504,-719.07,-10.433999999999967,0.156,0.1489999999999999
all_to_all_graph10_n32_d0p5,32,0.5,3,1000,-719.57,-705.506,-14.064000000000078,0.19,0.1189999999999999,-729.83,-718.11,-11.720000000000027,0.272,0.1739999999999999
all_to_all_graph10_n32_d0p5,32,0.5,4,1000,-716.498,-705.166,-11.331999999999994,0.168,0.159,-731.2419999999998,-721.174,-10.067999999999984,0.263,0.225
all_to_all_graph10_n32_d0p5,32,0.5,5,1000,-719.452,-710.3,-9.152000000000045,0.166,0.1469999999999999,-732.594,-721.9439999999998,-10.650000000000093,0.247,0.171
all_to_all_graph10_n32_d0p5,32,0.5,6,1000,-715.014,-702.898,-12.115999999999984,0.0459999999999999,0.0369999999999999,-725.796,-715.91,-9.886000000000081,0.12,0.095
all_to_all_graph10_n32_d0p5,32,0.5,7,1000,-724.344,-705.396,-18.948000000000093,0.2089999999999999,0.132,-734.0019999999998,-717.564,-16.437999999999988,0.245,0.153
all_to_all_graph10_n32_d0p5,32,0.5,8,1000,-713.35,-704.65,-8.700000000000045,0.0359999999999999,0.0509999999999999,-731.0399999999998,-721.686,-9.353999999999928,0.218,0.1489999999999999
all_to_all_graph10_n32_d0p5,32,0.5,9,1000,-715.002,-704.68,-10.322000000000005,0.084,0.0919999999999999,-727.676,-716.948,-10.728000000000064,0.2069999999999999,0.1479999999999999
all_to_all_graph10_n32_d0p5,32,0.5,10,1000,-711.956,-700.096,-11.860000000000014,0.1409999999999999,0.08,-724.812,-712.894,-11.918000000000006,0.2039999999999999,0.115
all_to_all_graph11_n32_d0p5,32,0.5,1,1000,-702.822,-695.3,-7.522000000000048,0.0749999999999999,0.07,-713.016,-705.65,-7.3659999999999854,0.082,0.079
all_to_all_graph11_n32_d0p5,32,0.5,2,1000,-702.098,-691.288,-10.809999999999944,0.067,0.058,-713.888,-704.574,-9.314000000000078,0.0859999999999999,0.0749999999999999
all_to_all_graph11_n32_d0p5,32,0.5,3,1000,-703.52,-691.838,-11.682000000000016,0.033,0.029,-712.71,-702.402,-10.307999999999993,0.062,0.0509999999999999
all_to_all_graph11_n32_d0p5,32,0.5,4,1000,-698.21,-688.46,-9.75,0.039,0.0509999999999999,-713.984,-702.118,-11.865999999999984,0.07,0.0719999999999999
all_to_all_graph11_n32_d0p5,32,0.5,5,1000,-703.546,-694.932,-8.614000000000033,0.048,0.055,-712.798,-705.85,-6.947999999999979,0.0609999999999999,0.0719999999999999
all_to_all_graph11_n32_d0p5,32,0.5,6,1000,-697.372,-689.162,-8.209999999999921,0.0369999999999999,0.0439999999999999,-709.132,-698.366,-10.765999999999964,0.0429999999999999,0.05
all_to_all_graph11_n32_d0p5,32,0.5,7,1000,-709.408,-698.124,-11.283999999999992,0.048,0.062,-721.2279999999998,-708.146,-13.081999999999994,0.066,0.07
all_to_all_graph11_n32_d0p5,32,0.5,8,1000,-704.282,-693.836,-10.446000000000026,0.031,0.031,-714.41,-704.322,-10.087999999999964,0.0709999999999999,0.0739999999999999
all_to_all_graph11_n32_d0p5,32,0.5,9,1000,-704.456,-694.16,-10.296000000000047,0.039,0.047,-713.536,-703.924,-9.611999999999966,0.056,0.07
all_to_all_graph11_n32_d0p5,32,0.5,10,1000,-703.832,-693.204,-10.628000000000045,0.029,0.028,-715.542,-705.686,-9.855999999999993,0.0749999999999999,0.069
all_to_all_graph12_n32_d0p5,32,0.5,1,1000,-716.506,-704.552,-11.953999999999953,0.165,0.11,-731.674,-721.418,-10.255999999999972,0.1799999999999999,0.13
all_to_all_graph12_n32_d0p5,32,0.5,2,1000,-719.678,-712.796,-6.881999999999948,0.166,0.125,-729.8099999999998,-723.374,-6.435999999999922,0.1789999999999999,0.138
all_to_all_graph12_n32_d0p5,32,0.5,3,1000,-725.226,-716.478,-8.748000000000046,0.2,0.1799999999999999,-734.0019999999998,-725.044,-8.95799999999997,0.257,0.197
all_to_all_graph12_n32_d0p5,32,0.5,4,1000,-711.986,-700.654,-11.331999999999994,0.107,0.079,-722.5019999999998,-711.864,-10.63799999999992,0.128,0.1
all_to_all_graph12_n32_d0p5,32,0.5,5,1000,-720.334,-709.108,-11.226,0.153,0.109,-730.856,-722.162,-8.69399999999996,0.1769999999999999,0.1459999999999999
all_to_all_graph12_n32_d0p5,32,0.5,6,1000,-709.646,-703.34,-6.305999999999926,0.1179999999999999,0.097,-727.118,-719.904,-7.214000000000055,0.17,0.133
all_to_all_graph12_n32_d0p5,32,0.5,7,1000,-714.058,-705.008,-9.049999999999953,0.117,0.083,-728.0879999999999,-721.376,-6.711999999999989,0.1719999999999999,0.116
all_to_all_graph12_n32_d0p5,32,0.5,8,1000,-716.142,-705.794,-10.34800000000007,0.135,0.0869999999999999,-728.284,-719.128,-9.155999999999949,0.184,0.132
all_to_all_graph12_n32_d0p5,32,0.5,9,1000,-719.112,-711.312,-7.799999999999954,0.115,0.1019999999999999,-727.046,-720.24,-6.80600000000004,0.1189999999999999,0.109
all_to_all_graph12_n32_d0p5,32,0.5,10,1000,-713.594,-702.87,-10.724000000000046,0.115,0.0919999999999999,-724.9059999999998,-715.65,-9.255999999999972,0.1449999999999999,0.108
all_to_all_graph13_n32_d0p5,32,0.5,1,1000,-681.468,-675.014,-6.453999999999951,0.079,0.07,-694.122,-687.67,-6.451999999999998,0.094,0.0869999999999999
all_to_all_graph13_n32_d0p5,32,0.5,2,1000,-681.838,-675.162,-6.67599999999993,0.042,0.0529999999999999,-691.002,-686.234,-4.767999999999915,0.079,0.067
all_to_all_graph13_n32_d0p5,32,0.5,3,1000,-676.06,-673.336,-2.7239999999999327,0.0149999999999999,0.0299999999999999,-689.792,-685.248,-4.543999999999984,0.0429999999999999,0.041
all_to_all_graph13_n32_d0p5,32,0.5,4,1000,-678.604,-670.9,-7.704000000000064,0.02,0.0299999999999999,-690.58,-684.164,-6.416000000000054,0.12,0.081
all_to_all_graph13_n32_d0p5,32,0.5,5,1000,-682.248,-668.974,-13.274,0.0769999999999999,0.0589999999999999,-692.514,-680.69,-11.823999999999955,0.111,0.085
all_to_all_graph13_n32_d0p5,32,0.5,6,1000,-673.328,-670.8,-2.52800000000002,0.016,0.031,-686.446,-683.174,-3.272000000000048,0.0749999999999999,0.066
all_to_all_graph13_n32_d0p5,32,0.5,7,1000,-680.21,-680.358,0.1479999999999108,0.017,0.024,-693.198,-689.45,-3.7479999999999336,0.081,0.079
all_to_all_graph13_n32_d0p5,32,0.5,8,1000,-680.118,-674.816,-5.302000000000021,0.027,0.0369999999999999,-689.464,-682.628,-6.836000000000013,0.0879999999999999,0.0709999999999999
all_to_all_graph13_n32_d0p5,32,0.5,9,1000,-681.286,-675.626,-5.659999999999968,0.024,0.0379999999999999,-693.77,-687.64,-6.129999999999996,0.113,0.0859999999999999
all_to_all_graph13_n32_d0p5,32,0.5,10,1000,-679.916,-671.462,-8.454000000000065,0.0369999999999999,0.0449999999999999,-692.392,-683.752,-8.6400000000001,0.0929999999999999,0.063
all_to_all_graph14_n32_d0p5,32,0.5,1,1000,-725.45,-715.348,-10.102000000000087,0.001,0.008,-738.46,-730.76,-7.700000000000045,0.121,0.0929999999999999
all_to_all_graph14_n32_d0p5,32,0.5,2,1000,-728.514,-719.02,-9.494000000000028,0.002,0.0109999999999999,-737.716,-730.956,-6.759999999999991,0.021,0.041
all_to_all_graph14_n32_d0p5,32,0.5,3,1000,-728.952,-720.434,-8.518000000000029,0.042,0.042,-738.826,-730.95,-7.875999999999976,0.0519999999999999,0.047
all_to_all_graph14_n32_d0p5,32,0.5,4,1000,-730.794,-715.12,-15.673999999999978,0.062,0.0369999999999999,-741.542,-728.168,-13.374000000000024,0.064,0.0429999999999999
all_to_all_graph14_n32_d0p5,32,0.5,5,1000,-721.714,-710.2,-11.51400000000001,0.006,0.017,-736.932,-725.658,-11.274,0.066,0.057
all_to_all_graph14_n32_d0p5,32,0.5,6,1000,-722.32,-712.764,-9.55600000000004,0.008,0.0179999999999999,-734.07,-725.268,-8.802000000000021,0.049,0.04
all_to_all_graph14_n32_d0p5,32,0.5,7,1000,-723.71,-713.94,-9.76999999999998,0.005,0.02,-741.01,-728.004,-13.005999999999972,0.0919999999999999,0.0539999999999999
all_to_all_graph14_n32_d0p5,32,0.5,8,1000,-727.36,-717.892,-9.467999999999961,0.004,0.0089999999999999,-738.8579999999998,-729.802,-9.055999999999926,0.0759999999999999,0.0359999999999999
all_to_all_graph14_n32_d0p5,32,0.5,9,1000,-729.294,-717.62,-11.673999999999978,0.056,0.0429999999999999,-739.38,-730.97,-8.409999999999968,0.0589999999999999,0.049
all_to_all_graph14_n32_d0p5,32,0.5,10,1000,-727.774,-717.44,-10.333999999999946,0.014,0.017,-741.494,-731.168,-10.326000000000022,0.0539999999999999,0.0529999999999999
all_to_all_graph15_n32_d0p5,32,0.5,1,1000,-719.32,-712.172,-7.148000000000025,0.063,0.0609999999999999,-734.264,-725.556,-8.70799999999997,0.13,0.099
all_to_all_graph15_n32_d0p5,32,0.5,2,1000,-713.78,-704.83,-8.949999999999934,0.042,0.049,-726.426,-720.016,-6.410000000000082,0.0929999999999999,0.115
all_to_all_graph15_n32_d0p5,32,0.5,3,1000,-718.88,-711.926,-6.953999999999951,0.0369999999999999,0.05,-733.02,-725.0839999999998,-7.9360000000000355,0.192,0.134
all_to_all_graph15_n32_d0p5,32,0.5,4,1000,-711.612,-704.28,-7.331999999999994,0.079,0.0459999999999999,-730.594,-722.306,-8.288000000000011,0.196,0.1189999999999999
all_to_all_graph15_n32_d0p5,32,0.5,5,1000,-709.436,-699.984,-9.451999999999998,0.024,0.01,-729.9099999999999,-720.768,-9.141999999999939,0.163,0.135
all_to_all_graph15_n32_d0p5,32,0.5,6,1000,-717.79,-710.456,-7.3339999999999455,0.023,0.041,-731.8279999999999,-722.532,-9.295999999999935,0.1179999999999999,0.097
all_to_all_graph15_n32_d0p5,32,0.5,7,1000,-707.782,-700.13,-7.652000000000043,0.055,0.049,-726.878,-720.8039999999999,-6.074000000000069,0.133,0.113
all_to_all_graph15_n32_d0p5,32,0.5,8,1000,-708.958,-704.646,-4.312000000000012,0.0589999999999999,0.063,-727.5119999999998,-720.378,-7.133999999999901,0.1419999999999999,0.126
all_to_all_graph15_n32_d0p5,32,0.5,9,1000,-714.65,-703.184,-11.466000000000008,0.034,0.039,-729.196,-718.826,-10.370000000000005,0.163,0.134
all_to_all_graph15_n32_d0p5,32,0.5,10,1000,-717.024,-705.458,-11.566000000000033,0.0919999999999999,0.084,-731.618,-721.59,-10.02800000000002,0.186,0.124
all_to_all_graph16_n32_d0p5,32,0.5,1,1000,-696.848,-687.884,-8.963999999999942,0.111,0.1459999999999999,-711.67,-700.438,-11.231999999999973,0.2859999999999999,0.249
all_to_all_graph16_n32_d0p5,32,0.5,2,1000,-698.188,-688.214,-9.973999999999933,0.269,0.228,-709.524,-699.382,-10.142000000000053,0.32,0.2829999999999999
all_to_all_graph16_n32_d0p5,32,0.5,3,1000,-697.76,-687.276,-10.484000000000036,0.216,0.189,-710.576,-697.586,-12.990000000000007,0.388,0.272
all_to_all_graph16_n32_d0p5,32,0.5,4,1000,-701.716,-689.19,-12.525999999999954,0.248,0.201,-712.518,-700.568,-11.950000000000044,0.3489999999999999,0.273
all_to_all_graph16_n32_d0p5,32,0.5,5,1000,-699.112,-685.224,-13.88799999999992,0.252,0.2099999999999999,-710.026,-697.818,-12.20799999999997,0.386,0.3019999999999999
all_to_all_graph16_n32_d0p5,32,0.5,6,1000,-703.258,-691.614,-11.644000000000004,0.23,0.1799999999999999,-713.158,-704.69,-8.467999999999961,0.314,0.2989999999999999
all_to_all_graph16_n32_d0p5,32,0.5,7,1000,-705.76,-689.072,-16.687999999999988,0.0609999999999999,0.107,-714.732,-700.146,-14.586000000000013,0.332,0.259
all_to_all_graph16_n32_d0p5,32,0.5,8,1000,-703.59,-689.926,-13.663999999999987,0.2069999999999999,0.1739999999999999,-713.476,-700.652,-12.823999999999955,0.3539999999999999,0.27
all_to_all_graph16_n32_d0p5,32,0.5,9,1000,-704.03,-690.876,-13.153999999999996,0.161,0.1769999999999999,-712.772,-701.388,-11.384000000000016,0.308,0.2989999999999999
all_to_all_graph16_n32_d0p5,32,0.5,10,1000,-691.266,-686.214,-5.051999999999907,0.1,0.153,-706.17,-700.846,-5.323999999999955,0.2,0.248
all_to_all_graph17_n32_d0p5,32,0.5,1,1000,-718.21,-705.876,-12.33400000000006,0.1799999999999999,0.153,-731.412,-716.89,-14.522000000000048,0.229,0.184
all_to_all_graph17_n32_d0p5,32,0.5,2,1000,-705.382,-695.226,-10.155999999999947,0.127,0.122,-722.57,-713.902,-8.668000000000006,0.1729999999999999,0.161
all_to_all_graph17_n32_d0p5,32,0.5,3,1000,-708.494,-698.498,-9.995999999999983,0.214,0.1729999999999999,-727.986,-717.632,-10.354000000000042,0.259,0.215
all_to_all_graph17_n32_d0p5,32,0.5,4,1000,-706.142,-695.452,-10.690000000000056,0.128,0.122,-726.774,-714.728,-12.046000000000047,0.214,0.193
all_to_all_graph17_n32_d0p5,32,0.5,5,1000,-709.544,-692.788,-16.755999999999972,0.162,0.109,-725.956,-712.01,-13.946000000000026,0.2119999999999999,0.17
all_to_all_graph17_n32_d0p5,32,0.5,6,1000,-708.958,-695.644,-13.313999999999965,0.065,0.056,-729.528,-716.992,-12.536000000000058,0.262,0.2059999999999999
all_to_all_graph17_n32_d0p5,32,0.5,7,1000,-709.68,-700.064,-9.615999999999984,0.168,0.169,-728.308,-718.424,-9.884000000000015,0.257,0.2369999999999999
all_to_all_graph17_n32_d0p5,32,0.5,8,1000,-713.422,-699.096,-14.326000000000022,0.1799999999999999,0.13,-733.832,-721.282,-12.549999999999956,0.26,0.197
all_to_all_graph17_n32_d0p5,32,0.5,9,1000,-706.278,-697.93,-8.34800000000007,0.158,0.164,-725.9439999999998,-716.862,-9.081999999999992,0.228,0.201
all_to_all_graph17_n32_d0p5,32,0.5,10,1000,-715.094,-702.214,-12.879999999999995,0.2039999999999999,0.1449999999999999,-729.264,-718.456,-10.807999999999993,0.2379999999999999,0.191
all_to_all_graph18_n32_d0p5,32,0.5,1,1000,-782.394,-759.296,-23.09799999999996,0.4,0.2829999999999999,-809.538,-790.994,-18.543999999999983,0.5809999999999998,0.504
all_to_all_graph18_n32_d0p5,32,0.5,2,1000,-783.312,-764.73,-18.581999999999997,0.436,0.372,-816.666,-792.856,-23.810000000000056,0.637,0.519
all_to_all_graph18_n32_d0p5,32,0.5,3,1000,-780.9059999999998,-748.894,-32.011999999999944,0.455,0.333,-811.0359999999998,-776.08,-34.955999999999904,0.5949999999999999,0.45
all_to_all_graph18_n32_d0p5,32,0.5,4,1000,-779.402,-752.352,-27.050000000000068,0.389,0.271,-808.674,-777.806,-30.867999999999935,0.5939999999999999,0.451
all_to_all_graph18_n32_d0p5,32,0.5,5,1000,-787.024,-764.08,-22.94399999999996,0.4799999999999999,0.378,-815.3379999999999,-788.65,-26.687999999999988,0.6079999999999999,0.4739999999999999
all_to_all_graph18_n32_d0p5,32,0.5,6,1000,-785.4919999999998,-757.666,-27.825999999999908,0.4299999999999999,0.336,-811.4299999999998,-785.736,-25.69399999999996,0.5839999999999999,0.4689999999999999
all_to_all_graph18_n32_d0p5,32,0.5,7,1000,-800.51,-768.71,-31.799999999999955,0.4819999999999999,0.38,-821.086,-793.046,-28.039999999999964,0.629,0.531
all_to_all_graph18_n32_d0p5,32,0.5,8,1000,-776.4099999999999,-749.3479999999998,-27.06200000000001,0.4099999999999999,0.255,-803.3719999999998,-773.852,-29.519999999999985,0.5749999999999998,0.434
all_to_all_graph18_n32_d0p5,32,0.5,9,1000,-794.1599999999999,-756.844,-37.31599999999992,0.559,0.395,-815.82,-776.874,-38.946000000000026,0.639,0.46
all_to_all_graph18_n32_d0p5,32,0.5,10,1000,-791.558,-760.928,-30.629999999999995,0.377,0.252,-813.164,-783.7039999999998,-29.46000000000004,0.633,0.4899999999999999
all_to_all_graph19_n32_d0p5,32,0.5,1,1000,-819.576,-802.272,-17.303999999999974,0.188,0.2069999999999999,-833.8579999999998,-816.544,-17.313999999999965,0.194,0.216
all_to_all_graph19_n32_d0p5,32,0.5,2,1000,-822.448,-798.422,-24.025999999999957,0.3009999999999999,0.258,-836.5879999999999,-819.69,-16.89799999999991,0.32,0.279
all_to_all_graph19_n32_d0p5,32,0.5,3,1000,-818.356,-794.5599999999998,-23.79600000000005,0.275,0.192,-827.63,-812.6799999999998,-14.950000000000044,0.2849999999999999,0.223
all_to_all_graph19_n32_d0p5,32,0.5,4,1000,-825.892,-806.278,-19.614000000000036,0.378,0.279,-836.854,-817.5059999999999,-19.34800000000007,0.386,0.2849999999999999
all_to_all_graph19_n32_d0p5,32,0.5,5,1000,-824.144,-813.296,-10.847999999999956,0.2999999999999999,0.271,-836.7859999999998,-822.576,-14.209999999999924,0.2999999999999999,0.271
all_to_all_graph19_n32_d0p5,32,0.5,6,1000,-823.268,-807.01,-16.258000000000038,0.3459999999999999,0.315,-835.39,-822.282,-13.107999999999947,0.3489999999999999,0.321
all_to_all_graph19_n32_d0p5,32,0.5,7,1000,-814.84,-798.8579999999998,-15.982000000000085,0.224,0.19,-830.044,-814.894,-15.149999999999975,0.231,0.2059999999999999
all_to_all_graph19_n32_d0p5,32,0.5,8,1000,-815.832,-796.216,-19.615999999999985,0.2859999999999999,0.218,-829.64,-811.774,-17.865999999999985,0.3019999999999999,0.2349999999999999
all_to_all_graph19_n32_d0p5,32,0.5,9,1000,-817.73,-808.474,-9.255999999999972,0.321,0.226,-832.202,-826.798,-5.403999999999996,0.335,0.253
all_to_all_graph19_n32_d0p5,32,0.5,10,1000,-820.892,-798.772,-22.120000000000005,0.27,0.199,-831.798,-818.2799999999999,-13.518000000000027,0.2859999999999999,0.223
all_to_all_graph0_n32_d0p7,32,0.7,1,1000,-982.526,-956.648,-25.87799999999993,0.446,0.265,-999.502,-972.878,-26.62399999999991,0.528,0.371
all_to_all_graph0_n32_d0p7,32,0.7,2,1000,-975.32,-964.402,-10.918000000000006,0.385,0.3599999999999999,-993.234,-978.016,-15.218000000000076,0.4699999999999999,0.4259999999999999
all_to_all_graph0_n32_d0p7,32,0.7,3,1000,-971.468,-949.408,-22.059999999999945,0.455,0.3469999999999999,-980.762,-961.37,-19.391999999999936,0.465,0.3519999999999999
all_to_all_graph0_n32_d0p7,32,0.7,4,1000,-984.166,-958.816,-25.350000000000023,0.4789999999999999,0.342,-989.02,-968.4380000000002,-20.581999999999997,0.4849999999999999,0.375
all_to_all_graph0_n32_d0p7,32,0.7,5,1000,-981.038,-952.424,-28.614000000000036,0.3519999999999999,0.258,-992.622,-968.298,-24.323999999999955,0.462,0.396
all_to_all_graph0_n32_d0p7,32,0.7,6,1000,-988.95,-953.626,-35.32400000000007,0.46,0.3019999999999999,-997.04,-964.838,-32.202,0.4909999999999999,0.319
all_to_all_graph0_n32_d0p7,32,0.7,7,1000,-976.37,-952.336,-24.033999999999992,0.4189999999999999,0.32,-984.946,-964.056,-20.889999999999983,0.453,0.3469999999999999
all_to_all_graph0_n32_d0p7,32,0.7,8,1000,-974.526,-961.344,-13.181999999999904,0.4719999999999999,0.441,-983.65,-972.726,-10.923999999999978,0.4919999999999999,0.451
all_to_all_graph0_n32_d0p7,32,0.7,9,1000,-966.764,-945.008,-21.75599999999997,0.343,0.2849999999999999,-983.158,-963.552,-19.605999999999995,0.448,0.372
all_to_all_graph0_n32_d0p7,32,0.7,10,1000,-995.43,-962.814,-32.615999999999985,0.4239999999999999,0.3669999999999999,-1009.482,-973.5100000000001,-35.97199999999998,0.6029999999999999,0.432
all_to_all_graph1_n32_d0p7,32,0.7,1,1000,-803.258,-792.976,-10.28200000000004,0.26,0.188,-823.5739999999998,-810.19,-13.3839999999999,0.4269999999999999,0.311
all_to_all_graph1_n32_d0p7,32,0.7,2,1000,-801.528,-800.346,-1.1820000000000164,0.278,0.259,-817.35,-812.75,-4.600000000000024,0.3479999999999999,0.325
all_to_all_graph1_n32_d0p7,32,0.7,3,1000,-795.292,-795.9439999999998,0.6519999999999299,0.2109999999999999,0.195,-820.45,-810.7859999999998,-9.6640000000001,0.3449999999999999,0.2909999999999999
all_to_all_graph1_n32_d0p7,32,0.7,4,1000,-804.616,-798.462,-6.153999999999996,0.233,0.185,-820.0979999999998,-813.942,-6.155999999999949,0.392,0.3509999999999999
all_to_all_graph1_n32_d0p7,32,0.7,5,1000,-796.4539999999998,-789.12,-7.3339999999999455,0.169,0.1459999999999999,-816.392,-805.748,-10.644000000000004,0.3599999999999999,0.2829999999999999
all_to_all_graph1_n32_d0p7,32,0.7,6,1000,-797.6599999999999,-787.5879999999999,-10.072000000000005,0.203,0.1429999999999999,-817.868,-804.97,-12.898000000000025,0.3589999999999999,0.2969999999999999
all_to_all_graph1_n32_d0p7,32,0.7,7,1000,-799.6599999999999,-792.202,-7.45799999999997,0.2109999999999999,0.194,-817.126,-806.7079999999999,-10.418000000000006,0.3629999999999999,0.308
all_to_all_graph1_n32_d0p7,32,0.7,8,1000,-800.3279999999999,-791.62,-8.70799999999997,0.198,0.16,-811.538,-802.028,-9.509999999999993,0.316,0.253
all_to_all_graph1_n32_d0p7,32,0.7,9,1000,-785.446,-781.0159999999998,-4.430000000000064,0.166,0.16,-812.8339999999998,-801.298,-11.535999999999945,0.3549999999999999,0.2899999999999999
all_to_all_graph1_n32_d0p7,32,0.7,10,1000,-798.774,-795.4439999999998,-3.330000000000041,0.271,0.2399999999999999,-818.6559999999998,-810.9,-7.755999999999971,0.3689999999999999,0.321
all_to_all_graph2_n32_d0p7,32,0.7,1,1000,-932.798,-917.384,-15.413999999999987,0.156,0.216,-956.918,-933.934,-22.98400000000004,0.559,0.4159999999999999
all_to_all_graph2_n32_d0p7,32,0.7,2,1000,-918.524,-909.17,-9.354000000000042,0.17,0.266,-943.064,-926.828,-16.23599999999999,0.4719999999999999,0.389
all_to_all_graph2_n32_d0p7,32,0.7,3,1000,-920.262,-908.24,-12.021999999999936,0.265,0.217,-940.252,-926.602,-13.649999999999975,0.447,0.3519999999999999
all_to_all_graph2_n32_d0p7,32,0.7,4,1000,-921.064,-903.52,-17.543999999999983,0.158,0.169,-945.138,-922.594,-22.543999999999983,0.4879999999999999,0.3449999999999999
all_to_all_graph2_n32_d0p7,32,0.7,5,1000,-921.342,-898.264,-23.07799999999997,0.139,0.138,-957.854,-925.754,-32.10000000000002,0.519,0.3499999999999999
all_to_all_graph2_n32_d0p7,32,0.7,6,1000,-931.752,-911.894,-19.857999999999947,0.272,0.3059999999999999,-951.094,-930.454,-20.6400000000001,0.547,0.442
all_to_all_graph2_n32_d0p7,32,0.7,7,1000,-915.2840000000001,-902.926,-12.357999999999947,0.159,0.186,-943.016,-925.58,-17.435999999999922,0.436,0.3629999999999999
all_to_all_graph2_n32_d0p7,32,0.7,8,1000,-935.174,-912.522,-22.65199999999993,0.341,0.272,-949.864,-927.07,-22.793999999999983,0.4789999999999999,0.3659999999999999
all_to_all_graph2_n32_d0p7,32,0.7,9,1000,-924.722,-913.666,-11.055999999999926,0.19,0.2389999999999999,-945.96,-933.692,-12.268000000000027,0.4229999999999999,0.376
all_to_all_graph2_n32_d0p7,32,0.7,10,1000,-936.746,-912.436,-24.309999999999945,0.279,0.214,-962.874,-936.1880000000002,-26.686000000000035,0.565,0.4299999999999999
all_to_all_graph3_n32_d0p7,32,0.7,1,1000,-852.892,-845.6359999999999,-7.256000000000085,0.117,0.131,-866.558,-856.98,-9.577999999999975,0.167,0.1439999999999999
all_to_all_graph3_n32_d0p7,32,0.7,2,1000,-845.664,-840.904,-4.759999999999991,0.1,0.1029999999999999,-863.7759999999998,-854.318,-9.45799999999997,0.189,0.1449999999999999
all_to_all_graph3_n32_d0p7,32,0.7,3,1000,-853.36,-843.1,-10.259999999999993,0.161,0.1479999999999999,-866.724,-855.418,-11.30600000000004,0.218,0.171
all_to_all_graph3_n32_d0p7,32,0.7,4,1000,-857.8339999999998,-847.9,-9.933999999999967,0.2,0.185,-869.5539999999999,-859.1,-10.453999999999953,0.222,0.193
all_to_all_graph3_n32_d0p7,32,0.7,5,1000,-861.496,-850.0599999999998,-11.436000000000035,0.111,0.121,-874.946,-861.802,-13.144000000000004,0.228,0.192
all_to_all_graph3_n32_d0p7,32,0.7,6,1000,-856.65,-843.8859999999999,-12.76400000000001,0.165,0.128,-868.98,-856.9539999999998,-12.026000000000067,0.2089999999999999,0.169
all_to_all_graph3_n32_d0p7,32,0.7,7,1000,-854.52,-847.26,-7.259999999999992,0.165,0.1459999999999999,-866.1599999999999,-858.1939999999998,-7.966000000000008,0.195,0.182
all_to_all_graph3_n32_d0p7,32,0.7,8,1000,-859.488,-850.724,-8.76400000000001,0.171,0.156,-872.614,-860.988,-11.625999999999976,0.199,0.166
all_to_all_graph3_n32_d0p7,32,0.7,9,1000,-842.916,-839.7559999999999,-3.1600000000000814,0.0749999999999999,0.094,-857.442,-852.27,-5.1720000000000255,0.117,0.1189999999999999
all_to_all_graph3_n32_d0p7,32,0.7,10,1000,-853.09,-841.674,-11.416000000000054,0.116,0.1019999999999999,-866.932,-854.7619999999998,-12.170000000000073,0.157,0.134
all_to_all_graph4_n32_d0p7,32,0.7,1,1000,-912.064,-901.708,-10.355999999999996,0.229,0.222,-925.3080000000001,-914.304,-11.00400000000002,0.3519999999999999,0.3009999999999999
all_to_all_graph4_n32_d0p7,32,0.7,2,1000,-910.362,-906.972,-3.3899999999999864,0.1449999999999999,0.1429999999999999,-918.772,-916.418,-2.3540000000000414,0.168,0.168
all_to_all_graph4_n32_d0p7,32,0.7,3,1000,-909.194,-898.1319999999998,-11.062000000000012,0.128,0.11,-922.468,-910.068,-12.399999999999975,0.245,0.196
all_to_all_graph4_n32_d0p7,32,0.7,4,1000,-916.3,-907.654,-8.645999999999958,0.2359999999999999,0.227,-926.172,-917.218,-8.954000000000065,0.2369999999999999,0.233
all_to_all_graph4_n32_d0p7,32,0.7,5,1000,-905.23,-901.248,-3.9819999999999705,0.1429999999999999,0.171,-914.794,-911.474,-3.3199999999999363,0.1489999999999999,0.1739999999999999
all_to_all_graph4_n32_d0p7,32,0.7,6,1000,-916.3560000000001,-903.738,-12.617999999999938,0.232,0.194,-923.452,-912.204,-11.248000000000047,0.2349999999999999,0.197
all_to_all_graph4_n32_d0p7,32,0.7,7,1000,-907.72,-902.422,-5.298000000000002,0.158,0.2059999999999999,-919.566,-913.614,-5.951999999999998,0.186,0.226
all_to_all_graph4_n32_d0p7,32,0.7,8,1000,-913.248,-903.8080000000001,-9.440000000000055,0.188,0.194,-927.9380000000002,-916.134,-11.803999999999974,0.215,0.215
all_to_all_graph4_n32_d0p7,32,0.7,9,1000,-921.202,-907.988,-13.213999999999942,0.186,0.195,-930.37,-917.316,-13.053999999999974,0.267,0.221
all_to_all_graph4_n32_d0p7,32,0.7,10,1000,-905.694,-904.98,-0.7139999999999417,0.192,0.184,-918.542,-917.874,-0.6680000000000063,0.221,0.2109999999999999
all_to_all_graph5_n32_d0p7,32,0.7,1,1000,-909.5,-905.242,-4.258000000000038,0.062,0.0749999999999999,-933.94,-925.294,-8.646000000000072,0.132,0.156
all_to_all_graph5_n32_d0p7,32,0.7,2,1000,-916.396,-909.574,-6.822000000000003,0.064,0.084,-930.574,-926.394,-4.17999999999995,0.129,0.16
all_to_all_graph5_n32_d0p7,32,0.7,3,1000,-924.064,-912.622,-11.442000000000007,0.1749999999999999,0.163,-935.34,-928.052,-7.288000000000011,0.199,0.2079999999999999
all_to_all_graph5_n32_d0p7,32,0.7,4,1000,-911.554,-905.2840000000001,-6.269999999999982,0.083,0.0889999999999999,-932.612,-924.802,-7.809999999999945,0.1439999999999999,0.157
all_to_all_graph5_n32_d0p7,32,0.7,5,1000,-916.38,-910.226,-6.153999999999996,0.064,0.065,-939.35,-930.492,-8.858000000000063,0.2089999999999999,0.193
all_to_all_graph5_n32_d0p7,32,0.7,6,1000,-920.1640000000002,-909.382,-10.78200000000004,0.035,0.042,-936.88,-926.074,-10.80600000000004,0.134,0.1439999999999999
all_to_all_graph5_n32_d0p7,32,0.7,7,1000,-921.502,-917.154,-4.347999999999956,0.122,0.121,-939.6160000000002,-933.604,-6.011999999999944,0.163,0.166
all_to_all_graph5_n32_d0p7,32,0.7,8,1000,-910.474,-907.826,-2.648000000000025,0.08,0.1019999999999999,-929.88,-927.702,-2.1779999999999973,0.151,0.158
all_to_all_graph5_n32_d0p7,32,0.7,9,1000,-919.204,-907.268,-11.935999999999922,0.039,0.02,-933.302,-922.83,-10.47199999999998,0.189,0.1459999999999999
all_to_all_graph5_n32_d0p7,32,0.7,10,1000,-923.388,-922.614,-0.7740000000000009,0.1499999999999999,0.117,-943.4380000000002,-939.7,-3.737999999999943,0.2379999999999999,0.223
all_to_all_graph6_n32_d0p7,32,0.7,1,1000,-851.288,-842.104,-9.183999999999967,0.197,0.216,-869.384,-853.6699999999998,-15.714000000000055,0.254,0.233
all_to_all_graph6_n32_d0p7,32,0.7,2,1000,-854.942,-840.9779999999998,-13.964000000000055,0.224,0.228,-875.4779999999998,-857.2859999999998,-18.192000000000007,0.314,0.268
all_to_all_graph6_n32_d0p7,32,0.7,3,1000,-844.8819999999998,-836.498,-8.383999999999903,0.113,0.1459999999999999,-870.312,-852.472,-17.840000000000032,0.278,0.223
all_to_all_graph6_n32_d0p7,32,0.7,4,1000,-844.844,-834.398,-10.446000000000026,0.1419999999999999,0.1789999999999999,-864.0299999999999,-849.9099999999999,-14.120000000000005,0.2379999999999999,0.2439999999999999
all_to_all_graph6_n32_d0p7,32,0.7,5,1000,-857.144,-849.836,-7.307999999999992,0.262,0.263,-871.8279999999999,-864.082,-7.745999999999983,0.3049999999999999,0.2959999999999999
all_to_all_graph6_n32_d0p7,32,0.7,6,1000,-859.7999999999998,-839.706,-20.093999999999937,0.2969999999999999,0.22,-876.066,-855.86,-20.206000000000017,0.337,0.245
all_to_all_graph6_n32_d0p7,32,0.7,7,1000,-852.1119999999999,-839.39,-12.72199999999998,0.2439999999999999,0.202,-877.634,-854.592,-23.04200000000003,0.3649999999999999,0.2429999999999999
all_to_all_graph6_n32_d0p7,32,0.7,8,1000,-843.196,-833.714,-9.481999999999971,0.1759999999999999,0.1759999999999999,-870.13,-854.98,-15.149999999999975,0.274,0.224
all_to_all_graph6_n32_d0p7,32,0.7,9,1000,-854.77,-836.7759999999998,-17.994000000000028,0.166,0.159,-872.59,-853.456,-19.13400000000001,0.251,0.2409999999999999
all_to_all_graph6_n32_d0p7,32,0.7,10,1000,-848.022,-836.326,-11.696000000000026,0.2089999999999999,0.201,-868.106,-859.8379999999999,-8.268000000000029,0.2929999999999999,0.2849999999999999
all_to_all_graph7_n32_d0p7,32,0.7,1,1000,-789.404,-772.45,-16.95399999999995,0.2999999999999999,0.191,-796.282,-782.5739999999998,-13.708000000000084,0.311,0.2079999999999999
all_to_all_graph7_n32_d0p7,32,0.7,2,1000,-784.378,-774.116,-10.262000000000056,0.0909999999999999,0.12,-795.484,-786.168,-9.316000000000033,0.2049999999999999,0.168
all_to_all_graph7_n32_d0p7,32,0.7,3,1000,-786.6839999999999,-777.542,-9.141999999999939,0.129,0.135,-803.354,-789.8819999999998,-13.472000000000094,0.3019999999999999,0.228
all_to_all_graph7_n32_d0p7,32,0.7,4,1000,-782.692,-770.488,-12.203999999999953,0.1429999999999999,0.0889999999999999,-794.392,-783.996,-10.396000000000072,0.257,0.1719999999999999
all_to_all_graph7_n32_d0p7,32,0.7,5,1000,-779.068,-773.034,-6.033999999999992,0.0709999999999999,0.0759999999999999,-795.792,-786.71,-9.081999999999992,0.1799999999999999,0.169
all_to_all_graph7_n32_d0p7,32,0.7,6,1000,-778.682,-771.342,-7.340000000000032,0.1739999999999999,0.129,-792.0599999999998,-789.234,-2.825999999999908,0.261,0.2119999999999999
all_to_all_graph7_n32_d0p7,32,0.7,7,1000,-784.226,-771.124,-13.101999999999975,0.167,0.151,-792.11,-781.6119999999999,-10.498000000000047,0.191,0.1719999999999999
all_to_all_graph7_n32_d0p7,32,0.7,8,1000,-787.686,-771.894,-15.79200000000003,0.1729999999999999,0.1189999999999999,-802.02,-786.6219999999998,-15.398000000000025,0.2829999999999999,0.1749999999999999
all_to_all_graph7_n32_d0p7,32,0.7,9,1000,-788.33,-778.668,-9.662000000000033,0.169,0.2,-797.0359999999998,-786.7179999999998,-10.317999999999984,0.247,0.22
all_to_all_graph7_n32_d0p7,32,0.7,10,1000,-787.962,-778.496,-9.466000000000008,0.1459999999999999,0.171,-800.206,-788.916,-11.289999999999964,0.229,0.201
all_to_all_graph8_n32_d0p7,32,0.7,1,1000,-832.966,-825.0019999999998,-7.964000000000055,0.112,0.101,-844.5159999999998,-837.672,-6.843999999999936,0.139,0.127
all_to_all_graph8_n32_d0p7,32,0.7,2,1000,-835.1,-826.5119999999998,-8.58800000000008,0.078,0.068,-848.236,-839.7039999999998,-8.532000000000039,0.2069999999999999,0.167
all_to_all_graph8_n32_d0p7,32,0.7,3,1000,-836.572,-830.11,-6.461999999999989,0.109,0.094,-846.832,-839.6599999999999,-7.1720000000000255,0.134,0.111
all_to_all_graph8_n32_d0p7,32,0.7,4,1000,-836.116,-830.34,-5.775999999999954,0.07,0.057,-845.1,-839.456,-5.6440000000000055,0.1459999999999999,0.1179999999999999
all_to_all_graph8_n32_d0p7,32,0.7,5,1000,-837.998,-829.142,-8.855999999999993,0.1479999999999999,0.129,-847.648,-839.258,-8.389999999999986,0.19,0.1489999999999999
all_to_all_graph8_n32_d0p7,32,0.7,6,1000,-832.274,-824.392,-7.881999999999949,0.1029999999999999,0.0869999999999999,-842.174,-835.52,-6.653999999999996,0.125,0.126
all_to_all_graph8_n32_d0p7,32,0.7,7,1000,-828.738,-822.866,-5.872000000000071,0.095,0.0749999999999999,-844.9819999999999,-835.5639999999999,-9.418000000000006,0.155,0.105
all_to_all_graph8_n32_d0p7,32,0.7,8,1000,-837.3339999999998,-829.496,-7.8379999999999646,0.116,0.112,-847.854,-841.7559999999999,-6.09800000000007,0.1799999999999999,0.1479999999999999
all_to_all_graph8_n32_d0p7,32,0.7,9,1000,-830.852,-822.248,-8.603999999999928,0.0379999999999999,0.04,-843.552,-835.234,-8.317999999999982,0.121,0.1189999999999999
all_to_all_graph8_n32_d0p7,32,0.7,10,1000,-829.164,-820.85,-8.313999999999965,0.105,0.0749999999999999,-841.5399999999998,-833.85,-7.689999999999941,0.1439999999999999,0.112
all_to_all_graph9_n32_d0p7,32,0.7,1,1000,-811.558,-795.914,-15.644000000000004,0.084,0.0459999999999999,-823.7419999999998,-809.0359999999998,-14.706000000000016,0.097,0.067
all_to_all_graph9_n32_d0p7,32,0.7,2,1000,-813.1559999999998,-797.71,-15.445999999999913,0.123,0.068,-826.7999999999998,-810.174,-16.625999999999976,0.127,0.081
all_to_all_graph9_n32_d0p7,32,0.7,3,1000,-814.206,-799.7279999999998,-14.478000000000064,0.111,0.0759999999999999,-827.686,-811.604,-16.081999999999994,0.121,0.0909999999999999
all_to_all_graph9_n32_d0p7,32,0.7,4,1000,-802.792,-795.9339999999999,-6.858000000000061,0.0709999999999999,0.083,-813.976,-810.6359999999999,-3.340000000000032,0.0769999999999999,0.099
all_to_all_graph9_n32_d0p7,32,0.7,5,1000,-812.32,-796.44,-15.879999999999995,0.085,0.056,-825.288,-808.562,-16.726,0.0899999999999999,0.0709999999999999
all_to_all_graph9_n32_d0p7,32,0.7,6,1000,-810.384,-792.664,-17.720000000000027,0.057,0.0519999999999999,-827.0839999999998,-808.8579999999998,-18.226,0.068,0.069
all_to_all_graph9_n32_d0p7,32,0.7,7,1000,-810.714,-798.9299999999998,-11.784000000000106,0.151,0.085,-828.5059999999999,-814.38,-14.125999999999976,0.164,0.113
all_to_all_graph9_n32_d0p7,32,0.7,8,1000,-823.692,-800.5259999999998,-23.166000000000054,0.135,0.0759999999999999,-832.2179999999998,-812.6559999999998,-19.56200000000001,0.14,0.0919999999999999
all_to_all_graph9_n32_d0p7,32,0.7,9,1000,-806.556,-794.3379999999999,-12.218000000000076,0.14,0.066,-825.0839999999998,-812.278,-12.805999999999926,0.165,0.117
all_to_all_graph9_n32_d0p7,32,0.7,10,1000,-807.51,-799.642,-7.867999999999937,0.0919999999999999,0.079,-825.162,-812.5599999999998,-12.602000000000087,0.104,0.0869999999999999
all_to_all_graph10_n32_d0p7,32,0.7,1,1000,-914.992,-895.19,-19.801999999999907,0.198,0.197,-934.268,-908.27,-25.998000000000047,0.324,0.247
all_to_all_graph10_n32_d0p7,32,0.7,2,1000,-910.432,-889.3619999999999,-21.07000000000005,0.121,0.114,-927.982,-904.984,-22.997999999999934,0.233,0.201
all_to_all_graph10_n32_d0p7,32,0.7,3,1000,-899.464,-874.7859999999998,-24.67800000000011,0.048,0.0749999999999999,-935.0820000000001,-898.428,-36.654,0.276,0.185
all_to_all_graph10_n32_d0p7,32,0.7,4,1000,-915.526,-892.5739999999998,-22.952,0.17,0.1419999999999999,-934.478,-912.064,-22.413999999999987,0.2889999999999999,0.221
all_to_all_graph10_n32_d0p7,32,0.7,5,1000,-903.622,-885.604,-18.017999999999915,0.138,0.117,-929.544,-909.348,-20.196000000000023,0.326,0.2379999999999999
all_to_all_graph10_n32_d0p7,32,0.7,6,1000,-912.166,-892.996,-19.170000000000076,0.1179999999999999,0.137,-943.518,-916.68,-26.83800000000008,0.331,0.262
all_to_all_graph10_n32_d0p7,32,0.7,7,1000,-904.008,-887.144,-16.864000000000033,0.266,0.158,-926.4,-906.31,-20.090000000000032,0.326,0.217
all_to_all_graph10_n32_d0p7,32,0.7,8,1000,-919.228,-895.5639999999999,-23.663999999999987,0.219,0.168,-938.422,-912.692,-25.730000000000015,0.325,0.2419999999999999
all_to_all_graph10_n32_d0p7,32,0.7,9,1000,-898.394,-881.02,-17.374000000000024,0.17,0.168,-915.824,-895.3379999999999,-20.48599999999999,0.245,0.2049999999999999
all_to_all_graph10_n32_d0p7,32,0.7,10,1000,-910.012,-888.422,-21.58999999999992,0.151,0.155,-934.66,-905.554,-29.105999999999995,0.276,0.222
all_to_all_graph11_n32_d0p7,32,0.7,1,1000,-859.7899999999998,-849.832,-9.95799999999997,0.162,0.168,-877.452,-868.634,-8.817999999999982,0.188,0.2
all_to_all_graph11_n32_d0p7,32,0.7,2,1000,-858.148,-842.144,-16.00400000000002,0.138,0.133,-873.682,-859.51,-14.172000000000024,0.151,0.155
all_to_all_graph11_n32_d0p7,32,0.7,3,1000,-860.214,-848.932,-11.28200000000004,0.1479999999999999,0.1469999999999999,-873.98,-862.8959999999998,-11.08400000000006,0.164,0.162
all_to_all_graph11_n32_d0p7,32,0.7,4,1000,-854.254,-844.976,-9.27800000000002,0.1489999999999999,0.134,-873.44,-863.1939999999998,-10.246000000000096,0.189,0.1799999999999999
all_to_all_graph11_n32_d0p7,32,0.7,5,1000,-860.666,-846.64,-14.026000000000067,0.222,0.165,-874.288,-862.206,-12.081999999999994,0.233,0.2099999999999999
all_to_all_graph11_n32_d0p7,32,0.7,6,1000,-860.592,-849.4539999999998,-11.138000000000034,0.106,0.139,-870.508,-865.278,-5.230000000000017,0.123,0.159
all_to_all_graph11_n32_d0p7,32,0.7,7,1000,-865.374,-850.464,-14.909999999999968,0.12,0.113,-877.466,-861.5979999999998,-15.868000000000052,0.123,0.125
all_to_all_graph11_n32_d0p7,32,0.7,8,1000,-859.85,-845.738,-14.111999999999966,0.161,0.1409999999999999,-876.948,-865.2999999999998,-11.648000000000025,0.1749999999999999,0.16
all_to_all_graph11_n32_d0p7,32,0.7,9,1000,-859.594,-845.4539999999998,-14.1400000000001,0.14,0.122,-873.206,-860.922,-12.283999999999992,0.1499999999999999,0.1429999999999999
all_to_all_graph11_n32_d0p7,32,0.7,10,1000,-863.884,-850.8579999999998,-13.026000000000067,0.131,0.139,-878.33,-865.782,-12.548000000000002,0.168,0.158
all_to_all_graph12_n32_d0p7,32,0.7,1,1000,-829.12,-821.688,-7.432000000000016,0.065,0.0899999999999999,-846.178,-838.508,-7.669999999999958,0.081,0.112
all_to_all_graph12_n32_d0p7,32,0.7,2,1000,-834.1799999999998,-822.38,-11.799999999999956,0.112,0.139,-854.212,-840.686,-13.525999999999954,0.1499999999999999,0.1769999999999999
all_to_all_graph12_n32_d0p7,32,0.7,3,1000,-840.628,-822.7899999999998,-17.83800000000008,0.069,0.111,-856.394,-841.82,-14.573999999999955,0.126,0.167
all_to_all_graph12_n32_d0p7,32,0.7,4,1000,-833.1939999999998,-823.368,-9.825999999999906,0.078,0.108,-849.652,-843.448,-6.204000000000065,0.099,0.133
all_to_all_graph12_n32_d0p7,32,0.7,5,1000,-830.9,-822.3099999999998,-8.590000000000032,0.097,0.132,-852.87,-840.908,-11.961999999999987,0.132,0.154
all_to_all_graph12_n32_d0p7,32,0.7,6,1000,-840.4099999999999,-826.754,-13.655999999999947,0.1469999999999999,0.1429999999999999,-851.392,-839.5359999999998,-11.856000000000108,0.16,0.155
all_to_all_graph12_n32_d0p7,32,0.7,7,1000,-827.4579999999999,-812.13,-15.327999999999976,0.0709999999999999,0.097,-845.26,-834.456,-10.803999999999974,0.094,0.136
all_to_all_graph12_n32_d0p7,32,0.7,8,1000,-831.33,-821.3279999999999,-10.002000000000066,0.0739999999999999,0.129,-849.7799999999999,-841.124,-8.655999999999949,0.097,0.16
all_to_all_graph12_n32_d0p7,32,0.7,9,1000,-847.096,-830.778,-16.317999999999984,0.1489999999999999,0.1429999999999999,-862.024,-845.114,-16.909999999999968,0.1799999999999999,0.157
all_to_all_graph12_n32_d0p7,32,0.7,10,1000,-837.508,-817.928,-19.58000000000004,0.063,0.0909999999999999,-852.836,-839.4299999999998,-13.406000000000065,0.0859999999999999,0.125
all_to_all_graph13_n32_d0p7,32,0.7,1,1000,-895.898,-886.398,-9.5,0.066,0.067,-910.442,-901.006,-9.436000000000035,0.0879999999999999,0.084
all_to_all_graph13_n32_d0p7,32,0.7,2,1000,-889.0159999999998,-882.144,-6.871999999999956,0.062,0.068,-900.1,-892.7659999999998,-7.33400000000006,0.0919999999999999,0.0889999999999999
all_to_all_graph13_n32_d0p7,32,0.7,3,1000,-896.2999999999998,-885.186,-11.11399999999992,0.0749999999999999,0.07,-909.78,-897.486,-12.293999999999984,0.0899999999999999,0.084
all_to_all_graph13_n32_d0p7,32,0.7,4,1000,-895.186,-887.7179999999998,-7.468000000000074,0.0759999999999999,0.0709999999999999,-906.946,-897.894,-9.052000000000021,0.0859999999999999,0.082
all_to_all_graph13_n32_d0p7,32,0.7,5,1000,-890.572,-881.028,-9.543999999999983,0.0709999999999999,0.0709999999999999,-904.432,-896.976,-7.456000000000017,0.0929999999999999,0.1029999999999999
all_to_all_graph13_n32_d0p7,32,0.7,6,1000,-889.878,-881.802,-8.076000000000022,0.0859999999999999,0.079,-902.234,-895.394,-6.840000000000032,0.104,0.094
all_to_all_graph13_n32_d0p7,32,0.7,7,1000,-887.018,-880.938,-6.080000000000041,0.104,0.11,-904.7600000000001,-896.7999999999998,-7.9600000000000355,0.131,0.125
all_to_all_graph13_n32_d0p7,32,0.7,8,1000,-904.184,-887.9,-16.283999999999992,0.124,0.094,-913.336,-898.9819999999999,-14.354000000000042,0.14,0.105
all_to_all_graph13_n32_d0p7,32,0.7,9,1000,-888.48,-883.86,-4.6200000000000045,0.0729999999999999,0.1019999999999999,-906.028,-902.998,-3.0299999999999727,0.123,0.152
all_to_all_graph13_n32_d0p7,32,0.7,10,1000,-890.38,-878.792,-11.587999999999964,0.0459999999999999,0.05,-909.354,-894.6079999999998,-14.746000000000096,0.157,0.11
all_to_all_graph14_n32_d0p7,32,0.7,1,1000,-864.44,-851.65,-12.790000000000076,0.222,0.224,-877.552,-865.4339999999999,-12.118000000000052,0.233,0.2429999999999999
all_to_all_graph14_n32_d0p7,32,0.7,2,1000,-856.576,-849.366,-7.2100000000000355,0.0859999999999999,0.095,-868.5,-862.438,-6.062000000000012,0.22,0.224
all_to_all_graph14_n32_d0p7,32,0.7,3,1000,-869.0359999999998,-853.1839999999999,-15.851999999999975,0.245,0.246,-875.5779999999999,-863.9919999999998,-11.586000000000013,0.259,0.264
all_to_all_graph14_n32_d0p7,32,0.7,4,1000,-857.5019999999998,-847.2759999999998,-10.226,0.0299999999999999,0.12,-867.494,-858.6599999999999,-8.83400000000006,0.153,0.1799999999999999
all_to_all_graph14_n32_d0p7,32,0.7,5,1000,-872.3379999999999,-851.7419999999998,-20.596000000000004,0.186,0.165,-878.7179999999998,-861.7859999999998,-16.932000000000016,0.223,0.2129999999999999
all_to_all_graph14_n32_d0p7,32,0.7,6,1000,-871.494,-858.514,-12.980000000000018,0.0769999999999999,0.1419999999999999,-879.182,-870.446,-8.73599999999999,0.2119999999999999,0.232
all_to_all_graph14_n32_d0p7,32,0.7,7,1000,-870.368,-858.576,-11.79200000000003,0.229,0.234,-876.658,-869.514,-7.1440000000000055,0.256,0.281
all_to_all_graph14_n32_d0p7,32,0.7,8,1000,-867.048,-854.44,-12.607999999999947,0.1499999999999999,0.1769999999999999,-873.264,-862.836,-10.427999999999995,0.199,0.203
all_to_all_graph14_n32_d0p7,32,0.7,9,1000,-873.052,-852.116,-20.936000000000035,0.0749999999999999,0.116,-883.21,-867.1939999999998,-16.016000000000076,0.268,0.273
all_to_all_graph14_n32_d0p7,32,0.7,10,1000,-866.86,-858.402,-8.45799999999997,0.0759999999999999,0.171,-880.806,-869.394,-11.412000000000036,0.323,0.2949999999999999
all_to_all_graph15_n32_d0p7,32,0.7,1,1000,-773.346,-759.048,-14.298000000000002,0.136,0.12,-781.9539999999998,-767.5539999999999,-14.399999999999975,0.2079999999999999,0.1489999999999999
all_to_all_graph15_n32_d0p7,32,0.7,2,1000,-764.894,-759.9339999999999,-4.960000000000036,0.195,0.1419999999999999,-780.09,-769.466,-10.624000000000024,0.2859999999999999,0.184
all_to_all_graph15_n32_d0p7,32,0.7,3,1000,-771.524,-759.914,-11.610000000000014,0.193,0.124,-780.19,-770.24,-9.950000000000045,0.226,0.1459999999999999
all_to_all_graph15_n32_d0p7,32,0.7,4,1000,-769.754,-753.2179999999998,-16.536000000000058,0.1449999999999999,0.0899999999999999,-781.696,-766.1359999999999,-15.56000000000006,0.275,0.1729999999999999
all_to_all_graph15_n32_d0p7,32,0.7,5,1000,-779.876,-762.0779999999999,-17.798000000000002,0.271,0.1719999999999999,-785.6319999999998,-772.038,-13.593999999999935,0.2939999999999999,0.188
all_to_all_graph15_n32_d0p7,32,0.7,6,1000,-767.192,-758.2999999999998,-8.892000000000051,0.121,0.1019999999999999,-778.142,-770.366,-7.776000000000067,0.183,0.166
all_to_all_graph15_n32_d0p7,32,0.7,7,1000,-768.6319999999998,-755.5,-13.131999999999948,0.199,0.124,-782.942,-770.986,-11.956000000000016,0.253,0.1789999999999999
all_to_all_graph15_n32_d0p7,32,0.7,8,1000,-766.602,-751.474,-15.127999999999927,0.152,0.098,-776.116,-763.292,-12.823999999999955,0.182,0.126
all_to_all_graph15_n32_d0p7,32,0.7,9,1000,-773.4779999999998,-762.086,-11.39199999999994,0.2399999999999999,0.1439999999999999,-784.192,-771.558,-12.634000000000016,0.279,0.1769999999999999
all_to_all_graph15_n32_d0p7,32,0.7,10,1000,-772.988,-758.8479999999998,-14.1400000000001,0.111,0.078,-783.854,-772.19,-11.663999999999987,0.262,0.165
all_to_all_graph16_n32_d0p7,32,0.7,1,1000,-922.846,-909.246,-13.600000000000025,0.08,0.138,-936.4,-925.652,-10.747999999999934,0.1,0.157
all_to_all_graph16_n32_d0p7,32,0.7,2,1000,-917.4140000000002,-914.58,-2.8339999999999463,0.111,0.187,-936.174,-932.254,-3.919999999999959,0.1409999999999999,0.255
all_to_all_graph16_n32_d0p7,32,0.7,3,1000,-924.526,-919.876,-4.649999999999976,0.109,0.22,-940.202,-932.404,-7.798000000000004,0.121,0.232
all_to_all_graph16_n32_d0p7,32,0.7,4,1000,-930.324,-921.09,-9.233999999999924,0.042,0.1769999999999999,-950.1,-937.724,-12.375999999999976,0.377,0.39
all_to_all_graph16_n32_d0p7,32,0.7,5,1000,-919.884,-909.2,-10.683999999999967,0.097,0.1189999999999999,-957.5340000000001,-936.21,-21.323999999999955,0.501,0.375
all_to_all_graph16_n32_d0p7,32,0.7,6,1000,-927.694,-919.874,-7.819999999999936,0.063,0.136,-948.29,-936.078,-12.211999999999987,0.129,0.1789999999999999
all_to_all_graph16_n32_d0p7,32,0.7,7,1000,-908.62,-905.692,-2.9279999999999973,0.041,0.0749999999999999,-933.216,-930.024,-3.1920000000000077,0.094,0.17
all_to_all_graph16_n32_d0p7,32,0.7,8,1000,-922.292,-911.552,-10.740000000000007,0.0509999999999999,0.1469999999999999,-953.3560000000001,-935.264,-18.091999999999985,0.4139999999999999,0.337
all_to_all_graph16_n32_d0p7,32,0.7,9,1000,-937.322,-920.776,-16.54600000000005,0.268,0.2899999999999999,-958.652,-935.6880000000002,-22.964000000000052,0.468,0.3549999999999999
all_to_all_graph16_n32_d0p7,32,0.7,10,1000,-919.3320000000001,-915.17,-4.162000000000035,0.133,0.2089999999999999,-943.362,-936.016,-7.346000000000004,0.194,0.2359999999999999
all_to_all_graph17_n32_d0p7,32,0.7,1,1000,-819.868,-813.272,-6.596000000000004,0.116,0.123,-834.0259999999998,-825.642,-8.383999999999903,0.151,0.1409999999999999
all_to_all_graph17_n32_d0p7,32,0.7,2,1000,-815.142,-813.6559999999998,-1.4860000000001037,0.0729999999999999,0.0919999999999999,-827.2999999999998,-825.9679999999998,-1.3319999999999936,0.101,0.107
all_to_all_graph17_n32_d0p7,32,0.7,3,1000,-816.698,-816.3579999999998,-0.3400000000000318,0.132,0.1459999999999999,-834.222,-829.6219999999998,-4.600000000000024,0.1719999999999999,0.161
all_to_all_graph17_n32_d0p7,32,0.7,4,1000,-816.3239999999998,-812.4339999999999,-3.8899999999999855,0.116,0.112,-829.918,-826.698,-3.2200000000000277,0.167,0.134
all_to_all_graph17_n32_d0p7,32,0.7,5,1000,-818.5599999999998,-814.0059999999999,-4.553999999999974,0.078,0.064,-837.87,-828.3479999999998,-9.522000000000048,0.099,0.0889999999999999
all_to_all_graph17_n32_d0p7,32,0.7,6,1000,-809.73,-807.6359999999999,-2.094000000000051,0.065,0.0759999999999999,-826.9299999999998,-823.738,-3.1919999999998936,0.101,0.1019999999999999
all_to_all_graph17_n32_d0p7,32,0.7,7,1000,-809.072,-805.36,-3.7119999999999886,0.063,0.069,-828.296,-819.83,-8.466000000000008,0.082,0.083
all_to_all_graph17_n32_d0p7,32,0.7,8,1000,-824.178,-822.008,-2.169999999999959,0.0889999999999999,0.1189999999999999,-835.652,-832.258,-3.394000000000005,0.123,0.137
all_to_all_graph17_n32_d0p7,32,0.7,9,1000,-806.3579999999998,-810.5499999999998,4.192000000000007,0.0749999999999999,0.11,-826.592,-825.9779999999998,-0.6140000000000327,0.0899999999999999,0.125
all_to_all_graph17_n32_d0p7,32,0.7,10,1000,-811.738,-811.962,0.2239999999999327,0.064,0.097,-829.442,-824.24,-5.201999999999998,0.117,0.129
all_to_all_graph18_n32_d0p7,32,0.7,1,1000,-805.02,-797.128,-7.891999999999939,0.101,0.0739999999999999,-823.7999999999998,-814.996,-8.803999999999974,0.11,0.094
all_to_all_graph18_n32_d0p7,32,0.7,2,1000,-809.496,-802.964,-6.5319999999999245,0.127,0.099,-826.488,-816.44,-10.048000000000002,0.1469999999999999,0.128
all_to_all_graph18_n32_d0p7,32,0.7,3,1000,-806.38,-798.008,-8.371999999999957,0.079,0.05,-819.876,-812.414,-7.461999999999989,0.1,0.0739999999999999
all_to_all_graph18_n32_d0p7,32,0.7,4,1000,-823.798,-813.23,-10.567999999999984,0.166,0.137,-839.1219999999998,-825.1219999999998,-14.0,0.229,0.1779999999999999
all_to_all_graph18_n32_d0p7,32,0.7,5,1000,-808.0599999999998,-800.604,-7.455999999999903,0.116,0.0599999999999999,-824.644,-812.634,-12.009999999999993,0.1749999999999999,0.12
all_to_all_graph18_n32_d0p7,32,0.7,6,1000,-808.104,-800.524,-7.580000000000042,0.0759999999999999,0.0769999999999999,-821.538,-813.028,-8.509999999999993,0.1019999999999999,0.094
all_to_all_graph18_n32_d0p7,32,0.7,7,1000,-807.2759999999998,-801.072,-6.203999999999951,0.1449999999999999,0.109,-823.404,-813.066,-10.337999999999964,0.165,0.129
all_to_all_graph18_n32_d0p7,32,0.7,8,1000,-822.84,-811.488,-11.351999999999975,0.196,0.162,-832.938,-822.2899999999998,-10.648000000000025,0.2059999999999999,0.17
all_to_all_graph18_n32_d0p7,32,0.7,9,1000,-798.486,-797.062,-1.4239999999999782,0.1029999999999999,0.068,-813.914,-809.9199999999998,-3.994000000000028,0.12,0.098
all_to_all_graph18_n32_d0p7,32,0.7,10,1000,-805.426,-800.432,-4.994000000000028,0.107,0.0859999999999999,-820.644,-816.1359999999999,-4.508000000000038,0.1439999999999999,0.115
all_to_all_graph19_n32_d0p7,32,0.7,1,1000,-834.8099999999998,-822.068,-12.741999999999962,0.169,0.1,-847.46,-832.784,-14.676000000000045,0.1739999999999999,0.104
all_to_all_graph19_n32_d0p7,32,0.7,2,1000,-838.8819999999998,-825.062,-13.819999999999936,0.192,0.16,-846.154,-833.056,-13.097999999999956,0.193,0.165
all_to_all_graph19_n32_d0p7,32,0.7,3,1000,-833.182,-819.75,-13.432000000000016,0.1189999999999999,0.0899999999999999,-844.0359999999998,-829.306,-14.729999999999905,0.1769999999999999,0.132
all_to_all_graph19_n32_d0p7,32,0.7,4,1000,-825.9819999999999,-818.296,-7.685999999999924,0.0429999999999999,0.048,-839.69,-830.634,-9.05600000000004,0.124,0.078
all_to_all_graph19_n32_d0p7,32,0.7,5,1000,-833.378,-827.39,-5.988000000000056,0.113,0.0729999999999999,-843.836,-837.606,-6.230000000000017,0.113,0.0729999999999999
all_to_all_graph19_n32_d0p7,32,0.7,6,1000,-835.052,-823.316,-11.73599999999999,0.104,0.081,-846.33,-834.496,-11.83400000000006,0.11,0.083
all_to_all_graph19_n32_d0p7,32,0.7,7,1000,-838.558,-823.448,-15.110000000000014,0.216,0.162,-850.7899999999998,-834.662,-16.12799999999993,0.22,0.168
all_to_all_graph19_n32_d0p7,32,0.7,8,1000,-833.85,-822.83,-11.019999999999982,0.04,0.049,-847.788,-835.914,-11.874000000000024,0.165,0.133
all_to_all_graph19_n32_d0p7,32,0.7,9,1000,-827.1119999999999,-821.5,-5.611999999999966,0.109,0.078,-838.134,-829.928,-8.206000000000017,0.111,0.082
all_to_all_graph19_n32_d0p7,32,0.7,10,1000,-834.6119999999999,-823.254,-11.357999999999947,0.13,0.0859999999999999,-851.61,-837.3039999999999,-14.30600000000004,0.13,0.0879999999999999
all_to_all_graph0_n32_d0p9,32,0.9,1,1000,-930.43,-917.07,-13.3599999999999,0.221,0.109,-946.3,-929.5580000000001,-16.741999999999962,0.264,0.1789999999999999
all_to_all_graph0_n32_d0p9,32,0.9,2,1000,-940.88,-917.002,-23.878000000000043,0.2869999999999999,0.156,-950.67,-926.924,-23.74599999999998,0.2919999999999999,0.161
all_to_all_graph0_n32_d0p9,32,0.9,3,1000,-929.77,-915.1060000000001,-14.663999999999987,0.2079999999999999,0.124,-948.794,-925.94,-22.853999999999928,0.2919999999999999,0.157
all_to_all_graph0_n32_d0p9,32,0.9,4,1000,-938.886,-917.796,-21.08999999999992,0.264,0.131,-949.994,-926.5580000000001,-23.436000000000035,0.314,0.159
all_to_all_graph0_n32_d0p9,32,0.9,5,1000,-932.538,-913.578,-18.96000000000004,0.151,0.156,-945.946,-924.968,-20.978000000000065,0.2049999999999999,0.171
all_to_all_graph0_n32_d0p9,32,0.9,6,1000,-940.94,-916.424,-24.51600000000008,0.1429999999999999,0.104,-956.526,-930.066,-26.459999999999923,0.2399999999999999,0.188
all_to_all_graph0_n32_d0p9,32,0.9,7,1000,-940.078,-916.3320000000001,-23.74599999999998,0.156,0.131,-952.292,-928.3560000000001,-23.936000000000035,0.167,0.1429999999999999
all_to_all_graph0_n32_d0p9,32,0.9,8,1000,-935.516,-910.022,-25.493999999999915,0.2349999999999999,0.1179999999999999,-948.764,-922.324,-26.44000000000005,0.2989999999999999,0.1489999999999999
all_to_all_graph0_n32_d0p9,32,0.9,9,1000,-920.838,-908.228,-12.610000000000014,0.127,0.123,-939.134,-920.32,-18.813999999999965,0.153,0.135
all_to_all_graph0_n32_d0p9,32,0.9,10,1000,-935.656,-912.202,-23.45399999999995,0.25,0.122,-949.668,-925.592,-24.076000000000025,0.325,0.17
all_to_all_graph1_n32_d0p9,32,0.9,1,1000,-984.85,-970.956,-13.894000000000004,0.081,0.0899999999999999,-992.642,-982.556,-10.086000000000013,0.0909999999999999,0.099
all_to_all_graph1_n32_d0p9,32,0.9,2,1000,-989.77,-977.948,-11.822000000000005,0.07,0.08,-995.1400000000002,-986.526,-8.614000000000033,0.0759999999999999,0.081
all_to_all_graph1_n32_d0p9,32,0.9,3,1000,-992.3900000000002,-974.194,-18.196000000000023,0.039,0.0539999999999999,-1001.426,-987.404,-14.022000000000048,0.062,0.078
all_to_all_graph1_n32_d0p9,32,0.9,4,1000,-983.04,-976.7840000000001,-6.255999999999972,0.05,0.0909999999999999,-995.032,-988.2,-6.831999999999994,0.081,0.098
all_to_all_graph1_n32_d0p9,32,0.9,5,1000,-986.134,-967.982,-18.152000000000044,0.0729999999999999,0.057,-993.54,-980.702,-12.837999999999964,0.0729999999999999,0.057
all_to_all_graph1_n32_d0p9,32,0.9,6,1000,-990.178,-978.1400000000002,-12.038000000000013,0.085,0.084,-995.128,-985.892,-9.23599999999999,0.0859999999999999,0.0909999999999999
all_to_all_graph1_n32_d0p9,32,0.9,7,1000,-995.076,-982.878,-12.19799999999998,0.112,0.126,-1000.132,-991.506,-8.625999999999976,0.127,0.133
all_to_all_graph1_n32_d0p9,32,0.9,8,1000,-985.992,-979.766,-6.225999999999999,0.056,0.08,-995.276,-989.92,-5.3559999999999945,0.063,0.081
all_to_all_graph1_n32_d0p9,32,0.9,9,1000,-989.634,-979.714,-9.91999999999996,0.078,0.084,-998.228,-989.718,-8.509999999999993,0.109,0.115
all_to_all_graph1_n32_d0p9,32,0.9,10,1000,-984.67,-974.104,-10.565999999999915,0.056,0.084,-995.204,-985.97,-9.233999999999924,0.096,0.096
all_to_all_graph2_n32_d0p9,32,0.9,1,1000,-948.412,-944.8660000000002,-3.5460000000000487,0.13,0.14,-976.874,-960.626,-16.248000000000047,0.2999999999999999,0.216
all_to_all_graph2_n32_d0p9,32,0.9,2,1000,-944.704,-933.182,-11.521999999999936,0.1719999999999999,0.139,-963.69,-953.892,-9.798,0.217,0.182
all_to_all_graph2_n32_d0p9,32,0.9,3,1000,-955.672,-938.806,-16.865999999999985,0.1459999999999999,0.154,-973.29,-957.238,-16.051999999999907,0.216,0.183
all_to_all_graph2_n32_d0p9,32,0.9,4,1000,-960.3660000000002,-948.38,-11.98599999999999,0.158,0.1769999999999999,-972.18,-962.528,-9.65199999999993,0.224,0.2109999999999999
all_to_all_graph2_n32_d0p9,32,0.9,5,1000,-963.548,-947.728,-15.82000000000005,0.136,0.1449999999999999,-978.556,-960.49,-18.06600000000003,0.2049999999999999,0.1719999999999999
all_to_all_graph2_n32_d0p9,32,0.9,6,1000,-965.122,-950.522,-14.599999999999907,0.131,0.0919999999999999,-983.862,-964.814,-19.048,0.268,0.182
all_to_all_graph2_n32_d0p9,32,0.9,7,1000,-960.776,-943.836,-16.93999999999994,0.111,0.1479999999999999,-977.594,-959.08,-18.51400000000001,0.217,0.184
all_to_all_graph2_n32_d0p9,32,0.9,8,1000,-948.864,-947.03,-1.83400000000006,0.106,0.107,-971.036,-967.346,-3.689999999999941,0.27,0.259
all_to_all_graph2_n32_d0p9,32,0.9,9,1000,-934.778,-927.25,-7.52800000000002,0.154,0.133,-958.628,-949.682,-8.946000000000026,0.233,0.1809999999999999
all_to_all_graph2_n32_d0p9,32,0.9,10,1000,-948.718,-934.328,-14.389999999999986,0.078,0.082,-967.566,-952.56,-15.006000000000084,0.2099999999999999,0.165
all_to_all_graph3_n32_d0p9,32,0.9,1,1000,-1058.22,-1041.526,-16.69399999999996,0.111,0.117,-1087.49,-1063.646,-23.844000000000047,0.1409999999999999,0.1449999999999999
all_to_all_graph3_n32_d0p9,32,0.9,2,1000,-1063.088,-1045.93,-17.1579999999999,0.083,0.124,-1087.368,-1062.84,-24.52800000000002,0.156,0.1479999999999999
all_to_all_graph3_n32_d0p9,32,0.9,3,1000,-1066.68,-1054.178,-12.501999999999953,0.152,0.123,-1095.384,-1078.382,-17.001999999999953,0.183,0.1719999999999999
all_to_all_graph3_n32_d0p9,32,0.9,4,1000,-1056.636,-1044.726,-11.909999999999854,0.0149999999999999,0.0599999999999999,-1079.33,-1065.12,-14.210000000000036,0.047,0.099
all_to_all_graph3_n32_d0p9,32,0.9,5,1000,-1076.104,-1061.358,-14.746000000000096,0.1429999999999999,0.152,-1089.746,-1073.638,-16.108000000000175,0.153,0.162
all_to_all_graph3_n32_d0p9,32,0.9,6,1000,-1066.828,-1052.406,-14.422000000000024,0.158,0.157,-1088.636,-1067.704,-20.932000000000016,0.1809999999999999,0.165
all_to_all_graph3_n32_d0p9,32,0.9,7,1000,-1062.986,-1044.308,-18.67800000000011,0.1789999999999999,0.171,-1085.2,-1066.26,-18.94000000000005,0.197,0.197
all_to_all_graph3_n32_d0p9,32,0.9,8,1000,-1075.144,-1060.078,-15.066000000000033,0.113,0.1729999999999999,-1090.476,-1070.008,-20.468000000000075,0.196,0.201
all_to_all_graph3_n32_d0p9,32,0.9,9,1000,-1075.118,-1057.316,-17.801999999999907,0.1729999999999999,0.16,-1093.49,-1069.39,-24.09999999999991,0.2129999999999999,0.1809999999999999
all_to_all_graph3_n32_d0p9,32,0.9,10,1000,-1068.952,-1052.176,-16.776000000000067,0.164,0.166,-1092.186,-1073.86,-18.326000000000025,0.196,0.19
all_to_all_graph4_n32_d0p9,32,0.9,1,1000,-980.684,-960.242,-20.442000000000007,0.0719999999999999,0.0449999999999999,-995.054,-972.696,-22.357999999999947,0.171,0.134
all_to_all_graph4_n32_d0p9,32,0.9,2,1000,-985.898,-968.852,-17.04600000000005,0.2369999999999999,0.191,-1002.692,-981.328,-21.364000000000036,0.2409999999999999,0.195
all_to_all_graph4_n32_d0p9,32,0.9,3,1000,-978.74,-969.862,-8.878000000000041,0.247,0.191,-992.82,-983.578,-9.242000000000077,0.3009999999999999,0.268
all_to_all_graph4_n32_d0p9,32,0.9,4,1000,-997.724,-979.244,-18.480000000000015,0.2909999999999999,0.268,-1009.648,-987.256,-22.392000000000053,0.308,0.275
all_to_all_graph4_n32_d0p9,32,0.9,5,1000,-1000.4,-970.882,-29.51800000000003,0.406,0.269,-1016.888,-985.972,-30.916000000000054,0.4159999999999999,0.274
all_to_all_graph4_n32_d0p9,32,0.9,6,1000,-969.234,-956.83,-12.403999999999996,0.068,0.084,-981.112,-974.202,-6.909999999999968,0.132,0.1719999999999999
all_to_all_graph4_n32_d0p9,32,0.9,7,1000,-983.38,-967.244,-16.135999999999967,0.117,0.1,-997.7,-981.43,-16.270000000000095,0.2049999999999999,0.203
all_to_all_graph4_n32_d0p9,32,0.9,8,1000,-964.55,-966.492,1.9420000000000075,0.189,0.193,-982.834,-979.352,-3.481999999999971,0.192,0.203
all_to_all_graph4_n32_d0p9,32,0.9,9,1000,-978.172,-963.402,-14.769999999999982,0.2389999999999999,0.155,-994.862,-977.254,-17.607999999999947,0.245,0.162
all_to_all_graph4_n32_d0p9,32,0.9,10,1000,-986.274,-973.086,-13.187999999999988,0.246,0.201,-999.378,-984.196,-15.182000000000016,0.264,0.2109999999999999
all_to_all_graph5_n32_d0p9,32,0.9,1,1000,-972.944,-954.28,-18.663999999999987,0.193,0.195,-983.548,-968.014,-15.533999999999992,0.2059999999999999,0.2119999999999999
all_to_all_graph5_n32_d0p9,32,0.9,2,1000,-976.886,-959.4380000000002,-17.44799999999998,0.125,0.151,-983.824,-968.506,-15.317999999999984,0.135,0.166
all_to_all_graph5_n32_d0p9,32,0.9,3,1000,-986.022,-965.398,-20.624000000000024,0.196,0.2119999999999999,-994.05,-974.662,-19.38799999999992,0.2039999999999999,0.224
all_to_all_graph5_n32_d0p9,32,0.9,4,1000,-971.4860000000001,-964.036,-7.450000000000045,0.1189999999999999,0.1719999999999999,-982.98,-972.724,-10.255999999999972,0.137,0.1769999999999999
all_to_all_graph5_n32_d0p9,32,0.9,5,1000,-984.6400000000002,-964.008,-20.631999999999948,0.16,0.183,-991.348,-975.69,-15.657999999999902,0.171,0.193
all_to_all_graph5_n32_d0p9,32,0.9,6,1000,-969.62,-952.522,-17.097999999999956,0.14,0.127,-984.336,-967.2840000000001,-17.05200000000002,0.196,0.169
all_to_all_graph5_n32_d0p9,32,0.9,7,1000,-983.746,-962.1400000000002,-21.605999999999995,0.26,0.234,-995.528,-972.84,-22.687999999999988,0.314,0.271
all_to_all_graph5_n32_d0p9,32,0.9,8,1000,-976.828,-963.782,-13.045999999999935,0.161,0.202,-984.75,-973.696,-11.053999999999974,0.1729999999999999,0.2349999999999999
all_to_all_graph5_n32_d0p9,32,0.9,9,1000,-975.876,-957.562,-18.313999999999965,0.267,0.22,-989.456,-971.444,-18.012000000000057,0.2979999999999999,0.252
all_to_all_graph5_n32_d0p9,32,0.9,10,1000,-973.128,-954.618,-18.50999999999999,0.121,0.154,-987.692,-967.276,-20.416000000000054,0.259,0.218
all_to_all_graph6_n32_d0p9,32,0.9,1,1000,-1007.02,-988.5,-18.519999999999985,0.157,0.155,-1016.84,-1001.69,-15.149999999999975,0.166,0.163
all_to_all_graph6_n32_d0p9,32,0.9,2,1000,-994.92,-973.134,-21.785999999999945,0.1459999999999999,0.154,-1004.996,-983.806,-21.18999999999994,0.151,0.157
all_to_all_graph6_n32_d0p9,32,0.9,3,1000,-1006.868,-985.098,-21.770000000000092,0.17,0.194,-1029.178,-999.714,-29.464000000000052,0.322,0.2389999999999999
all_to_all_graph6_n32_d0p9,32,0.9,4,1000,-989.72,-982.74,-6.980000000000017,0.136,0.158,-1007.822,-996.604,-11.21799999999996,0.138,0.163
all_to_all_graph6_n32_d0p9,32,0.9,5,1000,-1011.932,-988.11,-23.822000000000003,0.189,0.152,-1020.522,-999.048,-21.474000000000046,0.2069999999999999,0.155
all_to_all_graph6_n32_d0p9,32,0.9,6,1000,-987.34,-980.482,-6.858000000000061,0.158,0.162,-1001.448,-994.04,-7.408000000000015,0.165,0.171
all_to_all_graph6_n32_d0p9,32,0.9,7,1000,-995.682,-982.464,-13.21799999999996,0.123,0.135,-1009.85,-994.99,-14.860000000000014,0.1489999999999999,0.162
all_to_all_graph6_n32_d0p9,32,0.9,8,1000,-1011.76,-995.956,-15.803999999999974,0.232,0.215,-1020.012,-1003.922,-16.089999999999918,0.233,0.225
all_to_all_graph6_n32_d0p9,32,0.9,9,1000,-1001.516,-977.512,-24.004000000000016,0.1189999999999999,0.0909999999999999,-1012.038,-991.0340000000001,-21.004000000000016,0.1769999999999999,0.1429999999999999
all_to_all_graph6_n32_d0p9,32,0.9,10,1000,-996.386,-979.17,-17.216000000000008,0.136,0.117,-1012.242,-992.658,-19.583999999999943,0.155,0.133
all_to_all_graph7_n32_d0p9,32,0.9,1,1000,-916.564,-908.222,-8.341999999999985,0.0359999999999999,0.05,-932.018,-921.35,-10.668000000000006,0.0539999999999999,0.0729999999999999
all_to_all_graph7_n32_d0p9,32,0.9,2,1000,-908.978,-901.424,-7.553999999999973,0.016,0.032,-928.192,-917.824,-10.368000000000052,0.023,0.0439999999999999
all_to_all_graph7_n32_d0p9,32,0.9,3,1000,-909.304,-896.846,-12.45799999999997,0.0219999999999999,0.02,-919.378,-911.888,-7.49000000000001,0.028,0.0359999999999999
all_to_all_graph7_n32_d0p9,32,0.9,4,1000,-910.488,-902.974,-7.51400000000001,0.02,0.042,-925.1160000000002,-915.948,-9.168000000000006,0.033,0.063
all_to_all_graph7_n32_d0p9,32,0.9,5,1000,-910.194,-902.142,-8.051999999999907,0.008,0.025,-928.52,-918.8,-9.720000000000029,0.024,0.0379999999999999
all_to_all_graph7_n32_d0p9,32,0.9,6,1000,-912.786,-902.6640000000002,-10.121999999999955,0.019,0.0369999999999999,-929.574,-917.628,-11.945999999999913,0.0219999999999999,0.041
all_to_all_graph7_n32_d0p9,32,0.9,7,1000,-906.208,-898.8239999999998,-7.3840000000000146,0.016,0.039,-929.412,-921.134,-8.27800000000002,0.028,0.0529999999999999
all_to_all_graph7_n32_d0p9,32,0.9,8,1000,-922.18,-909.302,-12.877999999999927,0.0509999999999999,0.066,-940.384,-924.74,-15.644000000000004,0.0719999999999999,0.084
all_to_all_graph7_n32_d0p9,32,0.9,9,1000,-905.7120000000002,-897.952,-7.759999999999992,0.033,0.0369999999999999,-927.03,-914.868,-12.16199999999992,0.039,0.048
all_to_all_graph7_n32_d0p9,32,0.9,10,1000,-909.972,-895.9299999999998,-14.04200000000003,0.008,0.02,-927.096,-913.478,-13.618000000000052,0.0539999999999999,0.0539999999999999
all_to_all_graph8_n32_d0p9,32,0.9,1,1000,-1012.566,-989.638,-22.928,0.0749999999999999,0.049,-1031.502,-1001.016,-30.48599999999999,0.0769999999999999,0.0509999999999999
all_to_all_graph8_n32_d0p9,32,0.9,2,1000,-1017.576,-997.424,-20.152000000000044,0.166,0.1029999999999999,-1034.652,-1010.832,-23.82000000000005,0.185,0.116
all_to_all_graph8_n32_d0p9,32,0.9,3,1000,-1000.906,-989.052,-11.853999999999928,0.063,0.0929999999999999,-1027.806,-1005.554,-22.252000000000063,0.0719999999999999,0.104
all_to_all_graph8_n32_d0p9,32,0.9,4,1000,-1010.068,-995.602,-14.466000000000008,0.261,0.171,-1031.442,-1011.24,-20.202,0.2849999999999999,0.186
all_to_all_graph8_n32_d0p9,32,0.9,5,1000,-997.204,-992.36,-4.843999999999936,0.108,0.0919999999999999,-1014.004,-1006.664,-7.340000000000032,0.124,0.1029999999999999
all_to_all_graph8_n32_d0p9,32,0.9,6,1000,-1020.206,-999.958,-20.248000000000047,0.273,0.186,-1028.072,-1009.446,-18.625999999999863,0.274,0.186
all_to_all_graph8_n32_d0p9,32,0.9,7,1000,-1031.172,-1013.004,-18.168000000000006,0.258,0.1469999999999999,-1040.714,-1020.886,-19.82799999999997,0.26,0.1489999999999999
all_to_all_graph8_n32_d0p9,32,0.9,8,1000,-1005.124,-989.586,-15.538000000000013,0.133,0.095,-1019.596,-1001.266,-18.33000000000004,0.1479999999999999,0.101
all_to_all_graph8_n32_d0p9,32,0.9,9,1000,-1007.8,-998.1,-9.699999999999934,0.215,0.1729999999999999,-1021.396,-1010.654,-10.741999999999962,0.228,0.1749999999999999
all_to_all_graph8_n32_d0p9,32,0.9,10,1000,-1004.104,-997.434,-6.670000000000073,0.1189999999999999,0.0869999999999999,-1017.682,-1010.178,-7.504000000000019,0.154,0.101
all_to_all_graph9_n32_d0p9,32,0.9,1,1000,-1010.202,-999.326,-10.875999999999976,0.1769999999999999,0.1189999999999999,-1017.662,-1007.578,-10.08400000000006,0.183,0.139
all_to_all_graph9_n32_d0p9,32,0.9,2,1000,-1002.408,-985.624,-16.783999999999992,0.161,0.111,-1015.612,-1002.054,-13.557999999999993,0.167,0.1419999999999999
all_to_all_graph9_n32_d0p9,32,0.9,3,1000,-1011.744,-999.108,-12.63600000000008,0.1729999999999999,0.1459999999999999,-1018.332,-1009.822,-8.509999999999993,0.1749999999999999,0.151
all_to_all_graph9_n32_d0p9,32,0.9,4,1000,-1013.216,-997.632,-15.58400000000006,0.194,0.159,-1024.808,-1008.728,-16.08000000000004,0.201,0.167
all_to_all_graph9_n32_d0p9,32,0.9,5,1000,-1013.748,-997.108,-16.6400000000001,0.082,0.0739999999999999,-1026.496,-1011.684,-14.812000000000126,0.0909999999999999,0.082
all_to_all_graph9_n32_d0p9,32,0.9,6,1000,-1011.284,-998.434,-12.850000000000025,0.123,0.12,-1021.096,-1010.21,-10.885999999999967,0.136,0.134
all_to_all_graph9_n32_d0p9,32,0.9,7,1000,-1006.638,-998.262,-8.37600000000009,0.131,0.132,-1017.632,-1010.776,-6.8559999999999945,0.135,0.1429999999999999
all_to_all_graph9_n32_d0p9,32,0.9,8,1000,-1003.86,-993.92,-9.940000000000055,0.082,0.125,-1015.09,-1004.81,-10.280000000000086,0.098,0.1419999999999999
all_to_all_graph9_n32_d0p9,32,0.9,9,1000,-1006.462,-991.29,-15.172000000000024,0.183,0.1499999999999999,-1015.264,-1002.894,-12.370000000000005,0.2109999999999999,0.166
all_to_all_graph9_n32_d0p9,32,0.9,10,1000,-1001.274,-995.376,-5.898000000000025,0.133,0.138,-1018.486,-1009.698,-8.788000000000011,0.1469999999999999,0.154
all_to_all_graph10_n32_d0p9,32,0.9,1,1000,-963.584,-951.402,-12.181999999999904,0.041,0.083,-983.384,-965.8660000000002,-17.51800000000003,0.0749999999999999,0.099
all_to_all_graph10_n32_d0p9,32,0.9,2,1000,-967.368,-938.72,-28.648000000000025,0.0539999999999999,0.0369999999999999,-979.2360000000001,-950.834,-28.402000000000044,0.062,0.0539999999999999
all_to_all_graph10_n32_d0p9,32,0.9,3,1000,-977.158,-956.18,-20.978000000000065,0.131,0.0609999999999999,-987.112,-969.496,-17.615999999999985,0.137,0.0729999999999999
all_to_all_graph10_n32_d0p9,32,0.9,4,1000,-970.756,-947.71,-23.045999999999932,0.2399999999999999,0.183,-982.99,-959.826,-23.163999999999987,0.2399999999999999,0.185
all_to_all_graph10_n32_d0p9,32,0.9,5,1000,-967.966,-942.812,-25.154,0.066,0.0759999999999999,-979.844,-956.896,-22.948000000000093,0.067,0.096
all_to_all_graph10_n32_d0p9,32,0.9,6,1000,-966.466,-945.816,-20.649999999999977,0.168,0.106,-978.506,-956.19,-22.31599999999992,0.189,0.112
all_to_all_graph10_n32_d0p9,32,0.9,7,1000,-960.604,-945.968,-14.63600000000008,0.0599999999999999,0.105,-977.77,-959.934,-17.836000000000013,0.0609999999999999,0.105
all_to_all_graph10_n32_d0p9,32,0.9,8,1000,-967.822,-946.766,-21.05600000000004,0.123,0.105,-983.846,-959.87,-23.976,0.14,0.111
all_to_all_graph10_n32_d0p9,32,0.9,9,1000,-969.442,-954.3560000000001,-15.086000000000013,0.123,0.082,-980.8080000000001,-966.07,-14.737999999999944,0.124,0.0859999999999999
all_to_all_graph10_n32_d0p9,32,0.9,10,1000,-961.848,-945.62,-16.227999999999952,0.1499999999999999,0.13,-986.318,-961.9620000000002,-24.355999999999995,0.246,0.154
all_to_all_graph11_n32_d0p9,32,0.9,1,1000,-889.77,-880.74,-9.029999999999971,0.019,0.04,-909.2360000000001,-896.696,-12.539999999999964,0.056,0.062
all_to_all_graph11_n32_d0p9,32,0.9,2,1000,-907.566,-890.538,-17.02800000000002,0.116,0.0759999999999999,-919.91,-902.6160000000002,-17.293999999999983,0.124,0.083
all_to_all_graph11_n32_d0p9,32,0.9,3,1000,-895.206,-886.2559999999999,-8.950000000000045,0.064,0.064,-908.9380000000002,-898.734,-10.203999999999953,0.08,0.083
all_to_all_graph11_n32_d0p9,32,0.9,4,1000,-896.2419999999998,-882.7899999999998,-13.451999999999998,0.112,0.0769999999999999,-908.978,-894.08,-14.897999999999913,0.121,0.0859999999999999
all_to_all_graph11_n32_d0p9,32,0.9,5,1000,-897.878,-880.368,-17.50999999999999,0.055,0.0439999999999999,-908.512,-892.902,-15.6099999999999,0.0599999999999999,0.0539999999999999
all_to_all_graph11_n32_d0p9,32,0.9,6,1000,-898.294,-888.2619999999998,-10.03200000000004,0.0429999999999999,0.0709999999999999,-914.426,-901.94,-12.48599999999999,0.113,0.111
all_to_all_graph11_n32_d0p9,32,0.9,7,1000,-894.8139999999999,-880.402,-14.41199999999992,0.0439999999999999,0.042,-907.668,-892.0599999999998,-15.60800000000006,0.0599999999999999,0.065
all_to_all_graph11_n32_d0p9,32,0.9,8,1000,-893.476,-886.248,-7.227999999999952,0.039,0.031,-906.754,-897.0779999999999,-9.676000000000045,0.069,0.062
all_to_all_graph11_n32_d0p9,32,0.9,9,1000,-895.288,-882.364,-12.923999999999978,0.065,0.062,-907.796,-895.84,-11.956000000000016,0.0929999999999999,0.084
all_to_all_graph11_n32_d0p9,32,0.9,10,1000,-896.83,-888.2899999999998,-8.540000000000077,0.0539999999999999,0.062,-911.964,-898.546,-13.418000000000006,0.0759999999999999,0.0709999999999999
all_to_all_graph12_n32_d0p9,32,0.9,1,1000,-1016.794,-1004.62,-12.173999999999978,0.0879999999999999,0.106,-1035.534,-1023.142,-12.392000000000053,0.228,0.2119999999999999
all_to_all_graph12_n32_d0p9,32,0.9,2,1000,-1040.376,-1018.846,-21.529999999999973,0.28,0.203,-1056.606,-1032.152,-24.45399999999995,0.3619999999999999,0.261
all_to_all_graph12_n32_d0p9,32,0.9,3,1000,-1007.822,-1000.55,-7.272000000000048,0.11,0.112,-1033.962,-1019.262,-14.700000000000044,0.2119999999999999,0.182
all_to_all_graph12_n32_d0p9,32,0.9,4,1000,-1026.32,-1006.582,-19.737999999999943,0.2399999999999999,0.17,-1052.304,-1022.916,-29.388000000000037,0.327,0.2039999999999999
all_to_all_graph12_n32_d0p9,32,0.9,5,1000,-1033.23,-1012.23,-21.0,0.063,0.0449999999999999,-1049.956,-1028.58,-21.375999999999976,0.2839999999999999,0.223
all_to_all_graph12_n32_d0p9,32,0.9,6,1000,-1018.262,-1006.942,-11.319999999999936,0.23,0.203,-1038.872,-1024.032,-14.840000000000146,0.2969999999999999,0.252
all_to_all_graph12_n32_d0p9,32,0.9,7,1000,-1034.772,-1010.882,-23.889999999999983,0.265,0.1719999999999999,-1049.292,-1024.71,-24.58199999999988,0.333,0.223
all_to_all_graph12_n32_d0p9,32,0.9,8,1000,-1035.046,-1011.486,-23.560000000000056,0.0889999999999999,0.062,-1062.148,-1032.252,-29.89599999999996,0.4099999999999999,0.275
all_to_all_graph12_n32_d0p9,32,0.9,9,1000,-1030.032,-1009.966,-20.06599999999992,0.2359999999999999,0.201,-1044.476,-1027.544,-16.932000000000016,0.2979999999999999,0.2419999999999999
all_to_all_graph12_n32_d0p9,32,0.9,10,1000,-1022.506,-1005.028,-17.477999999999952,0.098,0.0869999999999999,-1044.352,-1024.988,-19.364000000000036,0.3049999999999999,0.246
all_to_all_graph13_n32_d0p9,32,0.9,1,1000,-933.492,-929.33,-4.161999999999921,0.219,0.167,-947.458,-940.99,-6.467999999999961,0.224,0.1739999999999999
all_to_all_graph13_n32_d0p9,32,0.9,2,1000,-940.592,-932.8,-7.79200000000003,0.1769999999999999,0.078,-949.056,-942.906,-6.15000000000009,0.2359999999999999,0.1179999999999999
all_to_all_graph13_n32_d0p9,32,0.9,3,1000,-931.514,-931.818,0.3039999999999736,0.1189999999999999,0.078,-942.996,-941.482,-1.51400000000001,0.1439999999999999,0.113
all_to_all_graph13_n32_d0p9,32,0.9,4,1000,-937.324,-931.854,-5.469999999999914,0.1409999999999999,0.158,-951.888,-942.344,-9.543999999999983,0.189,0.1759999999999999
all_to_all_graph13_n32_d0p9,32,0.9,5,1000,-932.36,-929.394,-2.966000000000008,0.157,0.132,-948.884,-941.598,-7.286000000000057,0.186,0.1439999999999999
all_to_all_graph13_n32_d0p9,32,0.9,6,1000,-929.362,-929.128,-0.2339999999999236,0.0599999999999999,0.0439999999999999,-944.922,-941.682,-3.2400000000000087,0.094,0.1
all_to_all_graph13_n32_d0p9,32,0.9,7,1000,-940.3560000000001,-933.28,-7.076000000000022,0.154,0.0869999999999999,-949.6060000000001,-941.844,-7.761999999999943,0.189,0.12
all_to_all_graph13_n32_d0p9,32,0.9,8,1000,-932.572,-927.822,-4.75,0.1479999999999999,0.1029999999999999,-943.728,-936.614,-7.113999999999919,0.197,0.128
all_to_all_graph13_n32_d0p9,32,0.9,9,1000,-942.612,-930.768,-11.843999999999935,0.248,0.138,-951.562,-941.706,-9.855999999999993,0.253,0.1419999999999999
all_to_all_graph13_n32_d0p9,32,0.9,10,1000,-928.4620000000002,-933.5340000000001,5.072000000000003,0.129,0.129,-947.072,-945.5580000000001,-1.51400000000001,0.162,0.157
all_to_all_graph14_n32_d0p9,32,0.9,1,1000,-1068.71,-1055.454,-13.256000000000084,0.3569999999999999,0.2859999999999999,-1082.594,-1071.896,-10.698000000000093,0.4209999999999999,0.3529999999999999
all_to_all_graph14_n32_d0p9,32,0.9,2,1000,-1086.72,-1060.864,-25.855999999999995,0.396,0.2889999999999999,-1097.414,-1074.856,-22.557999999999996,0.4899999999999999,0.379
all_to_all_graph14_n32_d0p9,32,0.9,3,1000,-1071.898,-1059.85,-12.048000000000002,0.34,0.2819999999999999,-1089.114,-1072.372,-16.741999999999962,0.4139999999999999,0.34
all_to_all_graph14_n32_d0p9,32,0.9,4,1000,-1079.368,-1061.83,-17.53800000000001,0.2949999999999999,0.2879999999999999,-1101.038,-1082.03,-19.00800000000004,0.543,0.45
all_to_all_graph14_n32_d0p9,32,0.9,5,1000,-1062.832,-1049.876,-12.956000000000133,0.214,0.273,-1086.266,-1068.728,-17.53800000000001,0.441,0.37
all_to_all_graph14_n32_d0p9,32,0.9,6,1000,-1080.212,-1059.2,-21.011999999999944,0.392,0.326,-1093.138,-1073.532,-19.605999999999995,0.465,0.395
all_to_all_graph14_n32_d0p9,32,0.9,7,1000,-1081.654,-1056.514,-25.1400000000001,0.4129999999999999,0.321,-1096.132,-1069.554,-26.57799999999997,0.495,0.378
all_to_all_graph14_n32_d0p9,32,0.9,8,1000,-1077.786,-1067.118,-10.66800000000012,0.4129999999999999,0.383,-1092.16,-1081.536,-10.624000000000024,0.4749999999999999,0.432
all_to_all_graph14_n32_d0p9,32,0.9,9,1000,-1087.884,-1056.488,-31.39599999999996,0.464,0.27,-1093.24,-1068.002,-25.238000000000056,0.4839999999999999,0.32
all_to_all_graph14_n32_d0p9,32,0.9,10,1000,-1085.556,-1068.552,-17.004000000000133,0.162,0.2419999999999999,-1099.102,-1079.978,-19.124000000000024,0.528,0.432
all_to_all_graph15_n32_d0p9,32,0.9,1,1000,-911.874,-907.896,-3.9780000000000655,0.063,0.0599999999999999,-927.42,-924.182,-3.2379999999999427,0.0709999999999999,0.0719999999999999
all_to_all_graph15_n32_d0p9,32,0.9,2,1000,-919.322,-911.624,-7.697999999999979,0.028,0.047,-935.7840000000001,-926.874,-8.909999999999968,0.0709999999999999,0.079
all_to_all_graph15_n32_d0p9,32,0.9,3,1000,-919.948,-914.798,-5.149999999999976,0.0529999999999999,0.048,-933.392,-929.62,-3.772000000000048,0.058,0.0509999999999999
all_to_all_graph15_n32_d0p9,32,0.9,4,1000,-913.726,-909.316,-4.409999999999968,0.0299999999999999,0.04,-930.73,-924.8560000000001,-5.874000000000024,0.0509999999999999,0.055
all_to_all_graph15_n32_d0p9,32,0.9,5,1000,-911.0580000000001,-907.96,-3.0979999999999563,0.042,0.0379999999999999,-925.87,-925.048,-0.8220000000000027,0.047,0.062
all_to_all_graph15_n32_d0p9,32,0.9,6,1000,-916.458,-910.88,-5.577999999999975,0.0429999999999999,0.041,-926.768,-920.72,-6.048000000000002,0.048,0.0459999999999999
all_to_all_graph15_n32_d0p9,32,0.9,7,1000,-918.096,-913.376,-4.720000000000027,0.065,0.078,-939.298,-929.584,-9.714000000000055,0.08,0.0899999999999999
all_to_all_graph15_n32_d0p9,32,0.9,8,1000,-917.48,-909.86,-7.620000000000003,0.032,0.029,-932.77,-923.234,-9.535999999999945,0.042,0.04
all_to_all_graph15_n32_d0p9,32,0.9,9,1000,-908.238,-905.926,-2.312000000000012,0.034,0.039,-929.9860000000001,-922.812,-7.173999999999977,0.0429999999999999,0.0519999999999999
all_to_all_graph15_n32_d0p9,32,0.9,10,1000,-923.772,-916.626,-7.146000000000072,0.0609999999999999,0.066,-932.992,-928.642,-4.349999999999909,0.0709999999999999,0.067
all_to_all_graph16_n32_d0p9,32,0.9,1,1000,-1045.126,-1033.208,-11.917999999999893,0.245,0.198,-1058.206,-1046.63,-11.575999999999794,0.278,0.223
all_to_all_graph16_n32_d0p9,32,0.9,2,1000,-1047.698,-1023.392,-24.30600000000004,0.222,0.152,-1057.75,-1037.196,-20.554000000000087,0.2819999999999999,0.198
all_to_all_graph16_n32_d0p9,32,0.9,3,1000,-1054.05,-1031.912,-22.13799999999992,0.2099999999999999,0.16,-1066.284,-1045.1,-21.1840000000002,0.2349999999999999,0.183
all_to_all_graph16_n32_d0p9,32,0.9,4,1000,-1047.248,-1026.038,-21.21000000000004,0.197,0.163,-1061.61,-1040.642,-20.967999999999847,0.271,0.195
all_to_all_graph16_n32_d0p9,32,0.9,5,1000,-1044.984,-1036.518,-8.465999999999894,0.257,0.247,-1060.242,-1049.716,-10.526000000000067,0.332,0.279
all_to_all_graph16_n32_d0p9,32,0.9,6,1000,-1045.578,-1013.148,-32.42999999999995,0.232,0.1469999999999999,-1058.546,-1031.144,-27.402000000000044,0.257,0.166
all_to_all_graph16_n32_d0p9,32,0.9,7,1000,-1040.828,-1026.446,-14.382000000000062,0.27,0.226,-1056.958,-1042.032,-14.926000000000158,0.318,0.259
all_to_all_graph16_n32_d0p9,32,0.9,8,1000,-1035.95,-1021.572,-14.378000000000045,0.195,0.136,-1054.196,-1038.842,-15.353999999999814,0.229,0.1449999999999999
all_to_all_graph16_n32_d0p9,32,0.9,9,1000,-1045.38,-1029.19,-16.190000000000055,0.233,0.165,-1059.212,-1040.97,-18.24199999999996,0.264,0.17
all_to_all_graph16_n32_d0p9,32,0.9,10,1000,-1040.294,-1023.524,-16.770000000000095,0.2099999999999999,0.13,-1055.294,-1035.95,-19.344000000000047,0.2919999999999999,0.168
all_to_all_graph17_n32_d0p9,32,0.9,1,1000,-911.888,-898.236,-13.652000000000044,0.0919999999999999,0.08,-922.82,-908.322,-14.498000000000047,0.101,0.085
all_to_all_graph17_n32_d0p9,32,0.9,2,1000,-915.454,-903.824,-11.629999999999995,0.14,0.081,-927.612,-913.906,-13.706000000000016,0.1409999999999999,0.0889999999999999
all_to_all_graph17_n32_d0p9,32,0.9,3,1000,-905.392,-895.3279999999999,-10.064000000000078,0.0759999999999999,0.0709999999999999,-924.1,-907.564,-16.536000000000058,0.079,0.0749999999999999
all_to_all_graph17_n32_d0p9,32,0.9,4,1000,-916.08,-907.36,-8.720000000000027,0.13,0.0769999999999999,-927.186,-918.828,-8.358000000000063,0.138,0.0769999999999999
all_to_all_graph17_n32_d0p9,32,0.9,5,1000,-910.79,-893.9919999999998,-16.798000000000002,0.1189999999999999,0.0719999999999999,-921.362,-903.176,-18.18599999999992,0.1189999999999999,0.0729999999999999
all_to_all_graph17_n32_d0p9,32,0.9,6,1000,-917.288,-909.806,-7.481999999999971,0.0899999999999999,0.0739999999999999,-928.416,-917.68,-10.736000000000104,0.109,0.079
all_to_all_graph17_n32_d0p9,32,0.9,7,1000,-911.1,-893.75,-17.350000000000023,0.098,0.0589999999999999,-924.302,-904.902,-19.399999999999977,0.105,0.0599999999999999
all_to_all_graph17_n32_d0p9,32,0.9,8,1000,-908.014,-896.62,-11.394000000000004,0.07,0.0529999999999999,-921.418,-908.98,-12.437999999999988,0.084,0.062
all_to_all_graph17_n32_d0p9,32,0.9,9,1000,-903.542,-897.74,-5.802000000000021,0.094,0.084,-922.348,-913.73,-8.617999999999938,0.104,0.0879999999999999
all_to_all_graph17_n32_d0p9,32,0.9,10,1000,-908.464,-899.7899999999998,-8.674000000000094,0.097,0.078,-927.572,-913.624,-13.94799999999998,0.1179999999999999,0.083
all_to_all_graph18_n32_d0p9,32,0.9,1,1000,-938.026,-926.136,-11.889999999999986,0.014,0.021,-952.048,-937.434,-14.614000000000033,0.082,0.096
all_to_all_graph18_n32_d0p9,32,0.9,2,1000,-941.924,-923.756,-18.168000000000006,0.067,0.033,-954.904,-936.862,-18.04200000000003,0.215,0.152
all_to_all_graph18_n32_d0p9,32,0.9,3,1000,-944.06,-923.556,-20.503999999999905,0.0299999999999999,0.067,-960.926,-939.642,-21.283999999999992,0.168,0.129
all_to_all_graph18_n32_d0p9,32,0.9,4,1000,-943.816,-927.982,-15.83400000000006,0.1419999999999999,0.0869999999999999,-957.422,-937.556,-19.865999999999985,0.2399999999999999,0.166
all_to_all_graph18_n32_d0p9,32,0.9,5,1000,-933.046,-920.226,-12.82000000000005,0.0539999999999999,0.101,-950.0340000000001,-935.6880000000002,-14.346000000000004,0.137,0.1409999999999999
all_to_all_graph18_n32_d0p9,32,0.9,6,1000,-939.176,-923.818,-15.35800000000006,0.0129999999999999,0.025,-955.158,-936.806,-18.351999999999972,0.0599999999999999,0.085
all_to_all_graph18_n32_d0p9,32,0.9,7,1000,-943.57,-924.114,-19.456000000000017,0.017,0.024,-960.25,-940.302,-19.947999999999976,0.1439999999999999,0.114
all_to_all_graph18_n32_d0p9,32,0.9,8,1000,-938.566,-922.63,-15.936000000000035,0.0109999999999999,0.021,-955.622,-939.192,-16.42999999999995,0.0719999999999999,0.067
all_to_all_graph18_n32_d0p9,32,0.9,9,1000,-935.002,-920.95,-14.051999999999907,0.112,0.097,-956.3320000000001,-938.084,-18.248000000000047,0.169,0.116
all_to_all_graph18_n32_d0p9,32,0.9,10,1000,-943.1160000000002,-926.59,-16.525999999999954,0.039,0.034,-951.078,-938.944,-12.134000000000016,0.0449999999999999,0.058
all_to_all_graph19_n32_d0p9,32,0.9,1,1000,-978.09,-958.654,-19.436000000000035,0.1189999999999999,0.1429999999999999,-989.216,-972.638,-16.577999999999975,0.1779999999999999,0.164
all_to_all_graph19_n32_d0p9,32,0.9,2,1000,-973.6880000000002,-955.156,-18.53200000000004,0.062,0.0929999999999999,-988.958,-970.8560000000001,-18.101999999999972,0.0899999999999999,0.129
all_to_all_graph19_n32_d0p9,32,0.9,3,1000,-990.376,-969.788,-20.587999999999965,0.1809999999999999,0.185,-999.908,-979.182,-20.726,0.192,0.192
all_to_all_graph19_n32_d0p9,32,0.9,4,1000,-977.926,-965.96,-11.966000000000008,0.157,0.154,-1000.214,-986.8320000000001,-13.382000000000062,0.224,0.217
all_to_all_graph19_n32_d0p9,32,0.9,5,1000,-981.708,-955.814,-25.894000000000005,0.1189999999999999,0.0749999999999999,-991.222,-967.168,-24.053999999999974,0.151,0.111
all_to_all_graph19_n32_d0p9,32,0.9,6,1000,-980.6640000000002,-955.58,-25.083999999999943,0.0929999999999999,0.062,-996.392,-969.214,-27.178,0.187,0.135
all_to_all_graph19_n32_d0p9,32,0.9,7,1000,-986.222,-962.732,-23.49000000000001,0.1499999999999999,0.17,-1001.704,-976.226,-25.477999999999952,0.192,0.192
all_to_all_graph19_n32_d0p9,32,0.9,8,1000,-980.602,-956.018,-24.583999999999943,0.126,0.096,-991.532,-971.0,-20.53200000000004,0.182,0.1489999999999999
all_to_all_graph19_n32_d0p9,32,0.9,9,1000,-973.658,-955.09,-18.567999999999984,0.125,0.1019999999999999,-982.192,-967.176,-15.015999999999964,0.14,0.12
all_to_all_graph19_n32_d0p9,32,0.9,10,1000,-983.244,-968.5,-14.744000000000028,0.134,0.123,-990.254,-976.912,-13.341999999999985,0.138,0.128
all_to_all_graph0_n48_d0p1,48,0.1,1,1000,-512.872,-506.234,-6.637999999999977,0.114,0.085,-521.94,-516.86,-5.080000000000041,0.129,0.106
all_to_all_graph0_n48_d0p1,48,0.1,2,1000,-507.506,-497.752,-9.753999999999962,0.069,0.042,-515.826,-506.012,-9.81400000000002,0.084,0.047
all_to_all_graph0_n48_d0p1,48,0.1,3,1000,-505.258,-497.952,-7.305999999999982,0.062,0.056,-513.564,-505.61,-7.953999999999952,0.0759999999999999,0.0709999999999999
all_to_all_graph0_n48_d0p1,48,0.1,4,1000,-505.548,-497.37,-8.177999999999997,0.0509999999999999,0.0429999999999999,-517.474,-509.704,-7.770000000000039,0.107,0.08
all_to_all_graph0_n48_d0p1,48,0.1,5,1000,-506.608,-501.606,-5.0020000000000095,0.047,0.0529999999999999,-515.498,-509.472,-6.026000000000067,0.0869999999999999,0.08
all_to_all_graph0_n48_d0p1,48,0.1,6,1000,-508.346,-500.424,-7.9220000000000255,0.04,0.049,-516.078,-508.252,-7.825999999999965,0.067,0.0599999999999999
all_to_all_graph0_n48_d0p1,48,0.1,7,1000,-513.07,-503.226,-9.844000000000051,0.0749999999999999,0.066,-520.24,-509.932,-10.307999999999993,0.099,0.0909999999999999
all_to_all_graph0_n48_d0p1,48,0.1,8,1000,-508.872,-497.81,-11.062000000000012,0.064,0.041,-518.788,-510.784,-8.004000000000019,0.0929999999999999,0.056
all_to_all_graph0_n48_d0p1,48,0.1,9,1000,-505.528,-500.234,-5.29400000000004,0.029,0.041,-516.492,-511.688,-4.803999999999974,0.098,0.081
all_to_all_graph0_n48_d0p1,48,0.1,10,1000,-504.352,-494.878,-9.473999999999988,0.062,0.05,-513.65,-505.35,-8.299999999999953,0.069,0.067
all_to_all_graph1_n48_d0p1,48,0.1,1,1000,-544.638,-540.85,-3.7880000000000105,0.021,0.01,-559.034,-556.206,-2.8279999999999745,0.048,0.029
all_to_all_graph1_n48_d0p1,48,0.1,2,1000,-550.126,-543.646,-6.480000000000017,0.028,0.028,-560.722,-554.846,-5.875999999999976,0.0359999999999999,0.032
all_to_all_graph1_n48_d0p1,48,0.1,3,1000,-545.086,-534.382,-10.704000000000065,0.031,0.02,-559.794,-551.44,-8.353999999999928,0.041,0.028
all_to_all_graph1_n48_d0p1,48,0.1,4,1000,-552.016,-545.598,-6.418000000000006,0.025,0.029,-562.84,-555.108,-7.732000000000083,0.0359999999999999,0.0359999999999999
all_to_all_graph1_n48_d0p1,48,0.1,5,1000,-550.122,-540.984,-9.13799999999992,0.023,0.016,-561.706,-550.242,-11.464000000000055,0.0359999999999999,0.0179999999999999
all_to_all_graph1_n48_d0p1,48,0.1,6,1000,-542.362,-536.092,-6.269999999999982,0.02,0.008,-556.81,-550.612,-6.197999999999979,0.025,0.0149999999999999
all_to_all_graph1_n48_d0p1,48,0.1,7,1000,-548.95,-543.562,-5.388000000000034,0.0129999999999999,0.0179999999999999,-560.77,-553.914,-6.8559999999999945,0.028,0.025
all_to_all_graph1_n48_d0p1,48,0.1,8,1000,-546.96,-542.572,-4.388000000000034,0.0219999999999999,0.023,-557.92,-553.24,-4.67999999999995,0.033,0.032
all_to_all_graph1_n48_d0p1,48,0.1,9,1000,-547.408,-544.378,-3.0299999999999727,0.023,0.023,-556.966,-553.006,-3.960000000000037,0.0259999999999999,0.024
all_to_all_graph1_n48_d0p1,48,0.1,10,1000,-553.018,-546.888,-6.129999999999996,0.04,0.025,-561.706,-555.504,-6.201999999999998,0.0429999999999999,0.029
all_to_all_graph2_n48_d0p1,48,0.1,1,1000,-525.516,-520.434,-5.081999999999994,0.014,0.017,-532.69,-528.862,-3.828000000000088,0.0179999999999999,0.021
all_to_all_graph2_n48_d0p1,48,0.1,2,1000,-526.302,-520.22,-6.081999999999994,0.0179999999999999,0.0109999999999999,-532.744,-527.02,-5.724000000000046,0.0219999999999999,0.0149999999999999
all_to_all_graph2_n48_d0p1,48,0.1,3,1000,-527.478,-523.528,-3.949999999999932,0.017,0.0109999999999999,-532.438,-528.45,-3.987999999999943,0.019,0.017
all_to_all_graph2_n48_d0p1,48,0.1,4,1000,-525.498,-519.094,-6.403999999999996,0.017,0.01,-532.738,-525.316,-7.4220000000000255,0.017,0.01
all_to_all_graph2_n48_d0p1,48,0.1,5,1000,-525.476,-519.792,-5.683999999999969,0.016,0.014,-531.546,-526.222,-5.324000000000069,0.017,0.017
all_to_all_graph2_n48_d0p1,48,0.1,6,1000,-528.314,-522.344,-5.969999999999914,0.0129999999999999,0.0129999999999999,-534.53,-529.994,-4.5359999999999445,0.021,0.016
all_to_all_graph2_n48_d0p1,48,0.1,7,1000,-528.676,-522.16,-6.516000000000076,0.014,0.017,-535.044,-528.56,-6.484000000000036,0.017,0.017
all_to_all_graph2_n48_d0p1,48,0.1,8,1000,-528.602,-519.546,-9.055999999999926,0.019,0.007,-534.502,-526.544,-7.95799999999997,0.02,0.008
all_to_all_graph2_n48_d0p1,48,0.1,9,1000,-527.838,-521.674,-6.163999999999987,0.0179999999999999,0.0179999999999999,-534.118,-528.684,-5.434000000000083,0.0179999999999999,0.0179999999999999
all_to_all_graph2_n48_d0p1,48,0.1,10,1000,-523.31,-516.174,-7.135999999999967,0.0149999999999999,0.017,-529.454,-522.77,-6.683999999999969,0.0179999999999999,0.019
all_to_all_graph3_n48_d0p1,48,0.1,1,1000,-549.882,-544.206,-5.67599999999993,0.0179999999999999,0.02,-557.182,-551.982,-5.2000000000000455,0.021,0.021
all_to_all_graph3_n48_d0p1,48,0.1,2,1000,-548.266,-546.19,-2.075999999999908,0.012,0.014,-555.96,-554.198,-1.7620000000000573,0.0149999999999999,0.017
all_to_all_graph3_n48_d0p1,48,0.1,3,1000,-548.236,-540.994,-7.241999999999962,0.0219999999999999,0.0129999999999999,-559.19,-554.08,-5.110000000000014,0.029,0.019
all_to_all_graph3_n48_d0p1,48,0.1,4,1000,-549.028,-542.72,-6.307999999999993,0.003,0.002,-559.564,-553.442,-6.121999999999956,0.0179999999999999,0.01
all_to_all_graph3_n48_d0p1,48,0.1,5,1000,-549.59,-546.396,-3.1940000000000737,0.0179999999999999,0.014,-558.586,-554.874,-3.7119999999999886,0.0179999999999999,0.0179999999999999
all_to_all_graph3_n48_d0p1,48,0.1,6,1000,-544.868,-541.692,-3.176000000000045,0.02,0.02,-557.892,-552.73,-5.162000000000035,0.029,0.024
all_to_all_graph3_n48_d0p1,48,0.1,7,1000,-549.872,-545.33,-4.541999999999916,0.024,0.0179999999999999,-558.114,-553.83,-4.283999999999992,0.027,0.019
all_to_all_graph3_n48_d0p1,48,0.1,8,1000,-547.372,-545.286,-2.0860000000000127,0.035,0.027,-555.96,-553.606,-2.3540000000000414,0.0369999999999999,0.0299999999999999
all_to_all_graph3_n48_d0p1,48,0.1,9,1000,-547.46,-544.628,-2.8319999999999936,0.006,0.007,-556.384,-552.96,-3.4239999999999786,0.0219999999999999,0.01
all_to_all_graph3_n48_d0p1,48,0.1,10,1000,-551.958,-549.64,-2.317999999999984,0.021,0.0179999999999999,-558.69,-555.92,-2.7700000000000955,0.0259999999999999,0.023
all_to_all_graph4_n48_d0p1,48,0.1,1,1000,-508.93,-502.548,-6.382000000000005,0.01,0.002,-516.46,-510.726,-5.734000000000036,0.014,0.002
all_to_all_graph4_n48_d0p1,48,0.1,2,1000,-510.266,-506.276,-3.9900000000000087,0.017,0.008,-515.82,-512.13,-3.690000000000055,0.017,0.008
all_to_all_graph4_n48_d0p1,48,0.1,3,1000,-510.97,-507.23,-3.7400000000000087,0.0109999999999999,0.006,-515.392,-511.114,-4.278000000000077,0.017,0.007
all_to_all_graph4_n48_d0p1,48,0.1,4,1000,-511.204,-505.788,-5.415999999999997,0.005,0.0109999999999999,-514.704,-510.204,-4.499999999999943,0.006,0.0129999999999999
all_to_all_graph4_n48_d0p1,48,0.1,5,1000,-509.318,-502.268,-7.050000000000011,0.004,0.004,-516.862,-510.242,-6.619999999999948,0.008,0.007
all_to_all_graph4_n48_d0p1,48,0.1,6,1000,-513.52,-506.336,-7.183999999999969,0.0109999999999999,0.003,-516.328,-509.052,-7.275999999999954,0.0149999999999999,0.007
all_to_all_graph4_n48_d0p1,48,0.1,7,1000,-513.342,-506.936,-6.406000000000006,0.0149999999999999,0.012,-517.998,-512.55,-5.448000000000093,0.016,0.012
all_to_all_graph4_n48_d0p1,48,0.1,8,1000,-509.05,-504.552,-4.497999999999991,0.007,0.014,-515.36,-510.138,-5.222000000000037,0.0109999999999999,0.016
all_to_all_graph4_n48_d0p1,48,0.1,9,1000,-512.506,-506.594,-5.911999999999978,0.0109999999999999,0.005,-517.426,-512.204,-5.222000000000094,0.0149999999999999,0.007
all_to_all_graph4_n48_d0p1,48,0.1,10,1000,-506.802,-502.53,-4.272000000000048,0.003,0.001,-513.444,-508.7,-4.743999999999971,0.007,0.004
all_to_all_graph5_n48_d0p1,48,0.1,1,1000,-505.586,-497.21,-8.376000000000033,0.082,0.064,-514.188,-504.456,-9.731999999999971,0.162,0.122
all_to_all_graph5_n48_d0p1,48,0.1,2,1000,-502.358,-496.876,-5.482000000000028,0.0449999999999999,0.035,-512.762,-506.978,-5.783999999999935,0.128,0.109
all_to_all_graph5_n48_d0p1,48,0.1,3,1000,-505.586,-502.712,-2.874000000000024,0.067,0.078,-513.902,-510.932,-2.9700000000000277,0.165,0.171
all_to_all_graph5_n48_d0p1,48,0.1,4,1000,-506.078,-499.88,-6.197999999999979,0.047,0.041,-516.106,-508.508,-7.598000000000013,0.168,0.132
all_to_all_graph5_n48_d0p1,48,0.1,5,1000,-505.244,-499.014,-6.230000000000017,0.099,0.1,-517.028,-510.832,-6.1960000000000255,0.1789999999999999,0.165
all_to_all_graph5_n48_d0p1,48,0.1,6,1000,-498.292,-491.8,-6.491999999999962,0.0359999999999999,0.035,-513.366,-506.046,-7.319999999999993,0.1459999999999999,0.124
all_to_all_graph5_n48_d0p1,48,0.1,7,1000,-505.112,-499.384,-5.728000000000009,0.069,0.0519999999999999,-516.102,-510.206,-5.895999999999958,0.171,0.1419999999999999
all_to_all_graph5_n48_d0p1,48,0.1,8,1000,-502.664,-495.762,-6.901999999999987,0.063,0.057,-513.356,-506.824,-6.531999999999982,0.156,0.117
all_to_all_graph5_n48_d0p1,48,0.1,9,1000,-502.544,-498.778,-3.7659999999999623,0.066,0.057,-515.104,-511.494,-3.6100000000000136,0.1439999999999999,0.121
all_to_all_graph5_n48_d0p1,48,0.1,10,1000,-501.524,-496.664,-4.860000000000014,0.094,0.0729999999999999,-511.858,-505.24,-6.617999999999995,0.1419999999999999,0.1189999999999999
all_to_all_graph6_n48_d0p1,48,0.1,1,1000,-557.664,-549.434,-8.230000000000018,0.069,0.0429999999999999,-565.466,-559.08,-6.385999999999967,0.08,0.063
all_to_all_graph6_n48_d0p1,48,0.1,2,1000,-556.236,-548.996,-7.24000000000001,0.031,0.035,-565.46,-560.042,-5.418000000000006,0.039,0.047
all_to_all_graph6_n48_d0p1,48,0.1,3,1000,-556.634,-549.478,-7.156000000000064,0.0369999999999999,0.039,-565.532,-557.896,-7.636000000000082,0.048,0.05
all_to_all_graph6_n48_d0p1,48,0.1,4,1000,-557.35,-552.302,-5.048000000000002,0.04,0.034,-569.484,-563.43,-6.054000000000087,0.063,0.055
all_to_all_graph6_n48_d0p1,48,0.1,5,1000,-555.118,-549.226,-5.892000000000053,0.056,0.041,-567.12,-562.032,-5.0879999999999646,0.08,0.058
all_to_all_graph6_n48_d0p1,48,0.1,6,1000,-553.714,-545.462,-8.252000000000066,0.0299999999999999,0.029,-562.722,-555.856,-6.8659999999999854,0.0459999999999999,0.0369999999999999
all_to_all_graph6_n48_d0p1,48,0.1,7,1000,-551.564,-545.678,-5.885999999999967,0.0219999999999999,0.0299999999999999,-567.212,-561.06,-6.152000000000044,0.0509999999999999,0.0529999999999999
all_to_all_graph6_n48_d0p1,48,0.1,8,1000,-553.38,-549.476,-3.903999999999997,0.0439999999999999,0.0439999999999999,-562.902,-560.078,-2.8240000000000687,0.067,0.056
all_to_all_graph6_n48_d0p1,48,0.1,9,1000,-556.578,-546.75,-9.827999999999975,0.033,0.0299999999999999,-565.726,-556.02,-9.706000000000016,0.048,0.04
all_to_all_graph6_n48_d0p1,48,0.1,10,1000,-549.082,-542.22,-6.861999999999966,0.0219999999999999,0.029,-560.642,-553.048,-7.594000000000051,0.0369999999999999,0.0359999999999999
all_to_all_graph7_n48_d0p1,48,0.1,1,1000,-561.838,-550.03,-11.807999999999993,0.0089999999999999,0.014,-573.372,-561.192,-12.17999999999995,0.0359999999999999,0.028
all_to_all_graph7_n48_d0p1,48,0.1,2,1000,-561.832,-551.794,-10.038000000000013,0.017,0.0109999999999999,-572.31,-562.32,-9.989999999999895,0.031,0.0299999999999999
all_to_all_graph7_n48_d0p1,48,0.1,3,1000,-562.206,-551.924,-10.28200000000004,0.027,0.033,-570.396,-561.426,-8.969999999999914,0.032,0.0369999999999999
all_to_all_graph7_n48_d0p1,48,0.1,4,1000,-561.374,-550.66,-10.714000000000055,0.014,0.023,-570.242,-559.684,-10.557999999999993,0.025,0.031
all_to_all_graph7_n48_d0p1,48,0.1,5,1000,-554.386,-547.324,-7.062000000000012,0.0149999999999999,0.02,-562.694,-555.9,-6.793999999999984,0.0149999999999999,0.023
all_to_all_graph7_n48_d0p1,48,0.1,6,1000,-557.988,-550.532,-7.456000000000017,0.0179999999999999,0.017,-571.452,-562.008,-9.44399999999996,0.039,0.028
all_to_all_graph7_n48_d0p1,48,0.1,7,1000,-561.448,-552.43,-9.018000000000029,0.0219999999999999,0.0179999999999999,-570.792,-560.816,-9.976,0.042,0.032
all_to_all_graph7_n48_d0p1,48,0.1,8,1000,-567.5,-556.748,-10.751999999999953,0.0129999999999999,0.0129999999999999,-572.344,-562.736,-9.608000000000063,0.0179999999999999,0.02
all_to_all_graph7_n48_d0p1,48,0.1,9,1000,-559.744,-547.73,-12.01400000000001,0.0369999999999999,0.033,-567.734,-556.432,-11.30200000000002,0.0429999999999999,0.0379999999999999
all_to_all_graph7_n48_d0p1,48,0.1,10,1000,-559.342,-550.09,-9.251999999999953,0.023,0.0129999999999999,-568.566,-557.912,-10.653999999999996,0.033,0.016
all_to_all_graph8_n48_d0p1,48,0.1,1,1000,-537.512,-534.46,-3.0519999999999072,0.002,0.0,-548.83,-547.41,-1.4200000000000728,0.0369999999999999,0.0359999999999999
all_to_all_graph8_n48_d0p1,48,0.1,2,1000,-537.392,-530.666,-6.725999999999999,0.0149999999999999,0.0129999999999999,-551.858,-545.942,-5.91599999999994,0.0379999999999999,0.032
all_to_all_graph8_n48_d0p1,48,0.1,3,1000,-539.54,-532.634,-6.905999999999949,0.014,0.012,-552.628,-544.168,-8.460000000000035,0.032,0.0259999999999999
all_to_all_graph8_n48_d0p1,48,0.1,4,1000,-536.786,-530.626,-6.159999999999968,0.0129999999999999,0.008,-547.1,-542.878,-4.22199999999998,0.028,0.0219999999999999
all_to_all_graph8_n48_d0p1,48,0.1,5,1000,-538.896,-535.73,-3.16599999999994,0.001,0.004,-550.032,-544.572,-5.460000000000036,0.033,0.019
all_to_all_graph8_n48_d0p1,48,0.1,6,1000,-535.812,-527.594,-8.217999999999961,0.0219999999999999,0.012,-544.846,-538.14,-6.706000000000016,0.027,0.019
all_to_all_graph8_n48_d0p1,48,0.1,7,1000,-535.186,-529.918,-5.268000000000029,0.021,0.017,-551.194,-544.886,-6.307999999999993,0.0429999999999999,0.0259999999999999
all_to_all_graph8_n48_d0p1,48,0.1,8,1000,-539.064,-533.992,-5.072000000000003,0.0179999999999999,0.017,-547.366,-541.412,-5.953999999999951,0.029,0.0259999999999999
all_to_all_graph8_n48_d0p1,48,0.1,9,1000,-540.558,-532.366,-8.192000000000007,0.005,0.012,-546.802,-538.96,-7.841999999999984,0.032,0.025
all_to_all_graph8_n48_d0p1,48,0.1,10,1000,-533.472,-525.218,-8.254000000000019,0.004,0.0,-547.602,-539.406,-8.196000000000026,0.028,0.023
all_to_all_graph9_n48_d0p1,48,0.1,1,1000,-562.912,-555.414,-7.498000000000046,0.023,0.014,-571.304,-564.718,-6.586000000000013,0.028,0.021
all_to_all_graph9_n48_d0p1,48,0.1,2,1000,-564.222,-556.782,-7.439999999999941,0.025,0.0179999999999999,-571.928,-563.85,-8.077999999999975,0.033,0.025
all_to_all_graph9_n48_d0p1,48,0.1,3,1000,-564.978,-554.112,-10.865999999999984,0.0359999999999999,0.027,-571.948,-563.102,-8.846000000000004,0.0359999999999999,0.028
all_to_all_graph9_n48_d0p1,48,0.1,4,1000,-561.614,-553.262,-8.35200000000009,0.024,0.0109999999999999,-568.834,-560.904,-7.92999999999995,0.0259999999999999,0.012
all_to_all_graph9_n48_d0p1,48,0.1,5,1000,-563.002,-561.656,-1.3460000000000036,0.027,0.029,-572.806,-571.664,-1.1420000000000528,0.0299999999999999,0.033
all_to_all_graph9_n48_d0p1,48,0.1,6,1000,-560.394,-552.954,-7.440000000000055,0.025,0.0219999999999999,-572.328,-564.48,-7.8479999999999555,0.032,0.028
all_to_all_graph9_n48_d0p1,48,0.1,7,1000,-556.054,-547.824,-8.230000000000018,0.014,0.02,-566.894,-560.488,-6.405999999999949,0.0219999999999999,0.028
all_to_all_graph9_n48_d0p1,48,0.1,8,1000,-563.656,-553.634,-10.021999999999936,0.028,0.0299999999999999,-572.806,-564.41,-8.396000000000072,0.034,0.039
all_to_all_graph9_n48_d0p1,48,0.1,9,1000,-559.566,-557.676,-1.8899999999999864,0.034,0.033,-568.728,-566.252,-2.475999999999999,0.035,0.033
all_to_all_graph9_n48_d0p1,48,0.1,10,1000,-566.338,-557.552,-8.785999999999945,0.0359999999999999,0.029,-574.116,-568.894,-5.22199999999998,0.0369999999999999,0.035
all_to_all_graph10_n48_d0p1,48,0.1,1,1000,-519.476,-513.322,-6.153999999999996,0.035,0.039,-528.988,-521.584,-7.40400000000011,0.047,0.048
all_to_all_graph10_n48_d0p1,48,0.1,2,1000,-522.134,-519.794,-2.340000000000032,0.033,0.028,-531.084,-526.366,-4.717999999999961,0.041,0.031
all_to_all_graph10_n48_d0p1,48,0.1,3,1000,-517.414,-512.024,-5.3899999999999855,0.0299999999999999,0.019,-529.252,-524.094,-5.157999999999902,0.048,0.039
all_to_all_graph10_n48_d0p1,48,0.1,4,1000,-517.46,-514.324,-3.136000000000081,0.0379999999999999,0.031,-525.27,-522.19,-3.0799999999999272,0.0519999999999999,0.0449999999999999
all_to_all_graph10_n48_d0p1,48,0.1,5,1000,-519.584,-515.458,-4.125999999999976,0.0439999999999999,0.0449999999999999,-525.824,-521.286,-4.53800000000001,0.049,0.05
all_to_all_graph10_n48_d0p1,48,0.1,6,1000,-526.358,-520.092,-6.265999999999963,0.049,0.039,-532.062,-526.788,-5.274000000000001,0.056,0.05
all_to_all_graph10_n48_d0p1,48,0.1,7,1000,-520.254,-515.878,-4.375999999999976,0.035,0.024,-528.54,-525.278,-3.261999999999944,0.0459999999999999,0.0429999999999999
all_to_all_graph10_n48_d0p1,48,0.1,8,1000,-515.112,-509.956,-5.155999999999949,0.0359999999999999,0.021,-524.086,-520.0,-4.086000000000013,0.0509999999999999,0.034
all_to_all_graph10_n48_d0p1,48,0.1,9,1000,-520.79,-514.258,-6.5319999999999245,0.034,0.039,-528.408,-522.742,-5.666000000000054,0.0519999999999999,0.055
all_to_all_graph10_n48_d0p1,48,0.1,10,1000,-527.226,-523.064,-4.162000000000035,0.0379999999999999,0.04,-534.462,-529.594,-4.867999999999937,0.0599999999999999,0.0539999999999999
all_to_all_graph11_n48_d0p1,48,0.1,1,1000,-516.936,-512.45,-4.48599999999999,0.005,0.01,-529.788,-526.676,-3.1119999999999663,0.017,0.0149999999999999
all_to_all_graph11_n48_d0p1,48,0.1,2,1000,-518.93,-515.452,-3.477999999999952,0.016,0.0149999999999999,-529.774,-525.616,-4.158000000000016,0.028,0.027
all_to_all_graph11_n48_d0p1,48,0.1,3,1000,-516.218,-512.892,-3.325999999999908,0.01,0.012,-531.62,-528.25,-3.3700000000000045,0.027,0.0179999999999999
all_to_all_graph11_n48_d0p1,48,0.1,4,1000,-518.984,-516.94,-2.0439999999999827,0.006,0.003,-533.662,-529.76,-3.902000000000044,0.014,0.01
all_to_all_graph11_n48_d0p1,48,0.1,5,1000,-517.104,-515.432,-1.6720000000000257,0.007,0.01,-529.546,-527.262,-2.284000000000105,0.014,0.012
all_to_all_graph11_n48_d0p1,48,0.1,6,1000,-516.314,-512.558,-3.755999999999972,0.005,0.005,-531.312,-528.138,-3.1739999999999786,0.016,0.016
all_to_all_graph11_n48_d0p1,48,0.1,7,1000,-523.14,-517.292,-5.847999999999956,0.028,0.0149999999999999,-532.604,-527.352,-5.2520000000000655,0.0379999999999999,0.032
all_to_all_graph11_n48_d0p1,48,0.1,8,1000,-524.222,-517.214,-7.0079999999999245,0.0149999999999999,0.006,-532.57,-526.742,-5.828000000000088,0.024,0.0089999999999999
all_to_all_graph11_n48_d0p1,48,0.1,9,1000,-522.352,-519.0,-3.3519999999999754,0.007,0.005,-533.764,-532.178,-1.5860000000000127,0.02,0.019
all_to_all_graph11_n48_d0p1,48,0.1,10,1000,-521.762,-521.496,-0.2659999999999627,0.01,0.01,-533.486,-531.304,-2.1820000000000164,0.017,0.014
all_to_all_graph12_n48_d0p1,48,0.1,1,1000,-541.868,-533.66,-8.208000000000084,0.021,0.017,-550.998,-544.602,-6.396000000000072,0.041,0.033
all_to_all_graph12_n48_d0p1,48,0.1,2,1000,-540.86,-535.72,-5.1399999999999855,0.027,0.021,-550.884,-546.312,-4.572000000000003,0.0429999999999999,0.032
all_to_all_graph12_n48_d0p1,48,0.1,3,1000,-538.29,-533.57,-4.719999999999914,0.024,0.029,-552.336,-547.512,-4.824000000000069,0.056,0.047
all_to_all_graph12_n48_d0p1,48,0.1,4,1000,-537.994,-530.308,-7.6860000000000355,0.0179999999999999,0.016,-547.668,-541.778,-5.8899999999999855,0.0259999999999999,0.0179999999999999
all_to_all_graph12_n48_d0p1,48,0.1,5,1000,-543.458,-538.574,-4.884000000000015,0.024,0.019,-551.75,-545.59,-6.159999999999968,0.0359999999999999,0.021
all_to_all_graph12_n48_d0p1,48,0.1,6,1000,-539.758,-540.202,0.4439999999999599,0.035,0.04,-551.956,-551.044,-0.9120000000000344,0.0379999999999999,0.047
all_to_all_graph12_n48_d0p1,48,0.1,7,1000,-545.24,-537.228,-8.012000000000057,0.027,0.025,-552.654,-545.078,-7.576000000000023,0.0359999999999999,0.0359999999999999
all_to_all_graph12_n48_d0p1,48,0.1,8,1000,-535.318,-532.38,-2.937999999999988,0.012,0.0179999999999999,-551.01,-544.744,-6.265999999999963,0.049,0.0299999999999999
all_to_all_graph12_n48_d0p1,48,0.1,9,1000,-545.61,-536.72,-8.889999999999986,0.0299999999999999,0.0299999999999999,-553.212,-545.27,-7.942000000000006,0.035,0.034
all_to_all_graph12_n48_d0p1,48,0.1,10,1000,-540.196,-531.776,-8.420000000000073,0.023,0.0129999999999999,-552.896,-543.556,-9.339999999999918,0.032,0.0219999999999999
all_to_all_graph13_n48_d0p1,48,0.1,1,1000,-520.738,-514.418,-6.32000000000005,0.0109999999999999,0.007,-529.388,-522.644,-6.744000000000028,0.012,0.0109999999999999
all_to_all_graph13_n48_d0p1,48,0.1,2,1000,-518.452,-511.954,-6.497999999999991,0.006,0.012,-527.94,-522.912,-5.02800000000002,0.008,0.012
all_to_all_graph13_n48_d0p1,48,0.1,3,1000,-518.158,-513.99,-4.168000000000006,0.012,0.007,-525.408,-520.608,-4.800000000000068,0.012,0.008
all_to_all_graph13_n48_d0p1,48,0.1,4,1000,-521.658,-517.63,-4.02800000000002,0.01,0.004,-529.222,-524.954,-4.268000000000029,0.012,0.008
all_to_all_graph13_n48_d0p1,48,0.1,5,1000,-518.708,-512.296,-6.411999999999921,0.0149999999999999,0.0109999999999999,-528.726,-522.53,-6.1960000000000255,0.016,0.0109999999999999
all_to_all_graph13_n48_d0p1,48,0.1,6,1000,-517.638,-511.734,-5.904000000000053,0.0129999999999999,0.007,-527.49,-522.614,-4.875999999999976,0.016,0.0109999999999999
all_to_all_graph13_n48_d0p1,48,0.1,7,1000,-513.176,-507.896,-5.28000000000003,0.006,0.004,-521.556,-518.02,-3.536000000000058,0.006,0.008
all_to_all_graph13_n48_d0p1,48,0.1,8,1000,-517.092,-517.338,0.2459999999999809,0.0089999999999999,0.006,-525.484,-526.114,0.6299999999999955,0.012,0.008
all_to_all_graph13_n48_d0p1,48,0.1,9,1000,-514.364,-508.298,-6.066000000000031,0.01,0.0109999999999999,-528.964,-524.014,-4.9500000000000455,0.014,0.016
all_to_all_graph13_n48_d0p1,48,0.1,10,1000,-519.348,-512.636,-6.711999999999989,0.0109999999999999,0.012,-528.46,-522.73,-5.730000000000017,0.0149999999999999,0.014
all_to_all_graph14_n48_d0p1,48,0.1,1,1000,-533.732,-523.966,-9.765999999999961,0.0089999999999999,0.01,-543.746,-533.584,-10.162000000000036,0.0299999999999999,0.017
all_to_all_graph14_n48_d0p1,48,0.1,2,1000,-533.074,-527.042,-6.0319999999999245,0.0129999999999999,0.01,-541.16,-535.892,-5.267999999999915,0.025,0.023
all_to_all_graph14_n48_d0p1,48,0.1,3,1000,-531.122,-524.614,-6.5079999999999245,0.0149999999999999,0.0089999999999999,-540.892,-535.038,-5.854000000000042,0.025,0.016
all_to_all_graph14_n48_d0p1,48,0.1,4,1000,-535.436,-526.73,-8.706000000000017,0.0359999999999999,0.0259999999999999,-546.646,-537.56,-9.086000000000013,0.056,0.034
all_to_all_graph14_n48_d0p1,48,0.1,5,1000,-535.932,-528.42,-7.512000000000057,0.0,0.0,-543.816,-536.112,-7.704000000000064,0.0379999999999999,0.0299999999999999
all_to_all_graph14_n48_d0p1,48,0.1,6,1000,-532.154,-523.518,-8.635999999999967,0.004,0.01,-541.568,-534.244,-7.323999999999955,0.027,0.024
all_to_all_graph14_n48_d0p1,48,0.1,7,1000,-533.158,-525.678,-7.480000000000017,0.01,0.01,-540.364,-532.892,-7.47199999999998,0.017,0.0149999999999999
all_to_all_graph14_n48_d0p1,48,0.1,8,1000,-535.348,-526.926,-8.42199999999991,0.008,0.008,-541.57,-534.692,-6.878000000000043,0.019,0.0149999999999999
all_to_all_graph14_n48_d0p1,48,0.1,9,1000,-533.626,-528.244,-5.381999999999948,0.0,0.0,-542.19,-539.054,-3.136000000000081,0.019,0.0259999999999999
all_to_all_graph14_n48_d0p1,48,0.1,10,1000,-537.882,-527.106,-10.775999999999954,0.04,0.035,-545.622,-535.91,-9.711999999999987,0.0459999999999999,0.039
all_to_all_graph15_n48_d0p1,48,0.1,1,1000,-525.238,-523.464,-1.774000000000001,0.003,0.005,-533.058,-530.014,-3.0439999999999827,0.005,0.007
all_to_all_graph15_n48_d0p1,48,0.1,2,1000,-524.254,-520.314,-3.940000000000055,0.007,0.003,-531.674,-527.732,-3.9420000000000073,0.01,0.004
all_to_all_graph15_n48_d0p1,48,0.1,3,1000,-526.488,-522.39,-4.09800000000007,0.004,0.007,-532.39,-528.18,-4.210000000000036,0.004,0.008
all_to_all_graph15_n48_d0p1,48,0.1,4,1000,-525.078,-524.018,-1.0599999999999454,0.0089999999999999,0.0149999999999999,-533.066,-530.602,-2.4640000000000555,0.0109999999999999,0.0149999999999999
all_to_all_graph15_n48_d0p1,48,0.1,5,1000,-519.224,-517.672,-1.5520000000000207,0.004,0.0089999999999999,-530.92,-526.836,-4.0839999999999455,0.006,0.01
all_to_all_graph15_n48_d0p1,48,0.1,6,1000,-528.464,-524.102,-4.36200000000008,0.008,0.005,-533.044,-528.184,-4.860000000000014,0.01,0.007
all_to_all_graph15_n48_d0p1,48,0.1,7,1000,-526.796,-519.352,-7.444000000000074,0.01,0.007,-532.478,-525.292,-7.185999999999922,0.0109999999999999,0.007
all_to_all_graph15_n48_d0p1,48,0.1,8,1000,-522.97,-521.704,-1.2660000000000764,0.002,0.003,-529.848,-527.562,-2.2859999999999445,0.004,0.003
all_to_all_graph15_n48_d0p1,48,0.1,9,1000,-524.626,-521.474,-3.15199999999993,0.003,0.005,-533.616,-530.532,-3.0839999999999463,0.004,0.005
all_to_all_graph15_n48_d0p1,48,0.1,10,1000,-522.354,-518.8,-3.5540000000000878,0.008,0.005,-529.446,-525.862,-3.58400000000006,0.0109999999999999,0.005
all_to_all_graph16_n48_d0p1,48,0.1,1,1000,-545.266,-541.604,-3.661999999999921,0.029,0.029,-554.152,-549.724,-4.427999999999996,0.035,0.035
all_to_all_graph16_n48_d0p1,48,0.1,2,1000,-544.474,-537.734,-6.740000000000009,0.007,0.01,-553.692,-547.126,-6.566000000000031,0.034,0.0259999999999999
all_to_all_graph16_n48_d0p1,48,0.1,3,1000,-545.462,-541.818,-3.6440000000000055,0.0259999999999999,0.021,-551.398,-547.316,-4.081999999999994,0.033,0.0259999999999999
all_to_all_graph16_n48_d0p1,48,0.1,4,1000,-541.896,-535.416,-6.4799999999999045,0.0259999999999999,0.0179999999999999,-549.928,-544.58,-5.347999999999956,0.033,0.023
all_to_all_graph16_n48_d0p1,48,0.1,5,1000,-541.806,-540.056,-1.75,0.02,0.017,-549.738,-548.294,-1.4440000000000737,0.027,0.024
all_to_all_graph16_n48_d0p1,48,0.1,6,1000,-547.412,-540.438,-6.974000000000046,0.032,0.023,-552.418,-545.542,-6.875999999999976,0.041,0.029
all_to_all_graph16_n48_d0p1,48,0.1,7,1000,-542.636,-534.562,-8.073999999999955,0.034,0.0129999999999999,-551.678,-544.73,-6.947999999999979,0.0429999999999999,0.02
all_to_all_graph16_n48_d0p1,48,0.1,8,1000,-539.464,-533.788,-5.676000000000045,0.023,0.014,-551.808,-544.882,-6.926000000000045,0.0379999999999999,0.024
all_to_all_graph16_n48_d0p1,48,0.1,9,1000,-543.456,-539.138,-4.317999999999984,0.0379999999999999,0.0149999999999999,-549.052,-545.534,-3.5180000000000287,0.04,0.023
all_to_all_graph16_n48_d0p1,48,0.1,10,1000,-543.656,-536.444,-7.211999999999989,0.019,0.0089999999999999,-553.112,-546.456,-6.655999999999949,0.033,0.021
all_to_all_graph17_n48_d0p1,48,0.1,1,1000,-566.254,-561.994,-4.259999999999991,0.0129999999999999,0.0129999999999999,-574.938,-571.316,-3.621999999999957,0.014,0.0179999999999999
all_to_all_graph17_n48_d0p1,48,0.1,2,1000,-568.322,-561.276,-7.046000000000049,0.019,0.0129999999999999,-576.84,-571.456,-5.384000000000015,0.024,0.0219999999999999
all_to_all_graph17_n48_d0p1,48,0.1,3,1000,-564.25,-556.678,-7.572000000000002,0.0129999999999999,0.0089999999999999,-572.908,-566.098,-6.810000000000059,0.02,0.0149999999999999
all_to_all_graph17_n48_d0p1,48,0.1,4,1000,-567.008,-560.616,-6.392000000000053,0.005,0.016,-574.142,-568.912,-5.230000000000017,0.0089999999999999,0.017
all_to_all_graph17_n48_d0p1,48,0.1,5,1000,-566.892,-557.51,-9.38200000000006,0.01,0.005,-574.882,-565.738,-9.143999999999892,0.0129999999999999,0.007
all_to_all_graph17_n48_d0p1,48,0.1,6,1000,-565.6,-559.296,-6.303999999999974,0.008,0.004,-574.062,-569.774,-4.28800000000001,0.01,0.014
all_to_all_graph17_n48_d0p1,48,0.1,7,1000,-568.656,-558.924,-9.731999999999971,0.0089999999999999,0.008,-576.268,-567.734,-8.53399999999999,0.016,0.0149999999999999
all_to_all_graph17_n48_d0p1,48,0.1,8,1000,-565.024,-558.55,-6.474000000000046,0.008,0.008,-574.45,-569.318,-5.132000000000062,0.0129999999999999,0.012
all_to_all_graph17_n48_d0p1,48,0.1,9,1000,-564.98,-559.382,-5.59800000000007,0.0089999999999999,0.017,-570.712,-566.982,-3.7300000000000177,0.014,0.02
all_to_all_graph17_n48_d0p1,48,0.1,10,1000,-568.182,-557.138,-11.043999999999984,0.004,0.005,-575.3,-567.252,-8.048000000000004,0.006,0.006
all_to_all_graph18_n48_d0p1,48,0.1,1,1000,-553.504,-547.114,-6.3899999999999855,0.014,0.019,-560.146,-555.476,-4.669999999999959,0.019,0.028
all_to_all_graph18_n48_d0p1,48,0.1,2,1000,-551.388,-546.206,-5.182000000000016,0.034,0.024,-559.236,-555.572,-3.6639999999999873,0.04,0.034
all_to_all_graph18_n48_d0p1,48,0.1,3,1000,-553.748,-547.336,-6.412000000000035,0.04,0.023,-562.53,-555.676,-6.853999999999928,0.0589999999999999,0.0369999999999999
all_to_all_graph18_n48_d0p1,48,0.1,4,1000,-548.806,-541.284,-7.522000000000048,0.0219999999999999,0.0179999999999999,-557.016,-550.748,-6.267999999999915,0.0299999999999999,0.021
all_to_all_graph18_n48_d0p1,48,0.1,5,1000,-552.596,-546.954,-5.642000000000053,0.029,0.0259999999999999,-558.264,-553.474,-4.789999999999964,0.032,0.029
all_to_all_graph18_n48_d0p1,48,0.1,6,1000,-554.1,-545.874,-8.225999999999999,0.028,0.0219999999999999,-563.486,-555.492,-7.994000000000029,0.039,0.0259999999999999
all_to_all_graph18_n48_d0p1,48,0.1,7,1000,-556.782,-548.434,-8.34800000000007,0.0369999999999999,0.027,-563.33,-555.308,-8.022000000000048,0.0429999999999999,0.033
all_to_all_graph18_n48_d0p1,48,0.1,8,1000,-550.476,-547.804,-2.672000000000025,0.028,0.029,-561.344,-557.128,-4.216000000000008,0.0429999999999999,0.041
all_to_all_graph18_n48_d0p1,48,0.1,9,1000,-550.882,-546.692,-4.189999999999941,0.0259999999999999,0.02,-557.832,-552.896,-4.936000000000036,0.035,0.025
all_to_all_graph18_n48_d0p1,48,0.1,10,1000,-549.642,-544.238,-5.403999999999996,0.029,0.029,-559.25,-555.076,-4.173999999999977,0.0429999999999999,0.0359999999999999
all_to_all_graph19_n48_d0p1,48,0.1,1,1000,-566.974,-555.902,-11.072000000000005,0.01,0.002,-575.504,-567.432,-8.072000000000001,0.0129999999999999,0.003
all_to_all_graph19_n48_d0p1,48,0.1,2,1000,-568.178,-562.814,-5.364000000000033,0.012,0.006,-574.726,-569.194,-5.532000000000039,0.0129999999999999,0.007
all_to_all_graph19_n48_d0p1,48,0.1,3,1000,-571.996,-566.784,-5.211999999999989,0.012,0.004,-578.288,-573.31,-4.9780000000000655,0.016,0.006
all_to_all_graph19_n48_d0p1,48,0.1,4,1000,-567.708,-562.208,-5.5,0.004,0.0089999999999999,-573.884,-568.014,-5.8700000000000045,0.0129999999999999,0.01
all_to_all_graph19_n48_d0p1,48,0.1,5,1000,-565.74,-558.974,-6.765999999999963,0.01,0.004,-573.022,-568.078,-4.944000000000074,0.0109999999999999,0.005
all_to_all_graph19_n48_d0p1,48,0.1,6,1000,-566.992,-562.188,-4.803999999999974,0.005,0.003,-576.344,-573.06,-3.284000000000105,0.0089999999999999,0.007
all_to_all_graph19_n48_d0p1,48,0.1,7,1000,-569.454,-561.998,-7.455999999999903,0.0089999999999999,0.007,-575.736,-570.688,-5.048000000000002,0.0089999999999999,0.007
all_to_all_graph19_n48_d0p1,48,0.1,8,1000,-571.57,-561.42,-10.150000000000093,0.008,0.004,-577.644,-569.226,-8.418000000000006,0.0129999999999999,0.01
all_to_all_graph19_n48_d0p1,48,0.1,9,1000,-569.884,-561.712,-8.172000000000025,0.006,0.006,-575.686,-567.394,-8.29200000000003,0.007,0.007
all_to_all_graph19_n48_d0p1,48,0.1,10,1000,-565.172,-558.346,-6.826000000000022,0.003,0.001,-573.984,-568.066,-5.918000000000006,0.005,0.001
all_to_all_graph0_n48_d0p3,48,0.3,1,1000,-1031.68,-1019.464,-12.216000000000008,0.0729999999999999,0.0259999999999999,-1049.754,-1036.488,-13.265999999999847,0.0909999999999999,0.034
all_to_all_graph0_n48_d0p3,48,0.3,2,1000,-1035.736,-1021.192,-14.544000000000096,0.0599999999999999,0.028,-1051.99,-1039.306,-12.683999999999967,0.108,0.049
all_to_all_graph0_n48_d0p3,48,0.3,3,1000,-1033.384,-1020.968,-12.416000000000054,0.04,0.023,-1048.736,-1034.972,-13.764000000000124,0.0539999999999999,0.027
all_to_all_graph0_n48_d0p3,48,0.3,4,1000,-1030.22,-1022.466,-7.754000000000019,0.006,0.017,-1047.374,-1039.466,-7.90800000000013,0.0299999999999999,0.0299999999999999
all_to_all_graph0_n48_d0p3,48,0.3,5,1000,-1029.882,-1017.602,-12.280000000000086,0.0719999999999999,0.033,-1045.91,-1032.738,-13.172000000000024,0.0759999999999999,0.042
all_to_all_graph0_n48_d0p3,48,0.3,6,1000,-1033.726,-1018.34,-15.38600000000008,0.0539999999999999,0.0259999999999999,-1050.674,-1036.668,-14.006000000000084,0.067,0.033
all_to_all_graph0_n48_d0p3,48,0.3,7,1000,-1033.232,-1016.778,-16.45399999999995,0.0449999999999999,0.016,-1051.638,-1033.796,-17.84199999999987,0.085,0.027
all_to_all_graph0_n48_d0p3,48,0.3,8,1000,-1027.822,-1017.46,-10.361999999999853,0.024,0.0179999999999999,-1048.372,-1035.388,-12.984000000000153,0.055,0.04
all_to_all_graph0_n48_d0p3,48,0.3,9,1000,-1030.944,-1012.954,-17.99000000000001,0.0449999999999999,0.017,-1048.764,-1032.36,-16.403999999999996,0.0879999999999999,0.04
all_to_all_graph0_n48_d0p3,48,0.3,10,1000,-1030.69,-1019.026,-11.6640000000001,0.0149999999999999,0.027,-1048.556,-1037.044,-11.511999999999944,0.0599999999999999,0.0359999999999999
all_to_all_graph1_n48_d0p3,48,0.3,1,1000,-956.176,-944.49,-11.686000000000035,0.062,0.047,-973.72,-961.296,-12.423999999999978,0.0899999999999999,0.067
all_to_all_graph1_n48_d0p3,48,0.3,2,1000,-958.77,-945.966,-12.803999999999974,0.0439999999999999,0.0459999999999999,-972.198,-960.03,-12.168000000000006,0.056,0.0589999999999999
all_to_all_graph1_n48_d0p3,48,0.3,3,1000,-958.942,-947.786,-11.156000000000065,0.0529999999999999,0.05,-973.182,-963.206,-9.976,0.083,0.07
all_to_all_graph1_n48_d0p3,48,0.3,4,1000,-953.744,-942.6400000000002,-11.104000000000042,0.024,0.0179999999999999,-969.404,-956.752,-12.652000000000044,0.078,0.055
all_to_all_graph1_n48_d0p3,48,0.3,5,1000,-960.706,-947.48,-13.226,0.042,0.0359999999999999,-972.69,-961.7,-10.990000000000007,0.065,0.0529999999999999
all_to_all_graph1_n48_d0p3,48,0.3,6,1000,-958.1160000000002,-949.844,-8.271999999999935,0.0539999999999999,0.05,-973.5580000000001,-966.094,-7.463999999999943,0.1,0.0879999999999999
all_to_all_graph1_n48_d0p3,48,0.3,7,1000,-955.584,-944.92,-10.663999999999987,0.048,0.035,-971.156,-962.382,-8.774000000000001,0.0769999999999999,0.0539999999999999
all_to_all_graph1_n48_d0p3,48,0.3,8,1000,-949.9380000000002,-942.318,-7.620000000000003,0.034,0.033,-970.714,-960.466,-10.248000000000047,0.07,0.063
all_to_all_graph1_n48_d0p3,48,0.3,9,1000,-960.176,-947.392,-12.783999999999992,0.058,0.024,-973.404,-960.118,-13.285999999999945,0.106,0.065
all_to_all_graph1_n48_d0p3,48,0.3,10,1000,-960.218,-945.118,-15.099999999999907,0.0519999999999999,0.028,-973.28,-959.498,-13.781999999999924,0.069,0.048
all_to_all_graph2_n48_d0p3,48,0.3,1,1000,-1056.02,-1050.15,-5.86999999999989,0.008,0.0129999999999999,-1072.702,-1066.552,-6.15000000000009,0.0089999999999999,0.014
all_to_all_graph2_n48_d0p3,48,0.3,2,1000,-1061.228,-1052.55,-8.678000000000111,0.016,0.007,-1074.784,-1067.214,-7.570000000000163,0.016,0.0089999999999999
all_to_all_graph2_n48_d0p3,48,0.3,3,1000,-1054.282,-1041.898,-12.384000000000016,0.008,0.003,-1078.254,-1062.364,-15.889999999999873,0.031,0.0109999999999999
all_to_all_graph2_n48_d0p3,48,0.3,4,1000,-1064.736,-1050.098,-14.638000000000147,0.003,0.008,-1080.548,-1063.618,-16.930000000000064,0.0299999999999999,0.017
all_to_all_graph2_n48_d0p3,48,0.3,5,1000,-1064.412,-1052.34,-12.072000000000116,0.008,0.01,-1081.638,-1068.012,-13.625999999999976,0.014,0.012
all_to_all_graph2_n48_d0p3,48,0.3,6,1000,-1053.66,-1046.348,-7.312000000000125,0.016,0.016,-1075.288,-1062.532,-12.756000000000084,0.0179999999999999,0.017
all_to_all_graph2_n48_d0p3,48,0.3,7,1000,-1056.028,-1048.57,-7.458000000000083,0.019,0.02,-1074.536,-1064.444,-10.092000000000098,0.021,0.021
all_to_all_graph2_n48_d0p3,48,0.3,8,1000,-1052.508,-1046.212,-6.296000000000049,0.0089999999999999,0.0179999999999999,-1073.78,-1064.562,-9.218000000000073,0.01,0.0179999999999999
all_to_all_graph2_n48_d0p3,48,0.3,9,1000,-1059.824,-1051.256,-8.567999999999982,0.012,0.0109999999999999,-1074.132,-1065.874,-8.258000000000038,0.0149999999999999,0.0149999999999999
all_to_all_graph2_n48_d0p3,48,0.3,10,1000,-1068.042,-1055.586,-12.455999999999904,0.058,0.025,-1081.114,-1068.086,-13.02800000000002,0.0599999999999999,0.027
all_to_all_graph3_n48_d0p3,48,0.3,1,1000,-1040.808,-1024.218,-16.589999999999918,0.155,0.124,-1059.164,-1042.35,-16.814000000000078,0.1749999999999999,0.1469999999999999
all_to_all_graph3_n48_d0p3,48,0.3,2,1000,-1038.93,-1015.304,-23.62600000000009,0.065,0.04,-1056.726,-1030.244,-26.4820000000002,0.129,0.0719999999999999
all_to_all_graph3_n48_d0p3,48,0.3,3,1000,-1026.262,-1009.758,-16.503999999999905,0.079,0.0449999999999999,-1047.654,-1031.226,-16.427999999999884,0.138,0.097
all_to_all_graph3_n48_d0p3,48,0.3,4,1000,-1036.6,-1020.272,-16.32799999999986,0.106,0.0589999999999999,-1055.528,-1039.56,-15.968000000000076,0.1749999999999999,0.11
all_to_all_graph3_n48_d0p3,48,0.3,5,1000,-1035.71,-1021.792,-13.918000000000006,0.105,0.0709999999999999,-1050.478,-1037.77,-12.708000000000084,0.12,0.0919999999999999
all_to_all_graph3_n48_d0p3,48,0.3,6,1000,-1035.9,-1014.398,-21.502000000000063,0.107,0.057,-1057.904,-1033.626,-24.27800000000002,0.166,0.0919999999999999
all_to_all_graph3_n48_d0p3,48,0.3,7,1000,-1036.832,-1014.006,-22.826000000000136,0.105,0.064,-1052.424,-1031.63,-20.79399999999987,0.133,0.083
all_to_all_graph3_n48_d0p3,48,0.3,8,1000,-1046.758,-1022.04,-24.718000000000075,0.1429999999999999,0.096,-1062.252,-1038.312,-23.94000000000005,0.1729999999999999,0.1189999999999999
all_to_all_graph3_n48_d0p3,48,0.3,9,1000,-1043.198,-1020.762,-22.43600000000015,0.117,0.0879999999999999,-1059.314,-1038.164,-21.150000000000087,0.166,0.115
all_to_all_graph3_n48_d0p3,48,0.3,10,1000,-1046.422,-1019.77,-26.652000000000044,0.158,0.0769999999999999,-1064.522,-1038.452,-26.069999999999936,0.201,0.109
all_to_all_graph4_n48_d0p3,48,0.3,1,1000,-1065.644,-1053.638,-12.006000000000084,0.0739999999999999,0.067,-1082.978,-1075.59,-7.388000000000147,0.106,0.106
all_to_all_graph4_n48_d0p3,48,0.3,2,1000,-1072.972,-1056.656,-16.31600000000003,0.0759999999999999,0.07,-1093.78,-1077.176,-16.604000000000042,0.131,0.1189999999999999
all_to_all_graph4_n48_d0p3,48,0.3,3,1000,-1071.97,-1056.632,-15.337999999999964,0.068,0.047,-1087.034,-1073.736,-13.298000000000002,0.121,0.096
all_to_all_graph4_n48_d0p3,48,0.3,4,1000,-1066.922,-1055.112,-11.809999999999944,0.069,0.0919999999999999,-1082.102,-1074.596,-7.506000000000085,0.0929999999999999,0.108
all_to_all_graph4_n48_d0p3,48,0.3,5,1000,-1076.084,-1063.952,-12.132000000000062,0.0749999999999999,0.0759999999999999,-1090.44,-1078.736,-11.703999999999953,0.107,0.111
all_to_all_graph4_n48_d0p3,48,0.3,6,1000,-1072.704,-1058.692,-14.011999999999944,0.04,0.0439999999999999,-1088.548,-1075.346,-13.201999999999998,0.0879999999999999,0.098
all_to_all_graph4_n48_d0p3,48,0.3,7,1000,-1068.578,-1055.962,-12.615999999999984,0.0759999999999999,0.066,-1084.72,-1075.398,-9.322000000000115,0.1179999999999999,0.107
all_to_all_graph4_n48_d0p3,48,0.3,8,1000,-1066.744,-1057.378,-9.365999999999984,0.062,0.048,-1085.248,-1072.932,-12.316000000000033,0.1,0.0709999999999999
all_to_all_graph4_n48_d0p3,48,0.3,9,1000,-1067.548,-1052.076,-15.47199999999998,0.098,0.079,-1088.096,-1076.322,-11.774000000000116,0.1179999999999999,0.112
all_to_all_graph4_n48_d0p3,48,0.3,10,1000,-1077.296,-1063.322,-13.97400000000016,0.095,0.099,-1090.718,-1080.47,-10.248000000000047,0.138,0.1449999999999999
all_to_all_graph5_n48_d0p3,48,0.3,1,1000,-1010.94,-999.35,-11.590000000000032,0.0609999999999999,0.0369999999999999,-1026.074,-1015.484,-10.590000000000032,0.097,0.067
all_to_all_graph5_n48_d0p3,48,0.3,2,1000,-1000.906,-987.968,-12.937999999999988,0.007,0.0089999999999999,-1020.026,-1008.282,-11.743999999999916,0.047,0.0509999999999999
all_to_all_graph5_n48_d0p3,48,0.3,3,1000,-1017.624,-1002.808,-14.816000000000033,0.063,0.065,-1032.898,-1016.768,-16.12999999999988,0.084,0.085
all_to_all_graph5_n48_d0p3,48,0.3,4,1000,-1004.662,-992.302,-12.360000000000014,0.0539999999999999,0.028,-1024.026,-1008.936,-15.090000000000032,0.082,0.0439999999999999
all_to_all_graph5_n48_d0p3,48,0.3,5,1000,-1007.468,-989.368,-18.09999999999991,0.02,0.007,-1028.258,-1011.998,-16.25999999999999,0.081,0.056
all_to_all_graph5_n48_d0p3,48,0.3,6,1000,-1010.66,-1002.756,-7.903999999999996,0.023,0.016,-1031.244,-1019.298,-11.945999999999913,0.0709999999999999,0.0509999999999999
all_to_all_graph5_n48_d0p3,48,0.3,7,1000,-1003.272,-997.098,-6.174000000000092,0.0429999999999999,0.0359999999999999,-1020.95,-1012.94,-8.009999999999993,0.0729999999999999,0.056
all_to_all_graph5_n48_d0p3,48,0.3,8,1000,-1002.436,-995.28,-7.156000000000064,0.029,0.014,-1020.3,-1010.624,-9.67599999999993,0.066,0.035
all_to_all_graph5_n48_d0p3,48,0.3,9,1000,-1009.02,-992.466,-16.553999999999974,0.0719999999999999,0.041,-1029.104,-1012.286,-16.818000000000097,0.084,0.055
all_to_all_graph5_n48_d0p3,48,0.3,10,1000,-1011.416,-992.35,-19.06600000000003,0.002,0.001,-1029.27,-1011.846,-17.423999999999978,0.0599999999999999,0.056
all_to_all_graph6_n48_d0p3,48,0.3,1,1000,-1118.314,-1104.48,-13.83400000000006,0.0539999999999999,0.0749999999999999,-1145.312,-1127.844,-17.467999999999847,0.0719999999999999,0.0889999999999999
all_to_all_graph6_n48_d0p3,48,0.3,2,1000,-1124.658,-1103.112,-21.545999999999825,0.079,0.095,-1142.118,-1122.802,-19.31600000000003,0.081,0.098
all_to_all_graph6_n48_d0p3,48,0.3,3,1000,-1113.032,-1094.364,-18.667999999999893,0.07,0.0709999999999999,-1133.504,-1114.38,-19.1239999999998,0.0769999999999999,0.083
all_to_all_graph6_n48_d0p3,48,0.3,4,1000,-1111.536,-1091.176,-20.360000000000127,0.05,0.069,-1134.36,-1112.704,-21.65599999999995,0.0539999999999999,0.0719999999999999
all_to_all_graph6_n48_d0p3,48,0.3,5,1000,-1113.79,-1094.692,-19.09799999999996,0.04,0.0589999999999999,-1136.666,-1114.054,-22.611999999999853,0.0519999999999999,0.062
all_to_all_graph6_n48_d0p3,48,0.3,6,1000,-1130.468,-1103.816,-26.652000000000044,0.078,0.081,-1150.034,-1124.158,-25.876000000000204,0.085,0.0869999999999999
all_to_all_graph6_n48_d0p3,48,0.3,7,1000,-1117.484,-1092.34,-25.144000000000005,0.055,0.0739999999999999,-1137.818,-1113.544,-24.273999999999887,0.065,0.0749999999999999
all_to_all_graph6_n48_d0p3,48,0.3,8,1000,-1117.276,-1090.376,-26.900000000000087,0.048,0.066,-1135.75,-1111.466,-24.284000000000106,0.049,0.0749999999999999
all_to_all_graph6_n48_d0p3,48,0.3,9,1000,-1122.684,-1100.17,-22.513999999999896,0.0739999999999999,0.109,-1143.798,-1122.092,-21.705999999999904,0.0749999999999999,0.11
all_to_all_graph6_n48_d0p3,48,0.3,10,1000,-1114.198,-1093.822,-20.376000000000204,0.055,0.066,-1136.072,-1115.642,-20.42999999999984,0.062,0.0719999999999999
all_to_all_graph7_n48_d0p3,48,0.3,1,1000,-1049.538,-1030.878,-18.66000000000008,0.0879999999999999,0.0739999999999999,-1071.402,-1058.042,-13.360000000000127,0.154,0.124
all_to_all_graph7_n48_d0p3,48,0.3,2,1000,-1056.39,-1042.312,-14.078000000000202,0.098,0.105,-1074.838,-1062.286,-12.551999999999907,0.1489999999999999,0.1449999999999999
all_to_all_graph7_n48_d0p3,48,0.3,3,1000,-1048.376,-1031.996,-16.37999999999988,0.0429999999999999,0.041,-1067.536,-1053.5,-14.036000000000058,0.108,0.0919999999999999
all_to_all_graph7_n48_d0p3,48,0.3,4,1000,-1042.008,-1028.108,-13.900000000000093,0.079,0.0609999999999999,-1068.058,-1053.864,-14.19399999999996,0.139,0.097
all_to_all_graph7_n48_d0p3,48,0.3,5,1000,-1044.314,-1028.452,-15.86200000000008,0.078,0.0539999999999999,-1067.94,-1053.85,-14.090000000000146,0.121,0.104
all_to_all_graph7_n48_d0p3,48,0.3,6,1000,-1054.082,-1040.822,-13.260000000000218,0.0899999999999999,0.099,-1067.69,-1058.366,-9.324000000000067,0.121,0.1459999999999999
all_to_all_graph7_n48_d0p3,48,0.3,7,1000,-1045.07,-1033.18,-11.889999999999873,0.0589999999999999,0.07,-1068.186,-1053.488,-14.697999999999864,0.139,0.098
all_to_all_graph7_n48_d0p3,48,0.3,8,1000,-1049.186,-1030.71,-18.475999999999885,0.095,0.0719999999999999,-1070.09,-1054.828,-15.261999999999944,0.1419999999999999,0.122
all_to_all_graph7_n48_d0p3,48,0.3,9,1000,-1055.206,-1033.996,-21.20999999999981,0.0879999999999999,0.0709999999999999,-1073.414,-1055.314,-18.09999999999991,0.123,0.115
all_to_all_graph7_n48_d0p3,48,0.3,10,1000,-1057.85,-1030.216,-27.63400000000001,0.114,0.0719999999999999,-1075.254,-1050.596,-24.657999999999905,0.155,0.107
all_to_all_graph8_n48_d0p3,48,0.3,1,1000,-1116.72,-1090.982,-25.738000000000056,0.098,0.097,-1143.574,-1116.832,-26.74199999999996,0.201,0.183
all_to_all_graph8_n48_d0p3,48,0.3,2,1000,-1126.286,-1101.182,-25.10400000000004,0.0719999999999999,0.064,-1141.506,-1119.772,-21.73400000000015,0.185,0.165
all_to_all_graph8_n48_d0p3,48,0.3,3,1000,-1111.558,-1100.502,-11.05600000000004,0.131,0.11,-1143.368,-1128.282,-15.086000000000013,0.256,0.196
all_to_all_graph8_n48_d0p3,48,0.3,4,1000,-1117.458,-1091.442,-26.01600000000008,0.126,0.1,-1140.048,-1115.718,-24.329999999999927,0.2419999999999999,0.196
all_to_all_graph8_n48_d0p3,48,0.3,5,1000,-1100.054,-1082.77,-17.284000000000106,0.11,0.112,-1131.374,-1111.37,-20.004000000000133,0.2089999999999999,0.187
all_to_all_graph8_n48_d0p3,48,0.3,6,1000,-1123.942,-1107.784,-16.1579999999999,0.129,0.099,-1140.552,-1125.79,-14.761999999999944,0.1749999999999999,0.168
all_to_all_graph8_n48_d0p3,48,0.3,7,1000,-1104.462,-1084.95,-19.511999999999944,0.079,0.062,-1131.546,-1111.838,-19.708000000000084,0.2399999999999999,0.2049999999999999
all_to_all_graph8_n48_d0p3,48,0.3,8,1000,-1118.478,-1100.312,-18.166000000000167,0.197,0.136,-1136.678,-1120.944,-15.734000000000153,0.2819999999999999,0.2349999999999999
all_to_all_graph8_n48_d0p3,48,0.3,9,1000,-1118.766,-1093.724,-25.042000000000144,0.2069999999999999,0.161,-1140.516,-1113.028,-27.488000000000056,0.274,0.215
all_to_all_graph8_n48_d0p3,48,0.3,10,1000,-1115.644,-1091.158,-24.486000000000104,0.169,0.129,-1138.352,-1117.894,-20.458000000000084,0.251,0.2039999999999999
all_to_all_graph9_n48_d0p3,48,0.3,1,1000,-1068.058,-1053.24,-14.817999999999984,0.042,0.029,-1083.952,-1068.648,-15.304000000000087,0.047,0.0359999999999999
all_to_all_graph9_n48_d0p3,48,0.3,2,1000,-1060.832,-1047.346,-13.486000000000104,0.01,0.0149999999999999,-1073.85,-1064.436,-9.413999999999987,0.0259999999999999,0.0359999999999999
all_to_all_graph9_n48_d0p3,48,0.3,3,1000,-1069.274,-1049.362,-19.911999999999807,0.025,0.021,-1085.094,-1065.992,-19.10200000000009,0.041,0.029
all_to_all_graph9_n48_d0p3,48,0.3,4,1000,-1070.728,-1054.568,-16.160000000000082,0.029,0.0179999999999999,-1085.518,-1072.692,-12.826000000000022,0.039,0.0259999999999999
all_to_all_graph9_n48_d0p3,48,0.3,5,1000,-1071.096,-1051.444,-19.652000000000044,0.04,0.028,-1084.732,-1068.088,-16.644000000000005,0.0519999999999999,0.0359999999999999
all_to_all_graph9_n48_d0p3,48,0.3,6,1000,-1068.394,-1053.582,-14.811999999999898,0.02,0.02,-1081.986,-1068.978,-13.008000000000038,0.027,0.024
all_to_all_graph9_n48_d0p3,48,0.3,7,1000,-1068.948,-1050.598,-18.350000000000136,0.025,0.0149999999999999,-1082.122,-1067.692,-14.430000000000064,0.033,0.027
all_to_all_graph9_n48_d0p3,48,0.3,8,1000,-1070.88,-1054.358,-16.522000000000162,0.0259999999999999,0.016,-1083.798,-1069.496,-14.301999999999907,0.0359999999999999,0.0219999999999999
all_to_all_graph9_n48_d0p3,48,0.3,9,1000,-1065.154,-1054.724,-10.430000000000064,0.0179999999999999,0.0219999999999999,-1079.954,-1069.452,-10.501999999999953,0.027,0.031
all_to_all_graph9_n48_d0p3,48,0.3,10,1000,-1051.994,-1043.504,-8.490000000000009,0.0219999999999999,0.024,-1071.464,-1066.144,-5.319999999999936,0.0439999999999999,0.042
all_to_all_graph10_n48_d0p3,48,0.3,1,1000,-1019.068,-1011.812,-7.255999999999971,0.0299999999999999,0.019,-1035.232,-1027.01,-8.22199999999998,0.0519999999999999,0.035
all_to_all_graph10_n48_d0p3,48,0.3,2,1000,-1023.462,-1014.724,-8.737999999999943,0.035,0.024,-1038.23,-1029.366,-8.864000000000033,0.0439999999999999,0.033
all_to_all_graph10_n48_d0p3,48,0.3,3,1000,-1025.304,-1014.768,-10.536000000000058,0.027,0.0179999999999999,-1041.33,-1030.634,-10.695999999999913,0.0429999999999999,0.039
all_to_all_graph10_n48_d0p3,48,0.3,4,1000,-1016.444,-1009.574,-6.8700000000000045,0.019,0.0219999999999999,-1035.518,-1026.776,-8.741999999999962,0.0449999999999999,0.034
all_to_all_graph10_n48_d0p3,48,0.3,5,1000,-1023.782,-1013.878,-9.903999999999996,0.023,0.034,-1041.062,-1031.032,-10.029999999999973,0.0359999999999999,0.0449999999999999
all_to_all_graph10_n48_d0p3,48,0.3,6,1000,-1022.518,-1015.426,-7.0919999999999845,0.023,0.0259999999999999,-1038.992,-1032.226,-6.765999999999849,0.0369999999999999,0.04
all_to_all_graph10_n48_d0p3,48,0.3,7,1000,-1014.836,-1008.516,-6.32000000000005,0.014,0.006,-1031.982,-1025.198,-6.783999999999878,0.024,0.0299999999999999
all_to_all_graph10_n48_d0p3,48,0.3,8,1000,-1020.042,-1011.038,-9.004000000000019,0.005,0.02,-1037.868,-1030.262,-7.605999999999994,0.028,0.0379999999999999
all_to_all_graph10_n48_d0p3,48,0.3,9,1000,-1024.388,-1014.64,-9.747999999999934,0.024,0.032,-1041.592,-1031.3,-10.292000000000144,0.031,0.04
all_to_all_graph10_n48_d0p3,48,0.3,10,1000,-1021.962,-1015.17,-6.79200000000003,0.025,0.027,-1038.22,-1029.994,-8.226000000000113,0.032,0.031
all_to_all_graph11_n48_d0p3,48,0.3,1,1000,-982.6160000000002,-971.798,-10.817999999999984,0.02,0.014,-998.376,-988.136,-10.240000000000007,0.0299999999999999,0.0299999999999999
all_to_all_graph11_n48_d0p3,48,0.3,2,1000,-985.0580000000001,-971.732,-13.326000000000022,0.0089999999999999,0.0109999999999999,-998.906,-987.804,-11.101999999999975,0.033,0.027
all_to_all_graph11_n48_d0p3,48,0.3,3,1000,-975.742,-970.076,-5.66599999999994,0.02,0.0299999999999999,-992.36,-986.54,-5.82000000000005,0.04,0.0449999999999999
all_to_all_graph11_n48_d0p3,48,0.3,4,1000,-988.95,-971.964,-16.98599999999999,0.0179999999999999,0.024,-1004.666,-987.504,-17.162000000000035,0.0379999999999999,0.029
all_to_all_graph11_n48_d0p3,48,0.3,5,1000,-989.108,-977.228,-11.879999999999995,0.029,0.024,-1003.288,-993.318,-9.970000000000029,0.056,0.041
all_to_all_graph11_n48_d0p3,48,0.3,6,1000,-985.9140000000002,-976.358,-9.55600000000004,0.016,0.0179999999999999,-1000.412,-989.78,-10.632000000000062,0.039,0.024
all_to_all_graph11_n48_d0p3,48,0.3,7,1000,-986.5,-974.566,-11.933999999999967,0.02,0.027,-1003.286,-990.5820000000001,-12.703999999999953,0.034,0.0299999999999999
all_to_all_graph11_n48_d0p3,48,0.3,8,1000,-984.302,-972.174,-12.128000000000045,0.0109999999999999,0.0149999999999999,-1001.514,-989.424,-12.090000000000032,0.05,0.034
all_to_all_graph11_n48_d0p3,48,0.3,9,1000,-992.056,-978.472,-13.58400000000006,0.028,0.031,-1006.26,-991.782,-14.477999999999952,0.05,0.0449999999999999
all_to_all_graph11_n48_d0p3,48,0.3,10,1000,-986.13,-975.354,-10.775999999999954,0.0359999999999999,0.025,-999.568,-992.56,-7.008000000000038,0.0449999999999999,0.0369999999999999
all_to_all_graph12_n48_d0p3,48,0.3,1,1000,-1041.118,-1030.732,-10.385999999999967,0.0369999999999999,0.0259999999999999,-1059.188,-1048.898,-10.290000000000193,0.0609999999999999,0.0459999999999999
all_to_all_graph12_n48_d0p3,48,0.3,2,1000,-1038.304,-1027.528,-10.776000000000067,0.023,0.0129999999999999,-1058.464,-1046.796,-11.667999999999893,0.04,0.0299999999999999
all_to_all_graph12_n48_d0p3,48,0.3,3,1000,-1045.12,-1033.664,-11.455999999999904,0.027,0.017,-1060.556,-1050.248,-10.307999999999993,0.047,0.0359999999999999
all_to_all_graph12_n48_d0p3,48,0.3,4,1000,-1043.266,-1038.178,-5.0879999999999646,0.024,0.0259999999999999,-1059.788,-1051.77,-8.018000000000029,0.04,0.0429999999999999
all_to_all_graph12_n48_d0p3,48,0.3,5,1000,-1044.432,-1032.184,-12.248000000000047,0.0109999999999999,0.012,-1062.158,-1050.182,-11.975999999999884,0.0449999999999999,0.0379999999999999
all_to_all_graph12_n48_d0p3,48,0.3,6,1000,-1038.472,-1033.256,-5.215999999999895,0.014,0.0299999999999999,-1060.828,-1053.434,-7.394000000000005,0.0459999999999999,0.0519999999999999
all_to_all_graph12_n48_d0p3,48,0.3,7,1000,-1045.408,-1034.402,-11.005999999999858,0.031,0.0449999999999999,-1061.692,-1051.348,-10.344000000000053,0.047,0.058
all_to_all_graph12_n48_d0p3,48,0.3,8,1000,-1047.966,-1038.136,-9.829999999999927,0.042,0.048,-1062.236,-1052.786,-9.450000000000045,0.064,0.0599999999999999
all_to_all_graph12_n48_d0p3,48,0.3,9,1000,-1041.842,-1032.194,-9.648000000000138,0.056,0.035,-1060.854,-1051.15,-9.703999999999953,0.0759999999999999,0.049
all_to_all_graph12_n48_d0p3,48,0.3,10,1000,-1041.386,-1027.358,-14.02800000000002,0.008,0.006,-1059.084,-1046.918,-12.166000000000167,0.0369999999999999,0.028
all_to_all_graph13_n48_d0p3,48,0.3,1,1000,-1035.044,-1018.838,-16.20600000000013,0.1179999999999999,0.0899999999999999,-1047.838,-1031.484,-16.354000000000042,0.1489999999999999,0.104
all_to_all_graph13_n48_d0p3,48,0.3,2,1000,-1021.84,-1012.84,-9.0,0.085,0.078,-1039.234,-1028.95,-10.283999999999878,0.121,0.099
all_to_all_graph13_n48_d0p3,48,0.3,3,1000,-1024.336,-1012.176,-12.159999999999968,0.0869999999999999,0.0739999999999999,-1044.004,-1032.446,-11.557999999999993,0.138,0.1019999999999999
all_to_all_graph13_n48_d0p3,48,0.3,4,1000,-1023.438,-1012.372,-11.066000000000033,0.081,0.0759999999999999,-1041.824,-1028.888,-12.936000000000147,0.122,0.104
all_to_all_graph13_n48_d0p3,48,0.3,5,1000,-1029.29,-1021.152,-8.13799999999992,0.0759999999999999,0.0509999999999999,-1042.344,-1034.4,-7.94399999999996,0.1179999999999999,0.078
all_to_all_graph13_n48_d0p3,48,0.3,6,1000,-1032.092,-1022.782,-9.310000000000061,0.115,0.104,-1047.636,-1037.982,-9.653999999999996,0.152,0.124
all_to_all_graph13_n48_d0p3,48,0.3,7,1000,-1030.182,-1019.892,-10.289999999999964,0.115,0.098,-1046.254,-1036.868,-9.385999999999967,0.171,0.127
all_to_all_graph13_n48_d0p3,48,0.3,8,1000,-1033.69,-1021.698,-11.992000000000075,0.097,0.057,-1046.43,-1033.364,-13.066000000000033,0.151,0.099
all_to_all_graph13_n48_d0p3,48,0.3,9,1000,-1035.168,-1017.154,-18.013999999999896,0.081,0.065,-1050.994,-1035.112,-15.881999999999834,0.123,0.094
all_to_all_graph13_n48_d0p3,48,0.3,10,1000,-1027.074,-1015.874,-11.200000000000044,0.047,0.058,-1045.716,-1032.422,-13.293999999999867,0.108,0.094
all_to_all_graph14_n48_d0p3,48,0.3,1,1000,-982.296,-972.186,-10.110000000000014,0.029,0.017,-1000.936,-990.774,-10.162000000000036,0.042,0.031
all_to_all_graph14_n48_d0p3,48,0.3,2,1000,-985.326,-973.004,-12.322000000000005,0.04,0.023,-1002.256,-990.6640000000002,-11.591999999999985,0.047,0.0359999999999999
all_to_all_graph14_n48_d0p3,48,0.3,3,1000,-994.542,-979.624,-14.918000000000006,0.049,0.0219999999999999,-1008.802,-993.604,-15.19799999999998,0.0589999999999999,0.032
all_to_all_graph14_n48_d0p3,48,0.3,4,1000,-990.1400000000002,-971.252,-18.888000000000037,0.041,0.0149999999999999,-1007.06,-987.424,-19.635999999999967,0.049,0.023
all_to_all_graph14_n48_d0p3,48,0.3,5,1000,-991.82,-971.24,-20.58000000000004,0.07,0.025,-1008.148,-989.394,-18.754000000000016,0.0719999999999999,0.031
all_to_all_graph14_n48_d0p3,48,0.3,6,1000,-993.05,-974.394,-18.65599999999995,0.048,0.016,-1006.14,-990.5,-15.639999999999986,0.0529999999999999,0.025
all_to_all_graph14_n48_d0p3,48,0.3,7,1000,-983.274,-976.952,-6.322000000000003,0.042,0.0179999999999999,-1005.262,-994.756,-10.505999999999972,0.047,0.021
all_to_all_graph14_n48_d0p3,48,0.3,8,1000,-988.322,-977.076,-11.24599999999998,0.0259999999999999,0.0109999999999999,-1002.422,-993.03,-9.392000000000051,0.029,0.02
all_to_all_graph14_n48_d0p3,48,0.3,9,1000,-987.546,-974.97,-12.576000000000022,0.021,0.01,-1002.588,-991.392,-11.195999999999913,0.033,0.02
all_to_all_graph14_n48_d0p3,48,0.3,10,1000,-985.992,-972.168,-13.823999999999955,0.017,0.012,-1002.148,-988.67,-13.478000000000064,0.032,0.02
all_to_all_graph15_n48_d0p3,48,0.3,1,1000,-1013.512,-995.946,-17.565999999999917,0.0709999999999999,0.0519999999999999,-1031.264,-1016.478,-14.785999999999945,0.1409999999999999,0.105
all_to_all_graph15_n48_d0p3,48,0.3,2,1000,-1015.568,-1004.402,-11.16599999999994,0.0919999999999999,0.081,-1033.838,-1021.916,-11.921999999999912,0.152,0.13
all_to_all_graph15_n48_d0p3,48,0.3,3,1000,-1018.702,-1002.896,-15.80600000000004,0.047,0.02,-1036.872,-1022.546,-14.326000000000022,0.1449999999999999,0.1189999999999999
all_to_all_graph15_n48_d0p3,48,0.3,4,1000,-1017.524,-1006.896,-10.628000000000045,0.0729999999999999,0.058,-1034.692,-1023.156,-11.536000000000058,0.168,0.125
all_to_all_graph15_n48_d0p3,48,0.3,5,1000,-1018.176,-1006.302,-11.874000000000024,0.0589999999999999,0.058,-1036.628,-1022.666,-13.961999999999875,0.132,0.1019999999999999
all_to_all_graph15_n48_d0p3,48,0.3,6,1000,-1017.122,-1005.012,-12.110000000000014,0.066,0.0609999999999999,-1035.648,-1025.008,-10.639999999999873,0.1459999999999999,0.13
all_to_all_graph15_n48_d0p3,48,0.3,7,1000,-1015.47,-1007.26,-8.210000000000035,0.064,0.055,-1036.95,-1027.408,-9.542000000000144,0.159,0.132
all_to_all_graph15_n48_d0p3,48,0.3,8,1000,-1017.172,-1009.142,-8.029999999999971,0.041,0.041,-1038.24,-1029.392,-8.847999999999955,0.156,0.138
all_to_all_graph15_n48_d0p3,48,0.3,9,1000,-1018.938,-1004.416,-14.521999999999936,0.0539999999999999,0.033,-1038.684,-1024.798,-13.885999999999967,0.1719999999999999,0.128
all_to_all_graph15_n48_d0p3,48,0.3,10,1000,-1026.26,-1007.242,-19.01800000000003,0.048,0.049,-1040.658,-1023.996,-16.66199999999992,0.136,0.117
all_to_all_graph16_n48_d0p3,48,0.3,1,1000,-985.286,-968.726,-16.559999999999945,0.079,0.0539999999999999,-1003.796,-989.146,-14.650000000000093,0.104,0.084
all_to_all_graph16_n48_d0p3,48,0.3,2,1000,-985.756,-970.112,-15.644000000000004,0.083,0.057,-1003.14,-988.29,-14.850000000000025,0.0909999999999999,0.063
all_to_all_graph16_n48_d0p3,48,0.3,3,1000,-985.478,-972.908,-12.569999999999936,0.08,0.0539999999999999,-1002.566,-990.33,-12.23599999999999,0.099,0.0609999999999999
all_to_all_graph16_n48_d0p3,48,0.3,4,1000,-989.28,-975.9860000000001,-13.293999999999984,0.066,0.047,-1005.036,-992.75,-12.285999999999945,0.081,0.0709999999999999
all_to_all_graph16_n48_d0p3,48,0.3,5,1000,-985.854,-965.334,-20.520000000000092,0.0359999999999999,0.0369999999999999,-1006.32,-985.19,-21.129999999999995,0.0919999999999999,0.067
all_to_all_graph16_n48_d0p3,48,0.3,6,1000,-993.382,-972.086,-21.295999999999932,0.094,0.069,-1008.714,-987.428,-21.286000000000055,0.117,0.082
all_to_all_graph16_n48_d0p3,48,0.3,7,1000,-988.566,-972.928,-15.638000000000034,0.0859999999999999,0.0539999999999999,-1004.866,-987.958,-16.908000000000015,0.0919999999999999,0.0589999999999999
all_to_all_graph16_n48_d0p3,48,0.3,8,1000,-989.7,-969.274,-20.426000000000045,0.0719999999999999,0.057,-1006.894,-987.892,-19.001999999999956,0.099,0.0759999999999999
all_to_all_graph16_n48_d0p3,48,0.3,9,1000,-967.826,-956.202,-11.624000000000024,0.064,0.0379999999999999,-992.426,-979.2840000000001,-13.142000000000053,0.078,0.0449999999999999
all_to_all_graph16_n48_d0p3,48,0.3,10,1000,-982.95,-970.158,-12.79200000000003,0.0899999999999999,0.056,-1002.022,-990.286,-11.736000000000104,0.112,0.079
all_to_all_graph17_n48_d0p3,48,0.3,1,1000,-1008.63,-991.424,-17.206000000000017,0.0769999999999999,0.0219999999999999,-1023.478,-1007.424,-16.053999999999974,0.0889999999999999,0.0359999999999999
all_to_all_graph17_n48_d0p3,48,0.3,2,1000,-1012.778,-994.468,-18.310000000000056,0.0729999999999999,0.032,-1025.186,-1008.118,-17.06799999999987,0.078,0.034
all_to_all_graph17_n48_d0p3,48,0.3,3,1000,-1006.446,-989.088,-17.35800000000006,0.041,0.021,-1020.384,-1004.66,-15.724000000000046,0.0449999999999999,0.023
all_to_all_graph17_n48_d0p3,48,0.3,4,1000,-1006.806,-986.28,-20.526000000000067,0.05,0.0219999999999999,-1022.572,-1006.304,-16.26800000000003,0.0509999999999999,0.024
all_to_all_graph17_n48_d0p3,48,0.3,5,1000,-1009.878,-987.622,-22.256000000000085,0.0769999999999999,0.027,-1027.154,-1006.868,-20.285999999999945,0.08,0.029
all_to_all_graph17_n48_d0p3,48,0.3,6,1000,-1009.846,-993.822,-16.024,0.0509999999999999,0.0179999999999999,-1022.878,-1009.612,-13.266000000000076,0.0539999999999999,0.021
all_to_all_graph17_n48_d0p3,48,0.3,7,1000,-1001.068,-988.92,-12.148000000000025,0.0219999999999999,0.019,-1016.868,-1007.502,-9.3660000000001,0.025,0.0219999999999999
all_to_all_graph17_n48_d0p3,48,0.3,8,1000,-1003.076,-987.766,-15.31000000000006,0.028,0.017,-1017.796,-1001.89,-15.906000000000065,0.031,0.019
all_to_all_graph17_n48_d0p3,48,0.3,9,1000,-1004.986,-991.472,-13.51400000000001,0.063,0.027,-1017.886,-1005.79,-12.096000000000004,0.065,0.028
all_to_all_graph17_n48_d0p3,48,0.3,10,1000,-1005.156,-986.07,-19.085999999999895,0.056,0.025,-1022.12,-1003.496,-18.624000000000024,0.0609999999999999,0.029
all_to_all_graph18_n48_d0p3,48,0.3,1,1000,-990.162,-983.54,-6.622000000000071,0.04,0.039,-1008.934,-1000.314,-8.620000000000003,0.042,0.048
all_to_all_graph18_n48_d0p3,48,0.3,2,1000,-997.692,-984.098,-13.594000000000053,0.048,0.0359999999999999,-1015.354,-1003.756,-11.59800000000007,0.0609999999999999,0.0429999999999999
all_to_all_graph18_n48_d0p3,48,0.3,3,1000,-997.342,-984.12,-13.22199999999998,0.0439999999999999,0.031,-1017.09,-1005.52,-11.57000000000005,0.0869999999999999,0.064
all_to_all_graph18_n48_d0p3,48,0.3,4,1000,-993.578,-986.884,-6.69399999999996,0.05,0.034,-1015.014,-1004.198,-10.816000000000033,0.0729999999999999,0.0509999999999999
all_to_all_graph18_n48_d0p3,48,0.3,5,1000,-1006.198,-992.108,-14.090000000000032,0.0179999999999999,0.021,-1022.35,-1009.04,-13.31000000000006,0.0739999999999999,0.0509999999999999
all_to_all_graph18_n48_d0p3,48,0.3,6,1000,-996.214,-982.326,-13.888000000000034,0.058,0.0359999999999999,-1015.36,-1001.97,-13.389999999999986,0.0709999999999999,0.0519999999999999
all_to_all_graph18_n48_d0p3,48,0.3,7,1000,-991.206,-977.254,-13.951999999999998,0.034,0.023,-1010.522,-994.384,-16.138000000000034,0.0449999999999999,0.031
all_to_all_graph18_n48_d0p3,48,0.3,8,1000,-990.382,-986.3320000000001,-4.0499999999999545,0.0509999999999999,0.035,-1013.626,-1006.444,-7.182000000000016,0.064,0.0449999999999999
all_to_all_graph18_n48_d0p3,48,0.3,9,1000,-990.484,-982.234,-8.25,0.0259999999999999,0.0149999999999999,-1015.556,-1002.206,-13.350000000000025,0.057,0.0299999999999999
all_to_all_graph18_n48_d0p3,48,0.3,10,1000,-995.656,-987.726,-7.92999999999995,0.0459999999999999,0.0359999999999999,-1019.636,-1005.01,-14.625999999999976,0.08,0.049
all_to_all_graph19_n48_d0p3,48,0.3,1,1000,-1016.432,-1004.714,-11.71799999999996,0.025,0.031,-1030.272,-1019.964,-10.30799999999988,0.066,0.079
all_to_all_graph19_n48_d0p3,48,0.3,2,1000,-1010.212,-995.0580000000001,-15.153999999999996,0.063,0.055,-1028.652,-1012.846,-15.80600000000004,0.0909999999999999,0.081
all_to_all_graph19_n48_d0p3,48,0.3,3,1000,-1010.832,-996.466,-14.365999999999984,0.048,0.0529999999999999,-1028.672,-1013.354,-15.317999999999984,0.0709999999999999,0.0729999999999999
all_to_all_graph19_n48_d0p3,48,0.3,4,1000,-1013.818,-996.454,-17.364000000000033,0.033,0.032,-1031.648,-1015.572,-16.075999999999908,0.095,0.081
all_to_all_graph19_n48_d0p3,48,0.3,5,1000,-1006.154,-990.648,-15.505999999999972,0.055,0.0379999999999999,-1024.614,-1011.05,-13.564000000000078,0.0869999999999999,0.068
all_to_all_graph19_n48_d0p3,48,0.3,6,1000,-1008.376,-995.262,-13.114000000000033,0.031,0.0369999999999999,-1027.746,-1013.556,-14.190000000000056,0.066,0.069
all_to_all_graph19_n48_d0p3,48,0.3,7,1000,-1006.836,-993.326,-13.509999999999993,0.034,0.027,-1024.152,-1008.498,-15.653999999999996,0.083,0.0599999999999999
all_to_all_graph19_n48_d0p3,48,0.3,8,1000,-1006.608,-996.288,-10.319999999999936,0.0449999999999999,0.0449999999999999,-1025.956,-1014.84,-11.115999999999872,0.085,0.0759999999999999
all_to_all_graph19_n48_d0p3,48,0.3,9,1000,-1016.912,-997.85,-19.06200000000001,0.017,0.021,-1033.496,-1015.524,-17.972000000000094,0.0889999999999999,0.083
all_to_all_graph19_n48_d0p3,48,0.3,10,1000,-1009.652,-995.172,-14.480000000000018,0.0359999999999999,0.02,-1028.702,-1011.282,-17.41999999999996,0.1,0.056
all_to_all_graph0_n48_d0p5,48,0.5,1,1000,-1328.374,-1310.512,-17.86200000000008,0.0449999999999999,0.0299999999999999,-1348.17,-1332.268,-15.902000000000044,0.057,0.041
all_to_all_graph0_n48_d0p5,48,0.5,2,1000,-1327.062,-1310.984,-16.077999999999975,0.0359999999999999,0.055,-1345.684,-1328.782,-16.902000000000044,0.0379999999999999,0.055
all_to_all_graph0_n48_d0p5,48,0.5,3,1000,-1322.826,-1304.0,-18.826000000000025,0.029,0.0299999999999999,-1342.028,-1324.196,-17.832000000000107,0.035,0.035
all_to_all_graph0_n48_d0p5,48,0.5,4,1000,-1323.17,-1304.81,-18.360000000000127,0.0369999999999999,0.0259999999999999,-1346.004,-1328.92,-17.083999999999833,0.0369999999999999,0.028
all_to_all_graph0_n48_d0p5,48,0.5,5,1000,-1314.396,-1302.774,-11.622000000000073,0.01,0.024,-1334.894,-1323.314,-11.579999999999927,0.0129999999999999,0.027
all_to_all_graph0_n48_d0p5,48,0.5,6,1000,-1339.26,-1315.066,-24.19399999999996,0.0769999999999999,0.0509999999999999,-1357.092,-1332.812,-24.2800000000002,0.079,0.0539999999999999
all_to_all_graph0_n48_d0p5,48,0.5,7,1000,-1327.064,-1311.064,-16.0,0.0429999999999999,0.04,-1346.954,-1327.316,-19.63799999999992,0.0439999999999999,0.0429999999999999
all_to_all_graph0_n48_d0p5,48,0.5,8,1000,-1317.514,-1301.022,-16.491999999999962,0.041,0.0379999999999999,-1339.566,-1321.438,-18.12799999999993,0.047,0.039
all_to_all_graph0_n48_d0p5,48,0.5,9,1000,-1324.48,-1304.386,-20.094000000000047,0.029,0.019,-1344.384,-1325.232,-19.152000000000044,0.032,0.019
all_to_all_graph0_n48_d0p5,48,0.5,10,1000,-1319.996,-1308.216,-11.7800000000002,0.035,0.041,-1345.276,-1330.602,-14.673999999999978,0.0369999999999999,0.0439999999999999
all_to_all_graph1_n48_d0p5,48,0.5,1,1000,-1402.476,-1373.034,-29.442000000000007,0.0259999999999999,0.04,-1434.718,-1402.86,-31.85800000000017,0.138,0.105
all_to_all_graph1_n48_d0p5,48,0.5,2,1000,-1405.076,-1388.45,-16.625999999999976,0.1439999999999999,0.127,-1437.114,-1410.988,-26.125999999999976,0.185,0.1489999999999999
all_to_all_graph1_n48_d0p5,48,0.5,3,1000,-1405.752,-1368.842,-36.909999999999854,0.0859999999999999,0.0599999999999999,-1432.358,-1391.864,-40.49399999999992,0.122,0.0869999999999999
all_to_all_graph1_n48_d0p5,48,0.5,4,1000,-1402.846,-1374.772,-28.07400000000007,0.0449999999999999,0.0439999999999999,-1423.894,-1397.45,-26.44399999999996,0.083,0.07
all_to_all_graph1_n48_d0p5,48,0.5,5,1000,-1398.988,-1371.548,-27.44000000000005,0.1409999999999999,0.095,-1426.36,-1403.556,-22.80399999999986,0.199,0.128
all_to_all_graph1_n48_d0p5,48,0.5,6,1000,-1393.974,-1372.198,-21.77599999999984,0.021,0.034,-1426.134,-1402.666,-23.468000000000075,0.0889999999999999,0.07
all_to_all_graph1_n48_d0p5,48,0.5,7,1000,-1388.71,-1379.438,-9.271999999999935,0.101,0.1019999999999999,-1423.194,-1404.434,-18.75999999999999,0.159,0.122
all_to_all_graph1_n48_d0p5,48,0.5,8,1000,-1411.126,-1374.44,-36.68599999999992,0.05,0.063,-1441.556,-1404.278,-37.27800000000002,0.1489999999999999,0.1019999999999999
all_to_all_graph1_n48_d0p5,48,0.5,9,1000,-1393.976,-1377.734,-16.24200000000019,0.0759999999999999,0.065,-1425.314,-1408.716,-16.598000000000184,0.125,0.095
all_to_all_graph1_n48_d0p5,48,0.5,10,1000,-1413.536,-1374.506,-39.029999999999966,0.1019999999999999,0.0719999999999999,-1442.294,-1403.724,-38.57000000000016,0.2409999999999999,0.1489999999999999
all_to_all_graph2_n48_d0p5,48,0.5,1,1000,-1340.238,-1323.718,-16.519999999999982,0.0529999999999999,0.0379999999999999,-1360.44,-1341.528,-18.912000000000035,0.063,0.0459999999999999
all_to_all_graph2_n48_d0p5,48,0.5,2,1000,-1339.678,-1322.284,-17.394000000000005,0.028,0.01,-1360.838,-1339.458,-21.37999999999988,0.035,0.012
all_to_all_graph2_n48_d0p5,48,0.5,3,1000,-1337.818,-1315.6,-22.218000000000075,0.027,0.02,-1360.082,-1337.232,-22.850000000000136,0.031,0.0219999999999999
all_to_all_graph2_n48_d0p5,48,0.5,4,1000,-1331.536,-1309.446,-22.090000000000146,0.0459999999999999,0.0259999999999999,-1356.714,-1335.46,-21.253999999999905,0.0539999999999999,0.027
all_to_all_graph2_n48_d0p5,48,0.5,5,1000,-1343.134,-1323.94,-19.19399999999996,0.0219999999999999,0.01,-1358.776,-1341.412,-17.364000000000033,0.029,0.0179999999999999
all_to_all_graph2_n48_d0p5,48,0.5,6,1000,-1343.874,-1324.064,-19.809999999999945,0.055,0.019,-1359.122,-1343.556,-15.566000000000033,0.057,0.021
all_to_all_graph2_n48_d0p5,48,0.5,7,1000,-1347.566,-1323.264,-24.30200000000013,0.0149999999999999,0.021,-1363.94,-1341.318,-22.62200000000007,0.0149999999999999,0.021
all_to_all_graph2_n48_d0p5,48,0.5,8,1000,-1338.244,-1318.428,-19.815999999999804,0.04,0.029,-1357.524,-1339.816,-17.707999999999856,0.0459999999999999,0.031
all_to_all_graph2_n48_d0p5,48,0.5,9,1000,-1343.262,-1326.622,-16.639999999999873,0.055,0.029,-1360.588,-1344.996,-15.591999999999873,0.066,0.034
all_to_all_graph2_n48_d0p5,48,0.5,10,1000,-1336.864,-1315.508,-21.355999999999995,0.039,0.021,-1355.67,-1335.286,-20.38400000000001,0.042,0.024
all_to_all_graph3_n48_d0p5,48,0.5,1,1000,-1305.59,-1294.762,-10.827999999999976,0.033,0.0359999999999999,-1333.698,-1317.816,-15.882000000000062,0.1189999999999999,0.098
all_to_all_graph3_n48_d0p5,48,0.5,2,1000,-1315.576,-1305.834,-9.741999999999962,0.0459999999999999,0.049,-1337.842,-1324.676,-13.166000000000167,0.104,0.095
all_to_all_graph3_n48_d0p5,48,0.5,3,1000,-1318.352,-1307.034,-11.317999999999984,0.0529999999999999,0.0869999999999999,-1344.174,-1327.526,-16.64799999999991,0.1459999999999999,0.1409999999999999
all_to_all_graph3_n48_d0p5,48,0.5,4,1000,-1303.136,-1292.488,-10.647999999999913,0.029,0.048,-1333.512,-1317.052,-16.460000000000036,0.079,0.0749999999999999
all_to_all_graph3_n48_d0p5,48,0.5,5,1000,-1321.182,-1299.01,-22.172000000000025,0.047,0.0589999999999999,-1341.982,-1317.488,-24.493999999999915,0.109,0.1
all_to_all_graph3_n48_d0p5,48,0.5,6,1000,-1323.94,-1303.55,-20.3900000000001,0.068,0.068,-1342.748,-1323.462,-19.286000000000055,0.157,0.136
all_to_all_graph3_n48_d0p5,48,0.5,7,1000,-1314.096,-1292.19,-21.90599999999995,0.04,0.057,-1337.82,-1314.366,-23.45399999999995,0.112,0.094
all_to_all_graph3_n48_d0p5,48,0.5,8,1000,-1319.214,-1300.122,-19.09199999999987,0.0909999999999999,0.0869999999999999,-1346.828,-1320.61,-26.218000000000075,0.1739999999999999,0.13
all_to_all_graph3_n48_d0p5,48,0.5,9,1000,-1321.338,-1297.116,-24.22199999999998,0.0609999999999999,0.082,-1342.216,-1319.788,-22.427999999999884,0.099,0.104
all_to_all_graph3_n48_d0p5,48,0.5,10,1000,-1316.762,-1303.14,-13.621999999999844,0.084,0.097,-1340.542,-1323.424,-17.117999999999938,0.122,0.117
all_to_all_graph4_n48_d0p5,48,0.5,1,1000,-1420.6,-1398.38,-22.2199999999998,0.101,0.068,-1445.208,-1420.502,-24.706000000000127,0.133,0.098
all_to_all_graph4_n48_d0p5,48,0.5,2,1000,-1430.624,-1410.008,-20.615999999999985,0.042,0.067,-1457.12,-1430.318,-26.801999999999907,0.109,0.108
all_to_all_graph4_n48_d0p5,48,0.5,3,1000,-1432.584,-1413.668,-18.916000000000167,0.128,0.094,-1456.754,-1435.938,-20.815999999999804,0.1459999999999999,0.12
all_to_all_graph4_n48_d0p5,48,0.5,4,1000,-1421.488,-1404.468,-17.019999999999982,0.111,0.1,-1453.896,-1427.12,-26.776000000000067,0.137,0.123
all_to_all_graph4_n48_d0p5,48,0.5,5,1000,-1420.116,-1400.01,-20.105999999999995,0.0769999999999999,0.0609999999999999,-1447.87,-1426.67,-21.199999999999815,0.135,0.114
all_to_all_graph4_n48_d0p5,48,0.5,6,1000,-1427.844,-1402.608,-25.236000000000104,0.137,0.07,-1455.192,-1425.21,-29.981999999999967,0.198,0.151
all_to_all_graph4_n48_d0p5,48,0.5,7,1000,-1430.71,-1412.496,-18.213999999999945,0.0729999999999999,0.082,-1454.73,-1433.958,-20.77199999999993,0.1019999999999999,0.131
all_to_all_graph4_n48_d0p5,48,0.5,8,1000,-1424.104,-1408.94,-15.163999999999987,0.0929999999999999,0.055,-1450.68,-1429.462,-21.218000000000075,0.14,0.098
all_to_all_graph4_n48_d0p5,48,0.5,9,1000,-1423.758,-1404.416,-19.342000000000095,0.0519999999999999,0.0429999999999999,-1451.494,-1428.004,-23.49000000000001,0.1459999999999999,0.129
all_to_all_graph4_n48_d0p5,48,0.5,10,1000,-1431.666,-1399.046,-32.61999999999989,0.108,0.0509999999999999,-1462.33,-1425.052,-37.27800000000002,0.1799999999999999,0.124
all_to_all_graph5_n48_d0p5,48,0.5,1,1000,-1364.522,-1338.478,-26.04399999999987,0.111,0.0589999999999999,-1385.742,-1359.748,-25.993999999999915,0.127,0.078
all_to_all_graph5_n48_d0p5,48,0.5,2,1000,-1365.006,-1338.432,-26.57400000000007,0.0709999999999999,0.068,-1382.448,-1358.708,-23.74000000000001,0.0899999999999999,0.081
all_to_all_graph5_n48_d0p5,48,0.5,3,1000,-1367.866,-1337.07,-30.79600000000005,0.0719999999999999,0.062,-1391.834,-1359.64,-32.19399999999996,0.1449999999999999,0.115
all_to_all_graph5_n48_d0p5,48,0.5,4,1000,-1360.7,-1337.478,-23.22199999999998,0.0899999999999999,0.0719999999999999,-1383.604,-1361.782,-21.82200000000012,0.122,0.1019999999999999
all_to_all_graph5_n48_d0p5,48,0.5,5,1000,-1362.1,-1344.806,-17.29399999999987,0.056,0.0449999999999999,-1380.898,-1362.356,-18.54199999999992,0.1,0.083
all_to_all_graph5_n48_d0p5,48,0.5,6,1000,-1358.068,-1332.188,-25.87999999999988,0.099,0.0459999999999999,-1378.702,-1354.56,-24.142000000000053,0.129,0.063
all_to_all_graph5_n48_d0p5,48,0.5,7,1000,-1366.264,-1334.408,-31.855999999999995,0.098,0.0589999999999999,-1384.36,-1355.8,-28.559999999999945,0.112,0.082
all_to_all_graph5_n48_d0p5,48,0.5,8,1000,-1365.02,-1345.138,-19.882000000000065,0.0739999999999999,0.058,-1386.246,-1363.608,-22.638000000000147,0.095,0.079
all_to_all_graph5_n48_d0p5,48,0.5,9,1000,-1360.048,-1336.196,-23.85200000000009,0.066,0.0429999999999999,-1378.878,-1356.986,-21.891999999999825,0.0889999999999999,0.0739999999999999
all_to_all_graph5_n48_d0p5,48,0.5,10,1000,-1364.67,-1337.588,-27.082000000000107,0.133,0.0919999999999999,-1384.5,-1358.436,-26.06400000000008,0.163,0.105
all_to_all_graph6_n48_d0p5,48,0.5,1,1000,-1260.804,-1243.484,-17.320000000000164,0.0379999999999999,0.024,-1279.764,-1261.228,-18.53599999999983,0.0449999999999999,0.04
all_to_all_graph6_n48_d0p5,48,0.5,2,1000,-1270.67,-1247.694,-22.976000000000116,0.027,0.014,-1286.528,-1264.72,-21.807999999999996,0.0379999999999999,0.024
all_to_all_graph6_n48_d0p5,48,0.5,3,1000,-1253.296,-1246.604,-6.692000000000007,0.016,0.023,-1273.638,-1261.764,-11.874000000000024,0.031,0.04
all_to_all_graph6_n48_d0p5,48,0.5,4,1000,-1264.216,-1246.47,-17.745999999999867,0.0299999999999999,0.024,-1279.794,-1262.358,-17.43600000000015,0.0369999999999999,0.029
all_to_all_graph6_n48_d0p5,48,0.5,5,1000,-1268.236,-1254.724,-13.512000000000173,0.0439999999999999,0.0449999999999999,-1283.378,-1269.72,-13.657999999999902,0.0599999999999999,0.0519999999999999
all_to_all_graph6_n48_d0p5,48,0.5,6,1000,-1265.548,-1247.308,-18.24000000000001,0.0439999999999999,0.035,-1279.724,-1262.842,-16.881999999999834,0.049,0.0369999999999999
all_to_all_graph6_n48_d0p5,48,0.5,7,1000,-1260.796,-1248.034,-12.761999999999944,0.008,0.021,-1280.622,-1265.918,-14.704000000000178,0.031,0.047
all_to_all_graph6_n48_d0p5,48,0.5,8,1000,-1260.322,-1245.966,-14.355999999999996,0.0449999999999999,0.0259999999999999,-1276.834,-1264.148,-12.686000000000147,0.055,0.0379999999999999
all_to_all_graph6_n48_d0p5,48,0.5,9,1000,-1249.734,-1242.374,-7.3599999999999,0.027,0.019,-1272.356,-1262.42,-9.93599999999992,0.048,0.04
all_to_all_graph6_n48_d0p5,48,0.5,10,1000,-1262.812,-1239.938,-22.8739999999998,0.0379999999999999,0.017,-1278.318,-1258.086,-20.231999999999967,0.049,0.0359999999999999
all_to_all_graph7_n48_d0p5,48,0.5,1,1000,-1270.814,-1261.42,-9.394000000000004,0.031,0.034,-1289.074,-1280.284,-8.789999999999964,0.0509999999999999,0.058
all_to_all_graph7_n48_d0p5,48,0.5,2,1000,-1269.152,-1255.534,-13.617999999999938,0.065,0.0589999999999999,-1290.696,-1274.636,-16.059999999999945,0.0929999999999999,0.0709999999999999
all_to_all_graph7_n48_d0p5,48,0.5,3,1000,-1275.776,-1259.93,-15.846000000000004,0.0769999999999999,0.058,-1295.076,-1280.094,-14.981999999999973,0.1019999999999999,0.078
all_to_all_graph7_n48_d0p5,48,0.5,4,1000,-1270.392,-1256.178,-14.213999999999942,0.034,0.032,-1289.34,-1274.954,-14.385999999999967,0.0459999999999999,0.0449999999999999
all_to_all_graph7_n48_d0p5,48,0.5,5,1000,-1268.028,-1260.734,-7.294000000000096,0.05,0.0449999999999999,-1290.194,-1283.644,-6.5499999999999545,0.082,0.069
all_to_all_graph7_n48_d0p5,48,0.5,6,1000,-1273.94,-1258.126,-15.814000000000078,0.068,0.0599999999999999,-1291.146,-1277.27,-13.875999999999976,0.078,0.0749999999999999
all_to_all_graph7_n48_d0p5,48,0.5,7,1000,-1267.64,-1259.562,-8.078000000000204,0.032,0.0369999999999999,-1287.18,-1275.65,-11.529999999999973,0.066,0.05
all_to_all_graph7_n48_d0p5,48,0.5,8,1000,-1261.61,-1255.496,-6.1139999999998045,0.028,0.042,-1282.758,-1275.408,-7.350000000000136,0.066,0.0709999999999999
all_to_all_graph7_n48_d0p5,48,0.5,9,1000,-1265.542,-1258.74,-6.801999999999907,0.0369999999999999,0.034,-1285.09,-1276.746,-8.343999999999822,0.062,0.0539999999999999
all_to_all_graph7_n48_d0p5,48,0.5,10,1000,-1271.982,-1259.976,-12.005999999999858,0.047,0.047,-1289.28,-1280.1,-9.180000000000064,0.0729999999999999,0.0709999999999999
all_to_all_graph8_n48_d0p5,48,0.5,1,1000,-1300.334,-1281.868,-18.46600000000012,0.029,0.023,-1323.312,-1304.218,-19.093999999999824,0.047,0.0369999999999999
all_to_all_graph8_n48_d0p5,48,0.5,2,1000,-1308.358,-1279.728,-28.62999999999988,0.0449999999999999,0.042,-1328.902,-1299.628,-29.274000000000115,0.0459999999999999,0.0449999999999999
all_to_all_graph8_n48_d0p5,48,0.5,3,1000,-1316.798,-1279.238,-37.559999999999945,0.024,0.025,-1334.126,-1299.176,-34.950000000000045,0.032,0.031
all_to_all_graph8_n48_d0p5,48,0.5,4,1000,-1322.126,-1286.386,-35.74000000000001,0.0429999999999999,0.027,-1336.482,-1304.36,-32.12200000000007,0.0459999999999999,0.033
all_to_all_graph8_n48_d0p5,48,0.5,5,1000,-1325.79,-1285.848,-39.94200000000001,0.027,0.025,-1340.514,-1303.554,-36.95999999999981,0.035,0.028
all_to_all_graph8_n48_d0p5,48,0.5,6,1000,-1312.158,-1281.576,-30.58199999999988,0.0179999999999999,0.025,-1330.868,-1301.49,-29.37799999999993,0.023,0.035
all_to_all_graph8_n48_d0p5,48,0.5,7,1000,-1311.84,-1280.288,-31.551999999999907,0.028,0.0369999999999999,-1330.864,-1301.452,-29.412000000000035,0.042,0.0439999999999999
all_to_all_graph8_n48_d0p5,48,0.5,8,1000,-1313.468,-1282.078,-31.3900000000001,0.031,0.029,-1329.608,-1302.102,-27.505999999999855,0.033,0.031
all_to_all_graph8_n48_d0p5,48,0.5,9,1000,-1306.654,-1278.724,-27.930000000000064,0.0299999999999999,0.027,-1327.692,-1296.596,-31.096000000000004,0.0299999999999999,0.027
all_to_all_graph8_n48_d0p5,48,0.5,10,1000,-1314.968,-1287.688,-27.279999999999973,0.067,0.032,-1331.608,-1303.694,-27.913999999999987,0.0719999999999999,0.035
all_to_all_graph9_n48_d0p5,48,0.5,1,1000,-1345.58,-1330.706,-14.874000000000024,0.008,0.016,-1364.332,-1349.376,-14.956000000000133,0.021,0.028
all_to_all_graph9_n48_d0p5,48,0.5,2,1000,-1343.658,-1327.428,-16.22999999999979,0.005,0.0129999999999999,-1364.668,-1345.086,-19.58199999999988,0.02,0.021
all_to_all_graph9_n48_d0p5,48,0.5,3,1000,-1351.39,-1330.152,-21.238000000000056,0.006,0.01,-1367.208,-1346.044,-21.163999999999987,0.029,0.021
all_to_all_graph9_n48_d0p5,48,0.5,4,1000,-1349.538,-1333.18,-16.357999999999947,0.049,0.032,-1367.262,-1351.312,-15.950000000000044,0.0589999999999999,0.034
all_to_all_graph9_n48_d0p5,48,0.5,5,1000,-1349.748,-1336.306,-13.442000000000007,0.0369999999999999,0.04,-1368.924,-1352.854,-16.069999999999936,0.069,0.057
all_to_all_graph9_n48_d0p5,48,0.5,6,1000,-1345.418,-1332.02,-13.397999999999913,0.004,0.0129999999999999,-1362.854,-1347.432,-15.422000000000024,0.0129999999999999,0.019
all_to_all_graph9_n48_d0p5,48,0.5,7,1000,-1343.83,-1332.904,-10.925999999999933,0.0109999999999999,0.0259999999999999,-1359.5,-1348.292,-11.208000000000084,0.024,0.034
all_to_all_graph9_n48_d0p5,48,0.5,8,1000,-1349.832,-1334.462,-15.370000000000118,0.0109999999999999,0.014,-1367.836,-1353.57,-14.266000000000076,0.034,0.032
all_to_all_graph9_n48_d0p5,48,0.5,9,1000,-1355.376,-1334.516,-20.8599999999999,0.016,0.0149999999999999,-1371.29,-1350.332,-20.957999999999856,0.033,0.027
all_to_all_graph9_n48_d0p5,48,0.5,10,1000,-1349.212,-1329.074,-20.13799999999992,0.003,0.016,-1366.092,-1348.05,-18.042000000000144,0.005,0.0219999999999999
all_to_all_graph10_n48_d0p5,48,0.5,1,1000,-1465.858,-1433.2,-32.6579999999999,0.2999999999999999,0.233,-1495.242,-1463.826,-31.41599999999994,0.334,0.266
all_to_all_graph10_n48_d0p5,48,0.5,2,1000,-1472.442,-1434.018,-38.42399999999998,0.2439999999999999,0.193,-1505.7,-1467.66,-38.03999999999997,0.2949999999999999,0.234
all_to_all_graph10_n48_d0p5,48,0.5,3,1000,-1467.304,-1438.142,-29.162000000000035,0.218,0.191,-1493.97,-1467.254,-26.71600000000012,0.253,0.229
all_to_all_graph10_n48_d0p5,48,0.5,4,1000,-1482.688,-1451.208,-31.480000000000015,0.37,0.2959999999999999,-1509.22,-1476.818,-32.402000000000044,0.402,0.313
all_to_all_graph10_n48_d0p5,48,0.5,5,1000,-1484.616,-1458.66,-25.955999999999904,0.226,0.2379999999999999,-1508.034,-1485.464,-22.570000000000164,0.2969999999999999,0.2919999999999999
all_to_all_graph10_n48_d0p5,48,0.5,6,1000,-1487.394,-1446.802,-40.5920000000001,0.2969999999999999,0.232,-1509.766,-1477.398,-32.368000000000166,0.382,0.2919999999999999
all_to_all_graph10_n48_d0p5,48,0.5,7,1000,-1473.48,-1436.966,-36.51400000000013,0.274,0.2079999999999999,-1496.288,-1463.306,-32.98199999999997,0.312,0.2369999999999999
all_to_all_graph10_n48_d0p5,48,0.5,8,1000,-1471.09,-1445.562,-25.52800000000002,0.224,0.22,-1497.512,-1474.732,-22.779999999999973,0.314,0.27
all_to_all_graph10_n48_d0p5,48,0.5,9,1000,-1489.066,-1438.488,-50.577999999999975,0.2419999999999999,0.1769999999999999,-1516.386,-1472.91,-43.475999999999885,0.311,0.225
all_to_all_graph10_n48_d0p5,48,0.5,10,1000,-1484.664,-1455.448,-29.21599999999989,0.375,0.2969999999999999,-1505.196,-1479.504,-25.692000000000007,0.4149999999999999,0.327
all_to_all_graph11_n48_d0p5,48,0.5,1,1000,-1423.87,-1400.74,-23.12999999999988,0.0589999999999999,0.0539999999999999,-1441.086,-1420.564,-20.52199999999993,0.0719999999999999,0.0769999999999999
all_to_all_graph11_n48_d0p5,48,0.5,2,1000,-1419.892,-1399.772,-20.12000000000012,0.039,0.056,-1442.736,-1419.76,-22.976000000000116,0.078,0.0739999999999999
all_to_all_graph11_n48_d0p5,48,0.5,3,1000,-1418.892,-1396.756,-22.135999999999967,0.057,0.0539999999999999,-1440.286,-1417.018,-23.26800000000003,0.07,0.0599999999999999
all_to_all_graph11_n48_d0p5,48,0.5,4,1000,-1417.8,-1403.724,-14.076000000000022,0.04,0.0539999999999999,-1434.994,-1421.356,-13.63799999999992,0.049,0.056
all_to_all_graph11_n48_d0p5,48,0.5,5,1000,-1421.15,-1404.696,-16.45400000000018,0.0539999999999999,0.069,-1438.878,-1421.258,-17.61999999999989,0.08,0.08
all_to_all_graph11_n48_d0p5,48,0.5,6,1000,-1427.952,-1403.216,-24.736000000000104,0.0769999999999999,0.0459999999999999,-1441.876,-1423.296,-18.579999999999927,0.0869999999999999,0.0539999999999999
all_to_all_graph11_n48_d0p5,48,0.5,7,1000,-1418.654,-1399.99,-18.663999999999987,0.07,0.0719999999999999,-1440.406,-1419.822,-20.58400000000006,0.08,0.0759999999999999
all_to_all_graph11_n48_d0p5,48,0.5,8,1000,-1429.184,-1412.654,-16.529999999999973,0.0449999999999999,0.0599999999999999,-1446.396,-1428.396,-18.0,0.058,0.07
all_to_all_graph11_n48_d0p5,48,0.5,9,1000,-1412.816,-1400.266,-12.549999999999956,0.0379999999999999,0.0359999999999999,-1431.956,-1419.148,-12.807999999999993,0.041,0.04
all_to_all_graph11_n48_d0p5,48,0.5,10,1000,-1417.732,-1400.868,-16.864000000000033,0.0759999999999999,0.0539999999999999,-1438.354,-1420.004,-18.350000000000136,0.085,0.066
all_to_all_graph12_n48_d0p5,48,0.5,1,1000,-1326.094,-1309.832,-16.261999999999944,0.0609999999999999,0.029,-1354.326,-1332.952,-21.374000000000024,0.116,0.0759999999999999
all_to_all_graph12_n48_d0p5,48,0.5,2,1000,-1331.35,-1313.146,-18.20399999999995,0.0729999999999999,0.0459999999999999,-1351.606,-1335.02,-16.586000000000013,0.121,0.0859999999999999
all_to_all_graph12_n48_d0p5,48,0.5,3,1000,-1336.404,-1317.136,-19.26800000000003,0.079,0.067,-1364.112,-1341.612,-22.5,0.1719999999999999,0.127
all_to_all_graph12_n48_d0p5,48,0.5,4,1000,-1330.43,-1315.63,-14.799999999999956,0.062,0.0709999999999999,-1349.678,-1334.15,-15.52800000000002,0.1,0.1
all_to_all_graph12_n48_d0p5,48,0.5,5,1000,-1325.388,-1306.584,-18.80399999999986,0.0439999999999999,0.042,-1352.678,-1331.954,-20.72400000000016,0.115,0.097
all_to_all_graph12_n48_d0p5,48,0.5,6,1000,-1335.762,-1319.154,-16.607999999999947,0.078,0.063,-1358.456,-1338.004,-20.452,0.1499999999999999,0.111
all_to_all_graph12_n48_d0p5,48,0.5,7,1000,-1332.81,-1314.528,-18.281999999999925,0.0769999999999999,0.057,-1357.174,-1341.08,-16.09400000000005,0.133,0.105
all_to_all_graph12_n48_d0p5,48,0.5,8,1000,-1334.12,-1318.958,-15.161999999999807,0.079,0.0529999999999999,-1353.068,-1338.544,-14.523999999999887,0.128,0.1019999999999999
all_to_all_graph12_n48_d0p5,48,0.5,9,1000,-1337.482,-1318.834,-18.64799999999991,0.108,0.081,-1357.094,-1340.074,-17.019999999999982,0.152,0.12
all_to_all_graph12_n48_d0p5,48,0.5,10,1000,-1340.264,-1324.624,-15.639999999999873,0.079,0.067,-1358.454,-1340.67,-17.783999999999878,0.126,0.105
all_to_all_graph13_n48_d0p5,48,0.5,1,1000,-1434.562,-1401.456,-33.105999999999995,0.13,0.067,-1459.518,-1428.926,-30.592000000000095,0.153,0.105
all_to_all_graph13_n48_d0p5,48,0.5,2,1000,-1436.126,-1402.922,-33.20399999999995,0.0,0.003,-1463.088,-1427.248,-35.83999999999992,0.0429999999999999,0.069
all_to_all_graph13_n48_d0p5,48,0.5,3,1000,-1419.736,-1406.65,-13.086000000000013,0.082,0.084,-1450.734,-1432.968,-17.76599999999985,0.1499999999999999,0.112
all_to_all_graph13_n48_d0p5,48,0.5,4,1000,-1427.464,-1392.278,-35.18599999999992,0.0859999999999999,0.0609999999999999,-1451.59,-1417.818,-33.771999999999935,0.117,0.085
all_to_all_graph13_n48_d0p5,48,0.5,5,1000,-1437.302,-1410.058,-27.243999999999915,0.104,0.065,-1461.818,-1433.674,-28.144000000000005,0.123,0.0729999999999999
all_to_all_graph13_n48_d0p5,48,0.5,6,1000,-1439.29,-1401.31,-37.98000000000002,0.132,0.08,-1460.068,-1426.388,-33.680000000000064,0.1439999999999999,0.0879999999999999
all_to_all_graph13_n48_d0p5,48,0.5,7,1000,-1432.54,-1400.258,-32.281999999999925,0.0449999999999999,0.0529999999999999,-1465.186,-1431.526,-33.659999999999854,0.153,0.0899999999999999
all_to_all_graph13_n48_d0p5,48,0.5,8,1000,-1429.79,-1400.882,-28.907999999999905,0.064,0.0529999999999999,-1463.182,-1429.322,-33.86000000000013,0.158,0.101
all_to_all_graph13_n48_d0p5,48,0.5,9,1000,-1421.356,-1394.188,-27.167999999999893,0.0749999999999999,0.063,-1451.808,-1423.64,-28.167999999999893,0.104,0.069
all_to_all_graph13_n48_d0p5,48,0.5,10,1000,-1429.746,-1394.84,-34.906000000000176,0.066,0.0439999999999999,-1457.564,-1425.112,-32.452,0.0869999999999999,0.0709999999999999
all_to_all_graph14_n48_d0p5,48,0.5,1,1000,-1304.398,-1288.728,-15.669999999999844,0.085,0.069,-1330.9,-1310.794,-20.105999999999995,0.1799999999999999,0.135
all_to_all_graph14_n48_d0p5,48,0.5,2,1000,-1314.3,-1294.856,-19.44399999999996,0.028,0.0179999999999999,-1333.786,-1312.836,-20.950000000000045,0.1739999999999999,0.132
all_to_all_graph14_n48_d0p5,48,0.5,3,1000,-1320.362,-1293.6,-26.762000000000167,0.098,0.08,-1337.738,-1309.672,-28.06600000000003,0.19,0.151
all_to_all_graph14_n48_d0p5,48,0.5,4,1000,-1314.192,-1287.628,-26.56400000000008,0.1479999999999999,0.083,-1333.596,-1308.49,-25.105999999999995,0.195,0.13
all_to_all_graph14_n48_d0p5,48,0.5,5,1000,-1320.404,-1291.478,-28.925999999999927,0.096,0.079,-1342.44,-1309.086,-33.35400000000004,0.2129999999999999,0.132
all_to_all_graph14_n48_d0p5,48,0.5,6,1000,-1317.068,-1291.062,-26.006000000000085,0.115,0.08,-1336.73,-1307.896,-28.83400000000006,0.185,0.126
all_to_all_graph14_n48_d0p5,48,0.5,7,1000,-1309.212,-1290.174,-19.038000000000007,0.094,0.069,-1331.59,-1310.69,-20.899999999999864,0.1739999999999999,0.114
all_to_all_graph14_n48_d0p5,48,0.5,8,1000,-1319.306,-1295.996,-23.309999999999945,0.085,0.0609999999999999,-1337.118,-1313.07,-24.048,0.2069999999999999,0.158
all_to_all_graph14_n48_d0p5,48,0.5,9,1000,-1312.168,-1287.08,-25.087999999999965,0.0769999999999999,0.0529999999999999,-1334.996,-1306.734,-28.262000000000167,0.1719999999999999,0.107
all_to_all_graph14_n48_d0p5,48,0.5,10,1000,-1315.144,-1294.806,-20.337999999999965,0.0379999999999999,0.0459999999999999,-1337.744,-1314.8,-22.94399999999996,0.154,0.125
all_to_all_graph15_n48_d0p5,48,0.5,1,1000,-1368.698,-1331.152,-37.54600000000005,0.202,0.1489999999999999,-1388.614,-1352.39,-36.223999999999926,0.257,0.1759999999999999
all_to_all_graph15_n48_d0p5,48,0.5,2,1000,-1364.31,-1321.22,-43.08999999999992,0.199,0.133,-1390.524,-1346.996,-43.52799999999979,0.28,0.1739999999999999
all_to_all_graph15_n48_d0p5,48,0.5,3,1000,-1366.014,-1336.416,-29.59799999999996,0.13,0.124,-1396.512,-1359.374,-37.13799999999992,0.256,0.189
all_to_all_graph15_n48_d0p5,48,0.5,4,1000,-1350.478,-1320.512,-29.96600000000012,0.057,0.0359999999999999,-1376.912,-1346.084,-30.82799999999997,0.221,0.1499999999999999
all_to_all_graph15_n48_d0p5,48,0.5,5,1000,-1355.646,-1324.328,-31.317999999999984,0.1769999999999999,0.1429999999999999,-1376.792,-1346.068,-30.723999999999933,0.247,0.1749999999999999
all_to_all_graph15_n48_d0p5,48,0.5,6,1000,-1365.496,-1327.982,-37.51400000000013,0.185,0.122,-1387.502,-1349.982,-37.51999999999998,0.246,0.1749999999999999
all_to_all_graph15_n48_d0p5,48,0.5,7,1000,-1360.494,-1323.03,-37.463999999999935,0.184,0.12,-1383.122,-1350.594,-32.52800000000002,0.25,0.171
all_to_all_graph15_n48_d0p5,48,0.5,8,1000,-1360.578,-1320.506,-40.07199999999989,0.197,0.1479999999999999,-1382.118,-1344.012,-38.106,0.245,0.1799999999999999
all_to_all_graph15_n48_d0p5,48,0.5,9,1000,-1355.092,-1319.364,-35.728000000000065,0.167,0.124,-1382.494,-1345.218,-37.27599999999984,0.2379999999999999,0.159
all_to_all_graph15_n48_d0p5,48,0.5,10,1000,-1358.284,-1330.944,-27.340000000000146,0.191,0.182,-1381.272,-1356.644,-24.62799999999993,0.2379999999999999,0.2119999999999999
all_to_all_graph16_n48_d0p5,48,0.5,1,1000,-1352.772,-1299.474,-53.298,0.107,0.042,-1366.67,-1317.6,-49.07000000000016,0.1179999999999999,0.05
all_to_all_graph16_n48_d0p5,48,0.5,2,1000,-1343.844,-1285.824,-58.01999999999998,0.039,0.019,-1362.658,-1304.168,-58.49000000000001,0.0459999999999999,0.0259999999999999
all_to_all_graph16_n48_d0p5,48,0.5,3,1000,-1327.376,-1285.584,-41.79199999999992,0.0589999999999999,0.0299999999999999,-1350.35,-1307.49,-42.8599999999999,0.081,0.041
all_to_all_graph16_n48_d0p5,48,0.5,4,1000,-1337.788,-1299.44,-38.34799999999996,0.0539999999999999,0.041,-1360.956,-1320.748,-40.207999999999856,0.067,0.0509999999999999
all_to_all_graph16_n48_d0p5,48,0.5,5,1000,-1351.46,-1293.708,-57.75199999999995,0.184,0.055,-1366.29,-1309.26,-57.029999999999966,0.19,0.058
all_to_all_graph16_n48_d0p5,48,0.5,6,1000,-1356.718,-1296.712,-60.006000000000085,0.032,0.0149999999999999,-1381.472,-1317.084,-64.38799999999992,0.191,0.067
all_to_all_graph16_n48_d0p5,48,0.5,7,1000,-1343.552,-1299.48,-44.07199999999989,0.024,0.019,-1364.882,-1317.532,-47.350000000000136,0.064,0.042
all_to_all_graph16_n48_d0p5,48,0.5,8,1000,-1335.37,-1291.836,-43.53399999999988,0.137,0.055,-1355.59,-1310.912,-44.67799999999989,0.159,0.062
all_to_all_graph16_n48_d0p5,48,0.5,9,1000,-1341.872,-1294.218,-47.654,0.124,0.0459999999999999,-1360.344,-1314.528,-45.81600000000003,0.136,0.0529999999999999
all_to_all_graph16_n48_d0p5,48,0.5,10,1000,-1325.516,-1290.348,-35.16800000000012,0.024,0.017,-1344.75,-1307.494,-37.256000000000085,0.05,0.042
all_to_all_graph17_n48_d0p5,48,0.5,1,1000,-1302.902,-1280.292,-22.610000000000127,0.008,0.0109999999999999,-1317.152,-1295.476,-21.675999999999927,0.0179999999999999,0.0179999999999999
all_to_all_graph17_n48_d0p5,48,0.5,2,1000,-1297.818,-1282.236,-15.58199999999988,0.0129999999999999,0.007,-1312.876,-1301.518,-11.357999999999947,0.016,0.0109999999999999
all_to_all_graph17_n48_d0p5,48,0.5,3,1000,-1304.316,-1284.768,-19.548,0.039,0.02,-1321.464,-1303.242,-18.22199999999998,0.055,0.028
all_to_all_graph17_n48_d0p5,48,0.5,4,1000,-1303.194,-1283.354,-19.83999999999992,0.025,0.017,-1317.762,-1298.816,-18.945999999999916,0.0299999999999999,0.032
all_to_all_graph17_n48_d0p5,48,0.5,5,1000,-1294.806,-1280.882,-13.923999999999978,0.006,0.008,-1312.894,-1296.784,-16.1099999999999,0.016,0.0089999999999999
all_to_all_graph17_n48_d0p5,48,0.5,6,1000,-1301.476,-1282.8,-18.67600000000016,0.02,0.008,-1319.598,-1301.286,-18.311999999999895,0.023,0.0089999999999999
all_to_all_graph17_n48_d0p5,48,0.5,7,1000,-1301.442,-1284.872,-16.569999999999936,0.0149999999999999,0.016,-1316.634,-1299.012,-17.62200000000007,0.02,0.02
all_to_all_graph17_n48_d0p5,48,0.5,8,1000,-1296.776,-1274.942,-21.83400000000006,0.019,0.012,-1317.312,-1294.5,-22.811999999999895,0.025,0.0179999999999999
all_to_all_graph17_n48_d0p5,48,0.5,9,1000,-1302.974,-1283.404,-19.569999999999936,0.027,0.023,-1318.356,-1299.398,-18.958000000000084,0.029,0.024
all_to_all_graph17_n48_d0p5,48,0.5,10,1000,-1297.358,-1279.852,-17.505999999999858,0.012,0.01,-1313.282,-1295.42,-17.861999999999853,0.021,0.0149999999999999
all_to_all_graph18_n48_d0p5,48,0.5,1,1000,-1443.884,-1416.632,-27.251999999999956,0.096,0.078,-1469.908,-1445.39,-24.5179999999998,0.319,0.276
all_to_all_graph18_n48_d0p5,48,0.5,2,1000,-1458.622,-1424.374,-34.24800000000005,0.134,0.098,-1490.034,-1458.51,-31.524000000000115,0.337,0.263
all_to_all_graph18_n48_d0p5,48,0.5,3,1000,-1453.058,-1422.33,-30.728000000000065,0.159,0.127,-1488.91,-1456.008,-32.902000000000044,0.405,0.2919999999999999
all_to_all_graph18_n48_d0p5,48,0.5,4,1000,-1455.738,-1429.174,-26.56400000000008,0.1749999999999999,0.129,-1484.132,-1454.942,-29.19000000000005,0.3469999999999999,0.2869999999999999
all_to_all_graph18_n48_d0p5,48,0.5,5,1000,-1464.272,-1430.684,-33.587999999999965,0.154,0.101,-1490.9,-1458.188,-32.71199999999999,0.312,0.254
all_to_all_graph18_n48_d0p5,48,0.5,6,1000,-1445.358,-1418.004,-27.35400000000004,0.132,0.0769999999999999,-1480.742,-1460.01,-20.731999999999967,0.378,0.315
all_to_all_graph18_n48_d0p5,48,0.5,7,1000,-1460.61,-1416.332,-44.27799999999979,0.2059999999999999,0.124,-1489.8,-1450.762,-39.03800000000001,0.4149999999999999,0.316
all_to_all_graph18_n48_d0p5,48,0.5,8,1000,-1456.604,-1420.25,-36.35400000000004,0.152,0.125,-1489.924,-1455.866,-34.05799999999999,0.433,0.3499999999999999
all_to_all_graph18_n48_d0p5,48,0.5,9,1000,-1458.04,-1435.102,-22.937999999999874,0.186,0.1729999999999999,-1487.034,-1460.712,-26.32200000000012,0.374,0.2949999999999999
all_to_all_graph18_n48_d0p5,48,0.5,10,1000,-1469.506,-1441.012,-28.494000000000145,0.268,0.232,-1493.31,-1464.938,-28.371999999999844,0.467,0.3609999999999999
all_to_all_graph19_n48_d0p5,48,0.5,1,1000,-1348.758,-1326.99,-21.76800000000003,0.1749999999999999,0.114,-1366.71,-1345.118,-21.592000000000095,0.19,0.123
all_to_all_graph19_n48_d0p5,48,0.5,2,1000,-1370.288,-1342.814,-27.473999999999933,0.152,0.07,-1386.758,-1358.206,-28.55200000000013,0.192,0.107
all_to_all_graph19_n48_d0p5,48,0.5,3,1000,-1359.188,-1333.038,-26.150000000000087,0.123,0.065,-1379.614,-1353.164,-26.450000000000045,0.162,0.111
all_to_all_graph19_n48_d0p5,48,0.5,4,1000,-1371.76,-1337.67,-34.08999999999992,0.159,0.11,-1388.6,-1357.164,-31.43599999999992,0.228,0.158
all_to_all_graph19_n48_d0p5,48,0.5,5,1000,-1344.782,-1335.616,-9.16599999999994,0.0219999999999999,0.0299999999999999,-1371.42,-1358.27,-13.150000000000093,0.11,0.105
all_to_all_graph19_n48_d0p5,48,0.5,6,1000,-1360.068,-1335.394,-24.673999999999975,0.1719999999999999,0.122,-1379.484,-1353.928,-25.555999999999813,0.194,0.14
all_to_all_graph19_n48_d0p5,48,0.5,7,1000,-1369.094,-1333.298,-35.79600000000005,0.0889999999999999,0.056,-1390.756,-1353.314,-37.44200000000001,0.153,0.126
all_to_all_graph19_n48_d0p5,48,0.5,8,1000,-1375.558,-1341.476,-34.08199999999988,0.221,0.112,-1392.584,-1362.674,-29.91000000000008,0.255,0.151
all_to_all_graph19_n48_d0p5,48,0.5,9,1000,-1346.206,-1328.722,-17.483999999999924,0.0739999999999999,0.049,-1372.136,-1352.828,-19.307999999999996,0.154,0.13
all_to_all_graph19_n48_d0p5,48,0.5,10,1000,-1350.646,-1331.096,-19.549999999999955,0.131,0.099,-1371.254,-1351.306,-19.947999999999865,0.1759999999999999,0.136
all_to_all_graph0_n48_d0p7,48,0.7,1,1000,-1673.99,-1636.98,-37.00999999999999,0.034,0.063,-1697.486,-1660.378,-37.108000000000175,0.0719999999999999,0.083
all_to_all_graph0_n48_d0p7,48,0.7,2,1000,-1687.57,-1638.344,-49.225999999999885,0.032,0.0429999999999999,-1707.624,-1659.726,-47.89799999999991,0.083,0.062
all_to_all_graph0_n48_d0p7,48,0.7,3,1000,-1661.212,-1613.022,-48.190000000000055,0.0379999999999999,0.032,-1687.914,-1640.474,-47.440000000000055,0.0439999999999999,0.0369999999999999
all_to_all_graph0_n48_d0p7,48,0.7,4,1000,-1687.132,-1641.994,-45.138000000000154,0.07,0.058,-1706.448,-1663.954,-42.49400000000014,0.078,0.07
all_to_all_graph0_n48_d0p7,48,0.7,5,1000,-1684.024,-1632.166,-51.85799999999995,0.042,0.0509999999999999,-1710.958,-1659.998,-50.96000000000004,0.0709999999999999,0.0709999999999999
all_to_all_graph0_n48_d0p7,48,0.7,6,1000,-1680.686,-1632.196,-48.49000000000001,0.132,0.056,-1701.706,-1656.706,-45.0,0.1469999999999999,0.081
all_to_all_graph0_n48_d0p7,48,0.7,7,1000,-1672.198,-1632.916,-39.28200000000015,0.0429999999999999,0.0459999999999999,-1693.332,-1655.916,-37.41600000000017,0.055,0.065
all_to_all_graph0_n48_d0p7,48,0.7,8,1000,-1675.204,-1632.016,-43.187999999999874,0.031,0.025,-1694.428,-1654.012,-40.41600000000017,0.04,0.0359999999999999
all_to_all_graph0_n48_d0p7,48,0.7,9,1000,-1678.436,-1628.324,-50.111999999999846,0.126,0.0429999999999999,-1700.714,-1654.31,-46.404,0.135,0.0589999999999999
all_to_all_graph0_n48_d0p7,48,0.7,10,1000,-1663.47,-1633.814,-29.65599999999995,0.058,0.04,-1691.274,-1657.47,-33.80399999999986,0.0869999999999999,0.07
all_to_all_graph1_n48_d0p7,48,0.7,1,1000,-1685.586,-1656.126,-29.46000000000004,0.034,0.056,-1709.656,-1680.136,-29.519999999999985,0.0599999999999999,0.064
all_to_all_graph1_n48_d0p7,48,0.7,2,1000,-1693.238,-1651.414,-41.82400000000007,0.057,0.047,-1712.194,-1675.114,-37.07999999999993,0.0759999999999999,0.056
all_to_all_graph1_n48_d0p7,48,0.7,3,1000,-1690.822,-1664.256,-26.565999999999804,0.084,0.064,-1719.078,-1688.764,-30.31400000000008,0.108,0.0929999999999999
all_to_all_graph1_n48_d0p7,48,0.7,4,1000,-1689.448,-1643.298,-46.15000000000009,0.0359999999999999,0.048,-1709.868,-1668.332,-41.53599999999983,0.066,0.066
all_to_all_graph1_n48_d0p7,48,0.7,5,1000,-1689.63,-1658.088,-31.542000000000144,0.058,0.0439999999999999,-1705.724,-1682.102,-23.621999999999844,0.0709999999999999,0.0539999999999999
all_to_all_graph1_n48_d0p7,48,0.7,6,1000,-1689.872,-1659.634,-30.238000000000056,0.081,0.0589999999999999,-1713.938,-1683.706,-30.2320000000002,0.133,0.099
all_to_all_graph1_n48_d0p7,48,0.7,7,1000,-1691.372,-1655.826,-35.54600000000005,0.065,0.0529999999999999,-1712.552,-1676.37,-36.182000000000016,0.0749999999999999,0.0609999999999999
all_to_all_graph1_n48_d0p7,48,0.7,8,1000,-1694.202,-1651.826,-42.375999999999976,0.078,0.0369999999999999,-1712.924,-1677.532,-35.39200000000005,0.108,0.064
all_to_all_graph1_n48_d0p7,48,0.7,9,1000,-1696.512,-1660.682,-35.82999999999993,0.063,0.0459999999999999,-1715.532,-1684.336,-31.195999999999916,0.109,0.083
all_to_all_graph1_n48_d0p7,48,0.7,10,1000,-1691.818,-1670.256,-21.561999999999895,0.07,0.082,-1712.716,-1692.01,-20.705999999999904,0.111,0.112
all_to_all_graph2_n48_d0p7,48,0.7,1,1000,-1632.51,-1587.978,-44.531999999999925,0.1469999999999999,0.085,-1649.972,-1611.504,-38.46800000000008,0.163,0.112
all_to_all_graph2_n48_d0p7,48,0.7,2,1000,-1629.094,-1587.462,-41.63200000000006,0.1479999999999999,0.098,-1649.642,-1613.152,-36.49000000000001,0.17,0.109
all_to_all_graph2_n48_d0p7,48,0.7,3,1000,-1632.888,-1584.382,-48.50599999999986,0.125,0.07,-1651.134,-1607.866,-43.26800000000002,0.1779999999999999,0.107
all_to_all_graph2_n48_d0p7,48,0.7,4,1000,-1641.112,-1599.762,-41.350000000000136,0.007,0.002,-1665.896,-1624.648,-41.24800000000005,0.254,0.1459999999999999
all_to_all_graph2_n48_d0p7,48,0.7,5,1000,-1625.042,-1586.212,-38.82999999999993,0.068,0.05,-1649.158,-1613.41,-35.74799999999982,0.165,0.1179999999999999
all_to_all_graph2_n48_d0p7,48,0.7,6,1000,-1632.308,-1586.62,-45.688000000000095,0.112,0.084,-1651.07,-1609.81,-41.25999999999999,0.1749999999999999,0.116
all_to_all_graph2_n48_d0p7,48,0.7,7,1000,-1636.356,-1591.748,-44.60799999999995,0.1479999999999999,0.1019999999999999,-1658.684,-1616.274,-42.41000000000008,0.217,0.1419999999999999
all_to_all_graph2_n48_d0p7,48,0.7,8,1000,-1637.348,-1589.688,-47.659999999999854,0.1769999999999999,0.109,-1656.074,-1613.156,-42.91800000000012,0.202,0.136
all_to_all_graph2_n48_d0p7,48,0.7,9,1000,-1633.242,-1581.1,-52.142000000000046,0.1179999999999999,0.0589999999999999,-1661.382,-1607.136,-54.246000000000095,0.197,0.109
all_to_all_graph2_n48_d0p7,48,0.7,10,1000,-1638.242,-1600.01,-38.23199999999997,0.081,0.0739999999999999,-1657.576,-1618.484,-39.0920000000001,0.153,0.116
all_to_all_graph3_n48_d0p7,48,0.7,1,1000,-1534.48,-1507.754,-26.726000000000116,0.0509999999999999,0.024,-1548.13,-1524.508,-23.62200000000007,0.0769999999999999,0.056
all_to_all_graph3_n48_d0p7,48,0.7,2,1000,-1524.264,-1498.802,-25.46199999999999,0.0859999999999999,0.048,-1541.876,-1515.268,-26.607999999999947,0.1,0.066
all_to_all_graph3_n48_d0p7,48,0.7,3,1000,-1528.488,-1502.79,-25.698000000000093,0.0709999999999999,0.034,-1544.108,-1518.312,-25.79600000000005,0.105,0.055
all_to_all_graph3_n48_d0p7,48,0.7,4,1000,-1525.282,-1492.038,-33.243999999999915,0.055,0.0359999999999999,-1548.01,-1512.898,-35.11200000000008,0.078,0.055
all_to_all_graph3_n48_d0p7,48,0.7,5,1000,-1527.554,-1500.786,-26.76800000000003,0.083,0.05,-1541.27,-1516.728,-24.54199999999992,0.112,0.0749999999999999
all_to_all_graph3_n48_d0p7,48,0.7,6,1000,-1527.78,-1495.714,-32.06600000000003,0.068,0.0539999999999999,-1541.39,-1513.026,-28.364000000000036,0.0739999999999999,0.066
all_to_all_graph3_n48_d0p7,48,0.7,7,1000,-1533.098,-1497.13,-35.96799999999985,0.068,0.028,-1550.792,-1513.93,-36.861999999999846,0.136,0.0759999999999999
all_to_all_graph3_n48_d0p7,48,0.7,8,1000,-1523.062,-1503.48,-19.58199999999988,0.0129999999999999,0.039,-1542.802,-1519.048,-23.753999999999905,0.0749999999999999,0.065
all_to_all_graph3_n48_d0p7,48,0.7,9,1000,-1518.48,-1501.472,-17.008000000000038,0.0709999999999999,0.0459999999999999,-1536.86,-1519.246,-17.613999999999805,0.1,0.064
all_to_all_graph3_n48_d0p7,48,0.7,10,1000,-1525.468,-1503.682,-21.786000000000055,0.034,0.024,-1542.614,-1517.776,-24.837999999999965,0.082,0.056
all_to_all_graph4_n48_d0p7,48,0.7,1,1000,-1605.71,-1580.2,-25.50999999999999,0.096,0.068,-1624.548,-1598.456,-26.092000000000095,0.132,0.095
all_to_all_graph4_n48_d0p7,48,0.7,2,1000,-1602.034,-1576.454,-25.580000000000155,0.121,0.064,-1618.13,-1595.854,-22.276000000000067,0.139,0.085
all_to_all_graph4_n48_d0p7,48,0.7,3,1000,-1601.598,-1576.528,-25.069999999999936,0.0759999999999999,0.0509999999999999,-1618.41,-1594.108,-24.30200000000013,0.112,0.08
all_to_all_graph4_n48_d0p7,48,0.7,4,1000,-1602.234,-1570.682,-31.551999999999907,0.0889999999999999,0.0599999999999999,-1621.018,-1591.434,-29.58400000000006,0.122,0.079
all_to_all_graph4_n48_d0p7,48,0.7,5,1000,-1606.926,-1576.644,-30.281999999999925,0.1459999999999999,0.0899999999999999,-1623.712,-1594.742,-28.970000000000027,0.1729999999999999,0.106
all_to_all_graph4_n48_d0p7,48,0.7,6,1000,-1597.708,-1573.9,-23.807999999999996,0.104,0.0759999999999999,-1614.232,-1591.818,-22.413999999999987,0.126,0.096
all_to_all_graph4_n48_d0p7,48,0.7,7,1000,-1611.354,-1580.766,-30.587999999999965,0.0589999999999999,0.0539999999999999,-1625.454,-1596.036,-29.417999999999893,0.125,0.0769999999999999
all_to_all_graph4_n48_d0p7,48,0.7,8,1000,-1595.988,-1572.648,-23.340000000000146,0.063,0.042,-1611.606,-1588.156,-23.450000000000045,0.098,0.0709999999999999
all_to_all_graph4_n48_d0p7,48,0.7,9,1000,-1599.184,-1570.764,-28.420000000000076,0.1,0.048,-1618.856,-1589.868,-28.988000000000056,0.138,0.08
all_to_all_graph4_n48_d0p7,48,0.7,10,1000,-1605.712,-1576.564,-29.14799999999991,0.135,0.0709999999999999,-1624.216,-1598.582,-25.633999999999787,0.151,0.097
all_to_all_graph5_n48_d0p7,48,0.7,1,1000,-1576.35,-1551.958,-24.391999999999825,0.096,0.0599999999999999,-1593.286,-1568.478,-24.807999999999996,0.1809999999999999,0.106
all_to_all_graph5_n48_d0p7,48,0.7,2,1000,-1582.874,-1559.806,-23.067999999999984,0.069,0.063,-1603.784,-1577.572,-26.212000000000216,0.2089999999999999,0.117
all_to_all_graph5_n48_d0p7,48,0.7,3,1000,-1583.504,-1552.212,-31.29199999999992,0.097,0.068,-1599.918,-1570.492,-29.425999999999927,0.192,0.128
all_to_all_graph5_n48_d0p7,48,0.7,4,1000,-1570.192,-1554.258,-15.933999999999967,0.035,0.047,-1586.29,-1569.612,-16.677999999999884,0.11,0.082
all_to_all_graph5_n48_d0p7,48,0.7,5,1000,-1569.854,-1546.712,-23.142000000000053,0.0529999999999999,0.0539999999999999,-1588.848,-1567.706,-21.142000000000053,0.131,0.085
all_to_all_graph5_n48_d0p7,48,0.7,6,1000,-1568.474,-1547.442,-21.031999999999925,0.033,0.0509999999999999,-1588.058,-1566.304,-21.753999999999905,0.122,0.0859999999999999
all_to_all_graph5_n48_d0p7,48,0.7,7,1000,-1582.458,-1555.904,-26.554000000000087,0.1409999999999999,0.107,-1599.678,-1571.1,-28.5780000000002,0.2069999999999999,0.137
all_to_all_graph5_n48_d0p7,48,0.7,8,1000,-1586.192,-1557.61,-28.582000000000107,0.1029999999999999,0.057,-1601.774,-1573.556,-28.217999999999847,0.225,0.11
all_to_all_graph5_n48_d0p7,48,0.7,9,1000,-1580.516,-1558.4,-22.115999999999985,0.0869999999999999,0.066,-1597.716,-1578.2,-19.51599999999985,0.161,0.113
all_to_all_graph5_n48_d0p7,48,0.7,10,1000,-1570.922,-1554.94,-15.981999999999973,0.1029999999999999,0.0759999999999999,-1589.53,-1569.718,-19.811999999999895,0.1759999999999999,0.113
all_to_all_graph6_n48_d0p7,48,0.7,1,1000,-1447.77,-1425.908,-21.86200000000008,0.0259999999999999,0.0149999999999999,-1465.308,-1442.518,-22.789999999999964,0.0379999999999999,0.0259999999999999
all_to_all_graph6_n48_d0p7,48,0.7,2,1000,-1453.446,-1426.674,-26.77199999999993,0.039,0.0299999999999999,-1471.85,-1447.484,-24.365999999999985,0.08,0.05
all_to_all_graph6_n48_d0p7,48,0.7,3,1000,-1447.278,-1426.224,-21.054000000000087,0.0219999999999999,0.016,-1466.288,-1443.046,-23.24199999999996,0.069,0.034
all_to_all_graph6_n48_d0p7,48,0.7,4,1000,-1456.202,-1435.512,-20.69000000000005,0.0179999999999999,0.02,-1471.756,-1451.266,-20.49000000000001,0.065,0.028
all_to_all_graph6_n48_d0p7,48,0.7,5,1000,-1455.652,-1435.94,-19.71199999999999,0.012,0.005,-1472.67,-1455.404,-17.266000000000076,0.049,0.0299999999999999
all_to_all_graph6_n48_d0p7,48,0.7,6,1000,-1458.12,-1433.386,-24.733999999999924,0.0459999999999999,0.0449999999999999,-1472.928,-1450.412,-22.51600000000008,0.065,0.0529999999999999
all_to_all_graph6_n48_d0p7,48,0.7,7,1000,-1457.946,-1430.754,-27.192000000000007,0.057,0.04,-1476.11,-1450.206,-25.904,0.067,0.0529999999999999
all_to_all_graph6_n48_d0p7,48,0.7,8,1000,-1454.704,-1433.098,-21.605999999999995,0.028,0.02,-1469.928,-1449.312,-20.616000000000213,0.0449999999999999,0.0259999999999999
all_to_all_graph6_n48_d0p7,48,0.7,9,1000,-1464.154,-1437.858,-26.29600000000005,0.056,0.0359999999999999,-1482.984,-1456.128,-26.855999999999995,0.082,0.05
all_to_all_graph6_n48_d0p7,48,0.7,10,1000,-1459.268,-1434.958,-24.309999999999945,0.029,0.014,-1477.096,-1451.858,-25.238000000000056,0.041,0.021
all_to_all_graph7_n48_d0p7,48,0.7,1,1000,-1695.78,-1666.122,-29.657999999999905,0.063,0.0519999999999999,-1711.518,-1683.468,-28.049999999999955,0.0709999999999999,0.0539999999999999
all_to_all_graph7_n48_d0p7,48,0.7,2,1000,-1693.078,-1665.038,-28.039999999999964,0.0539999999999999,0.041,-1710.31,-1683.564,-26.745999999999867,0.0909999999999999,0.0739999999999999
all_to_all_graph7_n48_d0p7,48,0.7,3,1000,-1687.674,-1662.562,-25.11200000000008,0.034,0.029,-1711.62,-1688.42,-23.199999999999815,0.0749999999999999,0.07
all_to_all_graph7_n48_d0p7,48,0.7,4,1000,-1689.724,-1660.536,-29.187999999999874,0.031,0.035,-1712.656,-1683.896,-28.75999999999999,0.0759999999999999,0.065
all_to_all_graph7_n48_d0p7,48,0.7,5,1000,-1687.62,-1656.506,-31.113999999999805,0.048,0.028,-1704.61,-1679.078,-25.531999999999925,0.0529999999999999,0.035
all_to_all_graph7_n48_d0p7,48,0.7,6,1000,-1698.048,-1665.148,-32.90000000000009,0.0879999999999999,0.0709999999999999,-1715.872,-1686.312,-29.560000000000173,0.0929999999999999,0.084
all_to_all_graph7_n48_d0p7,48,0.7,7,1000,-1695.344,-1673.632,-21.71199999999999,0.094,0.0909999999999999,-1710.738,-1695.238,-15.5,0.107,0.1
all_to_all_graph7_n48_d0p7,48,0.7,8,1000,-1692.368,-1663.008,-29.3599999999999,0.0869999999999999,0.063,-1708.712,-1683.926,-24.786000000000055,0.101,0.068
all_to_all_graph7_n48_d0p7,48,0.7,9,1000,-1694.562,-1665.438,-29.1239999999998,0.0459999999999999,0.0359999999999999,-1714.812,-1683.84,-30.97199999999998,0.0879999999999999,0.063
all_to_all_graph7_n48_d0p7,48,0.7,10,1000,-1690.952,-1661.226,-29.725999999999885,0.078,0.058,-1707.388,-1681.522,-25.865999999999985,0.0899999999999999,0.064
all_to_all_graph8_n48_d0p7,48,0.7,1,1000,-1729.17,-1680.064,-49.106,0.1799999999999999,0.137,-1745.816,-1700.73,-45.086000000000006,0.222,0.1749999999999999
all_to_all_graph8_n48_d0p7,48,0.7,2,1000,-1714.066,-1670.746,-43.319999999999936,0.12,0.114,-1736.31,-1699.72,-36.58999999999992,0.1789999999999999,0.1779999999999999
all_to_all_graph8_n48_d0p7,48,0.7,3,1000,-1748.254,-1685.126,-63.12799999999993,0.153,0.14,-1765.966,-1707.142,-58.82399999999984,0.263,0.1779999999999999
all_to_all_graph8_n48_d0p7,48,0.7,4,1000,-1733.262,-1676.382,-56.87999999999988,0.2049999999999999,0.162,-1754.76,-1699.818,-54.94200000000001,0.3029999999999999,0.198
all_to_all_graph8_n48_d0p7,48,0.7,5,1000,-1725.092,-1688.684,-36.40800000000013,0.0369999999999999,0.0719999999999999,-1753.332,-1716.198,-37.134000000000015,0.269,0.2049999999999999
all_to_all_graph8_n48_d0p7,48,0.7,6,1000,-1735.516,-1682.558,-52.95800000000008,0.127,0.154,-1759.842,-1709.61,-50.2320000000002,0.2419999999999999,0.1769999999999999
all_to_all_graph8_n48_d0p7,48,0.7,7,1000,-1734.682,-1687.862,-46.819999999999936,0.165,0.1439999999999999,-1760.212,-1714.2,-46.01199999999994,0.2889999999999999,0.185
all_to_all_graph8_n48_d0p7,48,0.7,8,1000,-1756.468,-1695.91,-60.55799999999999,0.339,0.226,-1775.688,-1719.672,-56.01600000000008,0.381,0.252
all_to_all_graph8_n48_d0p7,48,0.7,9,1000,-1749.84,-1692.652,-57.187999999999874,0.25,0.188,-1770.506,-1715.908,-54.59800000000018,0.3519999999999999,0.219
all_to_all_graph8_n48_d0p7,48,0.7,10,1000,-1723.554,-1690.098,-33.45600000000013,0.158,0.16,-1749.052,-1713.804,-35.24799999999982,0.277,0.2109999999999999
all_to_all_graph9_n48_d0p7,48,0.7,1,1000,-1569.004,-1549.098,-19.90599999999995,0.109,0.0909999999999999,-1585.912,-1567.892,-18.019999999999985,0.16,0.116
all_to_all_graph9_n48_d0p7,48,0.7,2,1000,-1577.228,-1555.854,-21.374000000000024,0.1029999999999999,0.0529999999999999,-1594.848,-1574.674,-20.173999999999975,0.184,0.099
all_to_all_graph9_n48_d0p7,48,0.7,3,1000,-1562.894,-1540.92,-21.973999999999933,0.07,0.0439999999999999,-1581.608,-1560.748,-20.8599999999999,0.132,0.0869999999999999
all_to_all_graph9_n48_d0p7,48,0.7,4,1000,-1571.198,-1554.26,-16.938000000000102,0.0859999999999999,0.0429999999999999,-1593.844,-1574.028,-19.81600000000003,0.1769999999999999,0.105
all_to_all_graph9_n48_d0p7,48,0.7,5,1000,-1567.06,-1553.478,-13.58199999999988,0.0739999999999999,0.067,-1586.98,-1571.792,-15.188000000000102,0.152,0.112
all_to_all_graph9_n48_d0p7,48,0.7,6,1000,-1569.224,-1546.358,-22.865999999999985,0.062,0.067,-1589.008,-1563.714,-25.294000000000096,0.1489999999999999,0.106
all_to_all_graph9_n48_d0p7,48,0.7,7,1000,-1579.768,-1549.346,-30.422000000000025,0.062,0.042,-1596.506,-1564.774,-31.7320000000002,0.1789999999999999,0.1029999999999999
all_to_all_graph9_n48_d0p7,48,0.7,8,1000,-1561.466,-1547.648,-13.817999999999984,0.019,0.0359999999999999,-1585.204,-1567.16,-18.04399999999987,0.135,0.095
all_to_all_graph9_n48_d0p7,48,0.7,9,1000,-1569.272,-1552.622,-16.649999999999864,0.049,0.0509999999999999,-1586.824,-1569.156,-17.66800000000012,0.113,0.104
all_to_all_graph9_n48_d0p7,48,0.7,10,1000,-1564.7,-1542.658,-22.042000000000144,0.07,0.0429999999999999,-1586.528,-1563.848,-22.680000000000064,0.167,0.101
all_to_all_graph10_n48_d0p7,48,0.7,1,1000,-1574.626,-1548.266,-26.3599999999999,0.0899999999999999,0.049,-1591.406,-1567.242,-24.163999999999987,0.105,0.0589999999999999
all_to_all_graph10_n48_d0p7,48,0.7,2,1000,-1581.102,-1548.772,-32.330000000000155,0.0919999999999999,0.0599999999999999,-1597.562,-1569.31,-28.251999999999956,0.1029999999999999,0.068
all_to_all_graph10_n48_d0p7,48,0.7,3,1000,-1574.58,-1543.32,-31.25999999999999,0.0929999999999999,0.0459999999999999,-1592.332,-1563.936,-28.396000000000186,0.117,0.064
all_to_all_graph10_n48_d0p7,48,0.7,4,1000,-1576.718,-1540.922,-35.79600000000005,0.097,0.049,-1594.706,-1563.068,-31.63799999999992,0.101,0.058
all_to_all_graph10_n48_d0p7,48,0.7,5,1000,-1580.032,-1554.642,-25.389999999999876,0.081,0.0599999999999999,-1596.506,-1570.918,-25.588000000000196,0.0869999999999999,0.07
all_to_all_graph10_n48_d0p7,48,0.7,6,1000,-1570.488,-1546.2,-24.288000000000007,0.055,0.033,-1591.002,-1564.054,-26.947999999999865,0.078,0.057
all_to_all_graph10_n48_d0p7,48,0.7,7,1000,-1576.256,-1544.218,-32.03800000000001,0.0359999999999999,0.032,-1591.668,-1559.426,-32.24199999999996,0.04,0.035
all_to_all_graph10_n48_d0p7,48,0.7,8,1000,-1573.05,-1552.204,-20.846000000000004,0.0859999999999999,0.0759999999999999,-1589.886,-1570.55,-19.336000000000013,0.097,0.0859999999999999
all_to_all_graph10_n48_d0p7,48,0.7,9,1000,-1571.872,-1549.18,-22.692000000000007,0.066,0.0509999999999999,-1587.494,-1567.85,-19.644000000000005,0.0709999999999999,0.058
all_to_all_graph10_n48_d0p7,48,0.7,10,1000,-1574.228,-1545.9,-28.32799999999997,0.064,0.0519999999999999,-1588.13,-1563.004,-25.126000000000204,0.069,0.0599999999999999
all_to_all_graph11_n48_d0p7,48,0.7,1,1000,-1635.278,-1593.846,-41.432000000000016,0.185,0.105,-1653.348,-1613.966,-39.38200000000006,0.202,0.12
all_to_all_graph11_n48_d0p7,48,0.7,2,1000,-1645.142,-1606.42,-38.72199999999998,0.202,0.106,-1664.198,-1626.27,-37.92800000000011,0.246,0.153
all_to_all_graph11_n48_d0p7,48,0.7,3,1000,-1627.336,-1596.846,-30.49000000000001,0.166,0.112,-1647.188,-1618.674,-28.514000000000124,0.198,0.128
all_to_all_graph11_n48_d0p7,48,0.7,4,1000,-1636.36,-1601.772,-34.587999999999965,0.192,0.126,-1652.736,-1622.196,-30.54000000000019,0.2079999999999999,0.1469999999999999
all_to_all_graph11_n48_d0p7,48,0.7,5,1000,-1636.528,-1604.652,-31.875999999999976,0.2119999999999999,0.131,-1654.108,-1625.396,-28.71199999999999,0.222,0.156
all_to_all_graph11_n48_d0p7,48,0.7,6,1000,-1637.388,-1610.224,-27.163999999999987,0.2069999999999999,0.14,-1657.806,-1626.866,-30.94000000000005,0.222,0.157
all_to_all_graph11_n48_d0p7,48,0.7,7,1000,-1630.044,-1596.962,-33.08200000000011,0.183,0.125,-1643.16,-1614.32,-28.840000000000146,0.196,0.1409999999999999
all_to_all_graph11_n48_d0p7,48,0.7,8,1000,-1626.852,-1602.75,-24.10200000000009,0.137,0.1029999999999999,-1652.76,-1623.37,-29.3900000000001,0.2119999999999999,0.156
all_to_all_graph11_n48_d0p7,48,0.7,9,1000,-1639.56,-1605.354,-34.205999999999904,0.197,0.133,-1657.926,-1627.17,-30.755999999999855,0.218,0.1489999999999999
all_to_all_graph11_n48_d0p7,48,0.7,10,1000,-1633.272,-1606.752,-26.519999999999985,0.183,0.116,-1652.688,-1628.382,-24.30600000000004,0.214,0.1459999999999999
all_to_all_graph12_n48_d0p7,48,0.7,1,1000,-1696.954,-1676.142,-20.811999999999895,0.0739999999999999,0.064,-1715.26,-1695.266,-19.993999999999915,0.116,0.109
all_to_all_graph12_n48_d0p7,48,0.7,2,1000,-1707.932,-1670.932,-37.0,0.08,0.069,-1729.614,-1695.794,-33.819999999999936,0.193,0.133
all_to_all_graph12_n48_d0p7,48,0.7,3,1000,-1716.74,-1679.584,-37.15599999999994,0.0859999999999999,0.078,-1733.056,-1695.404,-37.65200000000005,0.2,0.131
all_to_all_graph12_n48_d0p7,48,0.7,4,1000,-1703.196,-1673.16,-30.03599999999983,0.116,0.1,-1719.434,-1690.848,-28.586000000000013,0.157,0.128
all_to_all_graph12_n48_d0p7,48,0.7,5,1000,-1710.81,-1680.434,-30.375999999999976,0.106,0.0879999999999999,-1727.19,-1700.098,-27.092000000000095,0.158,0.138
all_to_all_graph12_n48_d0p7,48,0.7,6,1000,-1708.35,-1677.456,-30.894000000000005,0.113,0.095,-1720.38,-1696.418,-23.962000000000216,0.163,0.162
all_to_all_graph12_n48_d0p7,48,0.7,7,1000,-1713.042,-1684.058,-28.983999999999924,0.1419999999999999,0.113,-1727.032,-1699.51,-27.52199999999993,0.1759999999999999,0.128
all_to_all_graph12_n48_d0p7,48,0.7,8,1000,-1708.172,-1671.866,-36.30600000000004,0.114,0.068,-1724.802,-1690.602,-34.19999999999982,0.157,0.097
all_to_all_graph12_n48_d0p7,48,0.7,9,1000,-1722.952,-1681.456,-41.496000000000095,0.224,0.109,-1737.556,-1698.166,-39.3900000000001,0.267,0.138
all_to_all_graph12_n48_d0p7,48,0.7,10,1000,-1722.022,-1687.014,-35.00800000000004,0.161,0.101,-1734.484,-1701.388,-33.096000000000004,0.2099999999999999,0.1419999999999999
all_to_all_graph13_n48_d0p7,48,0.7,1,1000,-1587.76,-1558.478,-29.281999999999925,0.0899999999999999,0.048,-1609.118,-1577.724,-31.394000000000005,0.111,0.064
all_to_all_graph13_n48_d0p7,48,0.7,2,1000,-1576.61,-1560.644,-15.965999999999894,0.035,0.029,-1599.482,-1580.584,-18.89799999999991,0.085,0.067
all_to_all_graph13_n48_d0p7,48,0.7,3,1000,-1591.466,-1556.074,-35.391999999999825,0.0889999999999999,0.0539999999999999,-1607.592,-1576.842,-30.75,0.116,0.0739999999999999
all_to_all_graph13_n48_d0p7,48,0.7,4,1000,-1578.148,-1552.374,-25.773999999999887,0.024,0.027,-1596.562,-1571.468,-25.093999999999824,0.0729999999999999,0.0599999999999999
all_to_all_graph13_n48_d0p7,48,0.7,5,1000,-1583.178,-1559.638,-23.54000000000019,0.068,0.056,-1602.932,-1583.038,-19.894000000000005,0.099,0.067
all_to_all_graph13_n48_d0p7,48,0.7,6,1000,-1584.154,-1550.3,-33.85400000000004,0.04,0.0299999999999999,-1601.372,-1571.428,-29.94399999999996,0.1,0.07
all_to_all_graph13_n48_d0p7,48,0.7,7,1000,-1589.106,-1565.042,-24.06400000000008,0.0759999999999999,0.0589999999999999,-1607.788,-1582.94,-24.84799999999996,0.084,0.067
all_to_all_graph13_n48_d0p7,48,0.7,8,1000,-1580.142,-1551.134,-29.00800000000004,0.0539999999999999,0.029,-1602.262,-1572.224,-30.038000000000007,0.095,0.058
all_to_all_graph13_n48_d0p7,48,0.7,9,1000,-1586.238,-1561.844,-24.394000000000005,0.0519999999999999,0.032,-1603.468,-1578.382,-25.086000000000013,0.0719999999999999,0.0529999999999999
all_to_all_graph13_n48_d0p7,48,0.7,10,1000,-1581.818,-1544.1,-37.71800000000008,0.063,0.0459999999999999,-1600.224,-1564.904,-35.319999999999936,0.0899999999999999,0.0609999999999999
all_to_all_graph14_n48_d0p7,48,0.7,1,1000,-1719.764,-1673.89,-45.8739999999998,0.203,0.107,-1737.548,-1695.792,-41.756000000000085,0.2349999999999999,0.1409999999999999
all_to_all_graph14_n48_d0p7,48,0.7,2,1000,-1703.026,-1668.726,-34.299999999999955,0.185,0.13,-1725.322,-1694.714,-30.607999999999947,0.226,0.156
all_to_all_graph14_n48_d0p7,48,0.7,3,1000,-1731.598,-1679.638,-51.96000000000004,0.184,0.129,-1747.118,-1699.18,-47.937999999999874,0.2119999999999999,0.1469999999999999
all_to_all_graph14_n48_d0p7,48,0.7,4,1000,-1723.312,-1665.938,-57.3739999999998,0.2079999999999999,0.1029999999999999,-1741.93,-1685.984,-55.94600000000014,0.258,0.122
all_to_all_graph14_n48_d0p7,48,0.7,5,1000,-1728.468,-1687.756,-40.71199999999999,0.151,0.122,-1741.392,-1707.054,-34.337999999999965,0.162,0.1439999999999999
all_to_all_graph14_n48_d0p7,48,0.7,6,1000,-1723.64,-1691.418,-32.22200000000021,0.1789999999999999,0.1759999999999999,-1748.386,-1714.954,-33.432000000000016,0.197,0.2059999999999999
all_to_all_graph14_n48_d0p7,48,0.7,7,1000,-1714.2,-1679.114,-35.08600000000001,0.2129999999999999,0.122,-1739.052,-1702.462,-36.58999999999992,0.245,0.154
all_to_all_graph14_n48_d0p7,48,0.7,8,1000,-1740.25,-1691.244,-49.006000000000085,0.2379999999999999,0.134,-1753.77,-1709.06,-44.71000000000004,0.263,0.159
all_to_all_graph14_n48_d0p7,48,0.7,9,1000,-1718.09,-1681.718,-36.37199999999984,0.1189999999999999,0.0889999999999999,-1745.006,-1700.812,-44.19400000000019,0.1469999999999999,0.105
all_to_all_graph14_n48_d0p7,48,0.7,10,1000,-1707.182,-1669.53,-37.65200000000005,0.188,0.125,-1731.488,-1690.9,-40.587999999999965,0.228,0.154
all_to_all_graph15_n48_d0p7,48,0.7,1,1000,-1634.024,-1603.428,-30.595999999999776,0.0929999999999999,0.0769999999999999,-1649.232,-1620.104,-29.12799999999993,0.1469999999999999,0.115
all_to_all_graph15_n48_d0p7,48,0.7,2,1000,-1620.204,-1591.724,-28.480000000000015,0.07,0.0769999999999999,-1639.096,-1612.364,-26.731999999999967,0.135,0.112
all_to_all_graph15_n48_d0p7,48,0.7,3,1000,-1638.222,-1607.152,-31.069999999999936,0.12,0.0919999999999999,-1651.204,-1618.926,-32.27800000000002,0.1749999999999999,0.112
all_to_all_graph15_n48_d0p7,48,0.7,4,1000,-1624.868,-1595.654,-29.213999999999945,0.0379999999999999,0.039,-1640.558,-1614.086,-26.47199999999998,0.121,0.108
all_to_all_graph15_n48_d0p7,48,0.7,5,1000,-1627.956,-1599.708,-28.24799999999982,0.064,0.0509999999999999,-1643.142,-1617.58,-25.56200000000013,0.133,0.12
all_to_all_graph15_n48_d0p7,48,0.7,6,1000,-1626.97,-1596.394,-30.576000000000025,0.0719999999999999,0.041,-1645.51,-1617.78,-27.730000000000015,0.1499999999999999,0.1189999999999999
all_to_all_graph15_n48_d0p7,48,0.7,7,1000,-1626.794,-1594.286,-32.50800000000004,0.101,0.0929999999999999,-1643.432,-1616.702,-26.730000000000015,0.1419999999999999,0.126
all_to_all_graph15_n48_d0p7,48,0.7,8,1000,-1638.258,-1605.672,-32.58600000000001,0.056,0.0379999999999999,-1650.964,-1622.462,-28.501999999999956,0.136,0.108
all_to_all_graph15_n48_d0p7,48,0.7,9,1000,-1638.572,-1604.672,-33.899999999999864,0.098,0.069,-1650.72,-1620.444,-30.276000000000067,0.137,0.1029999999999999
all_to_all_graph15_n48_d0p7,48,0.7,10,1000,-1626.984,-1599.296,-27.687999999999874,0.055,0.0439999999999999,-1644.192,-1617.658,-26.534000000000106,0.155,0.099
all_to_all_graph16_n48_d0p7,48,0.7,1,1000,-1635.202,-1603.328,-31.874000000000024,0.048,0.0369999999999999,-1657.724,-1623.514,-34.21000000000004,0.101,0.0609999999999999
all_to_all_graph16_n48_d0p7,48,0.7,2,1000,-1627.312,-1596.488,-30.82399999999984,0.083,0.063,-1642.676,-1618.116,-24.559999999999945,0.0879999999999999,0.0719999999999999
all_to_all_graph16_n48_d0p7,48,0.7,3,1000,-1642.378,-1596.35,-46.02800000000002,0.114,0.035,-1654.156,-1612.086,-42.069999999999936,0.1189999999999999,0.0439999999999999
all_to_all_graph16_n48_d0p7,48,0.7,4,1000,-1633.628,-1597.864,-35.763999999999896,0.064,0.0359999999999999,-1654.446,-1619.174,-35.271999999999935,0.0929999999999999,0.0369999999999999
all_to_all_graph16_n48_d0p7,48,0.7,5,1000,-1625.274,-1601.764,-23.50999999999999,0.0769999999999999,0.049,-1645.036,-1620.21,-24.826000000000025,0.0869999999999999,0.0529999999999999
all_to_all_graph16_n48_d0p7,48,0.7,6,1000,-1649.004,-1609.046,-39.957999999999856,0.094,0.041,-1664.292,-1625.628,-38.663999999999994,0.101,0.0519999999999999
all_to_all_graph16_n48_d0p7,48,0.7,7,1000,-1639.932,-1589.886,-50.04600000000005,0.1,0.0729999999999999,-1656.426,-1612.822,-43.60400000000004,0.111,0.0869999999999999
all_to_all_graph16_n48_d0p7,48,0.7,8,1000,-1639.312,-1605.326,-33.98599999999988,0.11,0.084,-1658.804,-1623.388,-35.41600000000017,0.134,0.099
all_to_all_graph16_n48_d0p7,48,0.7,9,1000,-1621.496,-1600.492,-21.004000000000133,0.0909999999999999,0.0459999999999999,-1637.388,-1616.278,-21.1099999999999,0.111,0.05
all_to_all_graph16_n48_d0p7,48,0.7,10,1000,-1617.166,-1596.264,-20.902000000000044,0.049,0.039,-1638.39,-1616.942,-21.448000000000093,0.063,0.05
all_to_all_graph17_n48_d0p7,48,0.7,1,1000,-1697.814,-1668.558,-29.256000000000085,0.096,0.057,-1714.174,-1685.35,-28.82400000000007,0.1429999999999999,0.084
all_to_all_graph17_n48_d0p7,48,0.7,2,1000,-1691.904,-1661.03,-30.874000000000024,0.056,0.0299999999999999,-1712.514,-1678.804,-33.70999999999981,0.115,0.069
all_to_all_graph17_n48_d0p7,48,0.7,3,1000,-1685.636,-1652.782,-32.85400000000004,0.023,0.033,-1704.494,-1675.134,-29.3599999999999,0.0869999999999999,0.067
all_to_all_graph17_n48_d0p7,48,0.7,4,1000,-1682.178,-1652.812,-29.366000000000213,0.023,0.025,-1702.894,-1677.298,-25.596000000000004,0.0869999999999999,0.078
all_to_all_graph17_n48_d0p7,48,0.7,5,1000,-1689.576,-1655.2,-34.375999999999976,0.035,0.04,-1710.05,-1674.782,-35.26800000000003,0.0739999999999999,0.0609999999999999
all_to_all_graph17_n48_d0p7,48,0.7,6,1000,-1679.886,-1657.784,-22.101999999999865,0.0379999999999999,0.034,-1700.878,-1677.816,-23.061999999999895,0.0879999999999999,0.0599999999999999
all_to_all_graph17_n48_d0p7,48,0.7,7,1000,-1684.952,-1665.796,-19.15599999999995,0.032,0.012,-1704.412,-1685.276,-19.135999999999967,0.082,0.068
all_to_all_graph17_n48_d0p7,48,0.7,8,1000,-1686.596,-1660.724,-25.87200000000007,0.05,0.0509999999999999,-1706.62,-1678.508,-28.111999999999853,0.08,0.0749999999999999
all_to_all_graph17_n48_d0p7,48,0.7,9,1000,-1691.424,-1669.89,-21.53399999999988,0.023,0.041,-1714.92,-1687.842,-27.07799999999997,0.113,0.0869999999999999
all_to_all_graph17_n48_d0p7,48,0.7,10,1000,-1689.55,-1662.178,-27.371999999999844,0.048,0.042,-1707.39,-1680.15,-27.24000000000001,0.083,0.067
all_to_all_graph18_n48_d0p7,48,0.7,1,1000,-1566.304,-1547.338,-18.96600000000012,0.027,0.0219999999999999,-1583.868,-1566.556,-17.311999999999898,0.032,0.023
all_to_all_graph18_n48_d0p7,48,0.7,2,1000,-1566.978,-1540.932,-26.04600000000005,0.02,0.017,-1580.292,-1556.66,-23.631999999999834,0.0299999999999999,0.02
all_to_all_graph18_n48_d0p7,48,0.7,3,1000,-1564.506,-1532.34,-32.16600000000017,0.023,0.0219999999999999,-1581.796,-1552.886,-28.91000000000008,0.048,0.031
all_to_all_graph18_n48_d0p7,48,0.7,4,1000,-1557.764,-1533.546,-24.217999999999847,0.039,0.0179999999999999,-1575.624,-1554.832,-20.79199999999992,0.0439999999999999,0.02
all_to_all_graph18_n48_d0p7,48,0.7,5,1000,-1566.956,-1544.74,-22.21599999999989,0.0369999999999999,0.019,-1582.686,-1561.692,-20.993999999999915,0.042,0.023
all_to_all_graph18_n48_d0p7,48,0.7,6,1000,-1558.112,-1535.304,-22.807999999999996,0.024,0.0149999999999999,-1578.416,-1554.754,-23.662000000000035,0.041,0.027
all_to_all_graph18_n48_d0p7,48,0.7,7,1000,-1562.754,-1544.766,-17.98799999999983,0.0129999999999999,0.02,-1579.174,-1561.768,-17.40599999999995,0.0129999999999999,0.024
all_to_all_graph18_n48_d0p7,48,0.7,8,1000,-1575.74,-1545.542,-30.198000000000093,0.0359999999999999,0.027,-1590.344,-1560.128,-30.21600000000012,0.0379999999999999,0.028
all_to_all_graph18_n48_d0p7,48,0.7,9,1000,-1571.462,-1540.1,-31.36200000000008,0.0369999999999999,0.0259999999999999,-1586.394,-1559.446,-26.948000000000093,0.04,0.032
all_to_all_graph18_n48_d0p7,48,0.7,10,1000,-1563.404,-1536.59,-26.81400000000008,0.0449999999999999,0.0179999999999999,-1583.678,-1554.014,-29.66400000000021,0.058,0.021
all_to_all_graph19_n48_d0p7,48,0.7,1,1000,-1657.606,-1613.688,-43.917999999999886,0.1439999999999999,0.083,-1680.948,-1642.074,-38.87400000000002,0.2419999999999999,0.1779999999999999
all_to_all_graph19_n48_d0p7,48,0.7,2,1000,-1668.286,-1623.102,-45.18399999999997,0.224,0.1459999999999999,-1686.018,-1648.242,-37.776000000000074,0.259,0.2039999999999999
all_to_all_graph19_n48_d0p7,48,0.7,3,1000,-1674.804,-1618.4,-56.404,0.251,0.152,-1701.4,-1645.344,-56.05600000000004,0.3499999999999999,0.215
all_to_all_graph19_n48_d0p7,48,0.7,4,1000,-1685.922,-1631.354,-54.567999999999984,0.332,0.2069999999999999,-1704.938,-1651.222,-53.71600000000012,0.372,0.234
all_to_all_graph19_n48_d0p7,48,0.7,5,1000,-1667.458,-1616.628,-50.83000000000016,0.218,0.114,-1691.948,-1648.674,-43.27400000000012,0.32,0.226
all_to_all_graph19_n48_d0p7,48,0.7,6,1000,-1653.716,-1604.4,-49.31599999999981,0.097,0.0529999999999999,-1690.02,-1637.704,-52.31600000000003,0.2859999999999999,0.1809999999999999
all_to_all_graph19_n48_d0p7,48,0.7,7,1000,-1674.386,-1627.658,-46.72800000000007,0.2819999999999999,0.157,-1691.506,-1647.358,-44.14800000000014,0.318,0.201
all_to_all_graph19_n48_d0p7,48,0.7,8,1000,-1667.208,-1625.928,-41.279999999999966,0.166,0.096,-1692.044,-1653.162,-38.88200000000006,0.268,0.159
all_to_all_graph19_n48_d0p7,48,0.7,9,1000,-1667.34,-1630.704,-36.63599999999997,0.2399999999999999,0.163,-1691.166,-1651.964,-39.202,0.32,0.216
all_to_all_graph19_n48_d0p7,48,0.7,10,1000,-1669.536,-1635.368,-34.16800000000012,0.107,0.115,-1697.108,-1659.682,-37.42599999999993,0.325,0.259
all_to_all_graph0_n48_d0p9,48,0.9,1,1000,-1945.594,-1923.518,-22.076000000000025,0.191,0.156,-1968.906,-1947.864,-21.04199999999992,0.2889999999999999,0.2049999999999999
all_to_all_graph0_n48_d0p9,48,0.9,2,1000,-1952.88,-1919.376,-33.50400000000013,0.185,0.135,-1971.938,-1945.142,-26.79600000000005,0.2899999999999999,0.2059999999999999
all_to_all_graph0_n48_d0p9,48,0.9,3,1000,-1961.6,-1939.87,-21.730000000000015,0.254,0.223,-1983.428,-1963.292,-20.136000000000195,0.2909999999999999,0.266
all_to_all_graph0_n48_d0p9,48,0.9,4,1000,-1970.736,-1927.706,-43.0300000000002,0.216,0.197,-1987.454,-1947.126,-40.327999999999975,0.281,0.227
all_to_all_graph0_n48_d0p9,48,0.9,5,1000,-1957.196,-1933.852,-23.343999999999824,0.129,0.165,-1985.744,-1958.58,-27.163999999999987,0.2979999999999999,0.268
all_to_all_graph0_n48_d0p9,48,0.9,6,1000,-1957.42,-1928.33,-29.090000000000146,0.249,0.2049999999999999,-1979.164,-1948.916,-30.248000000000047,0.3669999999999999,0.247
all_to_all_graph0_n48_d0p9,48,0.9,7,1000,-1961.22,-1933.92,-27.299999999999955,0.161,0.13,-1981.686,-1953.4,-28.28599999999983,0.316,0.266
all_to_all_graph0_n48_d0p9,48,0.9,8,1000,-1964.844,-1934.26,-30.58400000000006,0.225,0.1769999999999999,-1993.928,-1957.662,-36.26600000000008,0.4259999999999999,0.277
all_to_all_graph0_n48_d0p9,48,0.9,9,1000,-1949.806,-1945.88,-3.9259999999999304,0.226,0.2369999999999999,-1977.884,-1966.362,-11.521999999999936,0.333,0.2899999999999999
all_to_all_graph0_n48_d0p9,48,0.9,10,1000,-1973.014,-1932.712,-40.301999999999914,0.161,0.127,-1992.27,-1956.564,-35.705999999999904,0.34,0.234
all_to_all_graph1_n48_d0p9,48,0.9,1,1000,-1855.574,-1828.99,-26.58400000000006,0.134,0.111,-1888.718,-1850.848,-37.87000000000012,0.161,0.1189999999999999
all_to_all_graph1_n48_d0p9,48,0.9,2,1000,-1856.194,-1827.372,-28.82199999999989,0.11,0.096,-1886.716,-1853.374,-33.34199999999987,0.12,0.111
all_to_all_graph1_n48_d0p9,48,0.9,3,1000,-1855.752,-1826.07,-29.682000000000016,0.0859999999999999,0.066,-1885.434,-1849.69,-35.743999999999915,0.106,0.0889999999999999
all_to_all_graph1_n48_d0p9,48,0.9,4,1000,-1848.048,-1818.972,-29.076000000000025,0.098,0.1029999999999999,-1888.236,-1850.784,-37.452,0.11,0.116
all_to_all_graph1_n48_d0p9,48,0.9,5,1000,-1840.774,-1819.71,-21.063999999999847,0.1029999999999999,0.11,-1879.004,-1851.826,-27.177999999999884,0.138,0.13
all_to_all_graph1_n48_d0p9,48,0.9,6,1000,-1866.644,-1829.346,-37.298,0.105,0.0859999999999999,-1888.28,-1855.542,-32.738000000000056,0.1189999999999999,0.1
all_to_all_graph1_n48_d0p9,48,0.9,7,1000,-1841.088,-1821.212,-19.875999999999976,0.121,0.0929999999999999,-1879.228,-1853.188,-26.039999999999964,0.135,0.105
all_to_all_graph1_n48_d0p9,48,0.9,8,1000,-1825.936,-1809.932,-16.003999999999905,0.0899999999999999,0.085,-1865.95,-1839.882,-26.067999999999984,0.113,0.0909999999999999
all_to_all_graph1_n48_d0p9,48,0.9,9,1000,-1834.1,-1819.548,-14.551999999999907,0.095,0.067,-1873.578,-1847.86,-25.718000000000075,0.105,0.08
all_to_all_graph1_n48_d0p9,48,0.9,10,1000,-1834.516,-1818.088,-16.42800000000011,0.05,0.0609999999999999,-1866.094,-1848.296,-17.798000000000002,0.083,0.084
all_to_all_graph2_n48_d0p9,48,0.9,1,1000,-1883.416,-1864.132,-19.28399999999988,0.201,0.169,-1903.756,-1885.846,-17.910000000000082,0.274,0.215
all_to_all_graph2_n48_d0p9,48,0.9,2,1000,-1888.712,-1863.482,-25.230000000000015,0.1769999999999999,0.128,-1909.732,-1888.65,-21.08199999999988,0.255,0.217
all_to_all_graph2_n48_d0p9,48,0.9,3,1000,-1852.854,-1842.208,-10.645999999999958,0.128,0.125,-1886.164,-1868.234,-17.930000000000064,0.263,0.183
all_to_all_graph2_n48_d0p9,48,0.9,4,1000,-1885.654,-1854.638,-31.01600000000008,0.246,0.169,-1917.868,-1880.982,-36.88599999999997,0.274,0.2049999999999999
all_to_all_graph2_n48_d0p9,48,0.9,5,1000,-1881.066,-1852.574,-28.49199999999996,0.2119999999999999,0.168,-1908.024,-1876.138,-31.885999999999967,0.225,0.1799999999999999
all_to_all_graph2_n48_d0p9,48,0.9,6,1000,-1892.124,-1862.926,-29.198000000000093,0.245,0.16,-1913.39,-1883.154,-30.236000000000104,0.2859999999999999,0.188
all_to_all_graph2_n48_d0p9,48,0.9,7,1000,-1889.974,-1856.362,-33.61199999999985,0.0899999999999999,0.113,-1913.992,-1880.632,-33.3599999999999,0.114,0.138
all_to_all_graph2_n48_d0p9,48,0.9,8,1000,-1885.53,-1857.93,-27.59999999999991,0.0609999999999999,0.0769999999999999,-1912.612,-1880.124,-32.488000000000056,0.3479999999999999,0.1739999999999999
all_to_all_graph2_n48_d0p9,48,0.9,9,1000,-1885.316,-1857.444,-27.87200000000007,0.0729999999999999,0.0889999999999999,-1912.132,-1879.978,-32.154,0.3609999999999999,0.191
all_to_all_graph2_n48_d0p9,48,0.9,10,1000,-1883.842,-1858.596,-25.24600000000009,0.069,0.069,-1906.392,-1882.554,-23.837999999999965,0.255,0.155
all_to_all_graph3_n48_d0p9,48,0.9,1,1000,-1924.286,-1880.988,-43.298,0.128,0.08,-1952.256,-1906.43,-45.826000000000015,0.152,0.096
all_to_all_graph3_n48_d0p9,48,0.9,2,1000,-1941.21,-1888.698,-52.51199999999994,0.125,0.104,-1959.562,-1907.502,-52.059999999999945,0.131,0.108
all_to_all_graph3_n48_d0p9,48,0.9,3,1000,-1939.138,-1893.968,-45.169999999999845,0.162,0.105,-1957.156,-1911.42,-45.73599999999988,0.17,0.113
all_to_all_graph3_n48_d0p9,48,0.9,4,1000,-1919.196,-1874.576,-44.61999999999989,0.0529999999999999,0.064,-1940.902,-1899.294,-41.60799999999995,0.1179999999999999,0.0859999999999999
all_to_all_graph3_n48_d0p9,48,0.9,5,1000,-1940.03,-1887.23,-52.79999999999996,0.11,0.078,-1959.118,-1908.944,-50.17399999999998,0.129,0.0859999999999999
all_to_all_graph3_n48_d0p9,48,0.9,6,1000,-1927.38,-1896.466,-30.91400000000021,0.097,0.095,-1948.77,-1914.426,-34.34400000000005,0.107,0.1029999999999999
all_to_all_graph3_n48_d0p9,48,0.9,7,1000,-1928.784,-1879.174,-49.61000000000013,0.2039999999999999,0.084,-1948.0,-1900.102,-47.89799999999991,0.215,0.094
all_to_all_graph3_n48_d0p9,48,0.9,8,1000,-1927.408,-1882.196,-45.21199999999999,0.114,0.068,-1940.662,-1898.838,-41.82400000000007,0.116,0.0769999999999999
all_to_all_graph3_n48_d0p9,48,0.9,9,1000,-1920.886,-1877.656,-43.23000000000002,0.098,0.078,-1945.444,-1904.358,-41.086000000000006,0.168,0.101
all_to_all_graph3_n48_d0p9,48,0.9,10,1000,-1927.728,-1888.782,-38.94600000000014,0.1189999999999999,0.0869999999999999,-1958.7,-1911.024,-47.67600000000016,0.134,0.104
all_to_all_graph4_n48_d0p9,48,0.9,1,1000,-1950.544,-1924.622,-25.922000000000025,0.133,0.13,-1967.33,-1943.032,-24.298,0.223,0.199
all_to_all_graph4_n48_d0p9,48,0.9,2,1000,-1922.666,-1897.358,-25.307999999999996,0.1469999999999999,0.17,-1942.114,-1923.136,-18.978000000000065,0.2089999999999999,0.226
all_to_all_graph4_n48_d0p9,48,0.9,3,1000,-1950.89,-1910.484,-40.406000000000176,0.191,0.1419999999999999,-1973.23,-1933.906,-39.32400000000007,0.2839999999999999,0.226
all_to_all_graph4_n48_d0p9,48,0.9,4,1000,-1930.184,-1904.878,-25.30600000000004,0.117,0.12,-1957.024,-1929.236,-27.787999999999784,0.2429999999999999,0.193
all_to_all_graph4_n48_d0p9,48,0.9,5,1000,-1938.582,-1907.34,-31.24200000000019,0.122,0.108,-1958.822,-1935.208,-23.613999999999805,0.2089999999999999,0.183
all_to_all_graph4_n48_d0p9,48,0.9,6,1000,-1943.044,-1914.182,-28.86200000000008,0.099,0.1429999999999999,-1961.948,-1935.4,-26.548,0.254,0.203
all_to_all_graph4_n48_d0p9,48,0.9,7,1000,-1946.05,-1909.666,-36.384000000000015,0.153,0.1429999999999999,-1964.694,-1936.378,-28.31600000000003,0.27,0.2119999999999999
all_to_all_graph4_n48_d0p9,48,0.9,8,1000,-1941.174,-1907.922,-33.25199999999995,0.2099999999999999,0.184,-1964.162,-1930.712,-33.450000000000045,0.2939999999999999,0.246
all_to_all_graph4_n48_d0p9,48,0.9,9,1000,-1952.86,-1921.014,-31.846000000000004,0.164,0.1739999999999999,-1976.43,-1943.818,-32.61200000000008,0.259,0.224
all_to_all_graph4_n48_d0p9,48,0.9,10,1000,-1939.34,-1906.982,-32.35799999999995,0.153,0.154,-1959.178,-1932.194,-26.98400000000015,0.257,0.202
all_to_all_graph5_n48_d0p9,48,0.9,1,1000,-1858.688,-1825.25,-33.4380000000001,0.068,0.033,-1886.04,-1847.522,-38.51800000000002,0.156,0.1
all_to_all_graph5_n48_d0p9,48,0.9,2,1000,-1849.596,-1823.914,-25.682000000000016,0.0609999999999999,0.07,-1876.942,-1845.718,-31.223999999999933,0.0919999999999999,0.0919999999999999
all_to_all_graph5_n48_d0p9,48,0.9,3,1000,-1844.416,-1816.034,-28.381999999999834,0.0609999999999999,0.0359999999999999,-1882.102,-1844.25,-37.85200000000009,0.1809999999999999,0.126
all_to_all_graph5_n48_d0p9,48,0.9,4,1000,-1836.662,-1816.764,-19.898000000000135,0.01,0.027,-1863.196,-1838.814,-24.381999999999834,0.067,0.085
all_to_all_graph5_n48_d0p9,48,0.9,5,1000,-1830.204,-1806.728,-23.475999999999885,0.0599999999999999,0.0429999999999999,-1861.936,-1835.894,-26.04199999999992,0.099,0.0769999999999999
all_to_all_graph5_n48_d0p9,48,0.9,6,1000,-1840.62,-1816.652,-23.967999999999847,0.0429999999999999,0.0459999999999999,-1870.852,-1845.734,-25.11800000000017,0.0899999999999999,0.082
all_to_all_graph5_n48_d0p9,48,0.9,7,1000,-1834.132,-1825.146,-8.986000000000102,0.0719999999999999,0.07,-1874.37,-1851.868,-22.501999999999956,0.189,0.14
all_to_all_graph5_n48_d0p9,48,0.9,8,1000,-1832.162,-1820.298,-11.864000000000033,0.0089999999999999,0.0379999999999999,-1865.392,-1844.478,-20.913999999999987,0.047,0.0519999999999999
all_to_all_graph5_n48_d0p9,48,0.9,9,1000,-1850.106,-1826.88,-23.225999999999885,0.033,0.062,-1880.396,-1849.598,-30.798,0.078,0.094
all_to_all_graph5_n48_d0p9,48,0.9,10,1000,-1869.342,-1836.426,-32.91600000000017,0.084,0.068,-1896.902,-1859.01,-37.892000000000046,0.165,0.134
all_to_all_graph6_n48_d0p9,48,0.9,1,1000,-1893.244,-1867.554,-25.689999999999827,0.082,0.085,-1921.602,-1893.38,-28.22199999999998,0.1459999999999999,0.112
all_to_all_graph6_n48_d0p9,48,0.9,2,1000,-1893.386,-1860.16,-33.225999999999885,0.0449999999999999,0.05,-1919.652,-1881.658,-37.99400000000014,0.135,0.081
all_to_all_graph6_n48_d0p9,48,0.9,3,1000,-1859.868,-1853.914,-5.953999999999951,0.01,0.004,-1892.464,-1877.55,-14.913999999999987,0.042,0.0219999999999999
all_to_all_graph6_n48_d0p9,48,0.9,4,1000,-1888.476,-1870.888,-17.588000000000193,0.098,0.062,-1913.498,-1892.51,-20.988000000000056,0.116,0.0889999999999999
all_to_all_graph6_n48_d0p9,48,0.9,5,1000,-1870.662,-1864.77,-5.892000000000053,0.098,0.123,-1897.144,-1890.092,-7.051999999999907,0.112,0.138
all_to_all_graph6_n48_d0p9,48,0.9,6,1000,-1876.364,-1854.062,-22.30200000000013,0.0459999999999999,0.069,-1909.654,-1877.588,-32.06600000000003,0.162,0.111
all_to_all_graph6_n48_d0p9,48,0.9,7,1000,-1868.058,-1854.164,-13.894000000000004,0.017,0.027,-1910.656,-1880.148,-30.50800000000004,0.0899999999999999,0.062
all_to_all_graph6_n48_d0p9,48,0.9,8,1000,-1884.624,-1860.658,-23.96600000000012,0.066,0.0439999999999999,-1913.216,-1882.628,-30.587999999999965,0.106,0.085
all_to_all_graph6_n48_d0p9,48,0.9,9,1000,-1846.822,-1841.808,-5.013999999999896,0.066,0.047,-1889.42,-1873.456,-15.964000000000167,0.112,0.078
all_to_all_graph6_n48_d0p9,48,0.9,10,1000,-1873.752,-1852.522,-21.230000000000015,0.042,0.014,-1905.018,-1877.318,-27.700000000000045,0.128,0.1189999999999999
all_to_all_graph7_n48_d0p9,48,0.9,1,1000,-1849.492,-1792.366,-57.125999999999976,0.129,0.1019999999999999,-1875.786,-1815.028,-60.75800000000004,0.165,0.114
all_to_all_graph7_n48_d0p9,48,0.9,2,1000,-1794.898,-1776.246,-18.651999999999816,0.019,0.029,-1831.318,-1801.178,-30.139999999999876,0.0439999999999999,0.047
all_to_all_graph7_n48_d0p9,48,0.9,3,1000,-1793.826,-1765.658,-28.16800000000012,0.035,0.041,-1832.772,-1792.938,-39.83399999999983,0.047,0.0519999999999999
all_to_all_graph7_n48_d0p9,48,0.9,4,1000,-1835.786,-1783.376,-52.41000000000008,0.156,0.1,-1865.416,-1814.078,-51.337999999999965,0.1739999999999999,0.117
all_to_all_graph7_n48_d0p9,48,0.9,5,1000,-1809.128,-1780.06,-29.067999999999984,0.0899999999999999,0.064,-1848.372,-1808.254,-40.118000000000166,0.234,0.133
all_to_all_graph7_n48_d0p9,48,0.9,6,1000,-1827.146,-1797.48,-29.66599999999994,0.067,0.0749999999999999,-1855.86,-1821.076,-34.78399999999988,0.098,0.107
all_to_all_graph7_n48_d0p9,48,0.9,7,1000,-1820.498,-1783.296,-37.202,0.049,0.0519999999999999,-1855.89,-1811.76,-44.1300000000001,0.123,0.095
all_to_all_graph7_n48_d0p9,48,0.9,8,1000,-1818.924,-1790.226,-28.697999999999865,0.0759999999999999,0.057,-1873.142,-1823.396,-49.746000000000095,0.167,0.108
all_to_all_graph7_n48_d0p9,48,0.9,9,1000,-1823.432,-1787.8,-35.63200000000006,0.0589999999999999,0.067,-1858.392,-1817.074,-41.317999999999984,0.0859999999999999,0.0859999999999999
all_to_all_graph7_n48_d0p9,48,0.9,10,1000,-1811.104,-1783.882,-27.22199999999998,0.109,0.085,-1842.93,-1811.968,-30.96199999999999,0.137,0.108
all_to_all_graph8_n48_d0p9,48,0.9,1,1000,-1849.596,-1818.19,-31.40599999999995,0.153,0.097,-1869.538,-1843.338,-26.200000000000045,0.194,0.153
all_to_all_graph8_n48_d0p9,48,0.9,2,1000,-1874.504,-1828.778,-45.725999999999885,0.116,0.0729999999999999,-1895.59,-1854.306,-41.28399999999988,0.1789999999999999,0.1449999999999999
all_to_all_graph8_n48_d0p9,48,0.9,3,1000,-1862.312,-1819.924,-42.38799999999992,0.0459999999999999,0.0509999999999999,-1888.692,-1843.282,-45.41000000000008,0.063,0.0709999999999999
all_to_all_graph8_n48_d0p9,48,0.9,4,1000,-1868.998,-1831.412,-37.586000000000006,0.066,0.0459999999999999,-1887.558,-1851.99,-35.567999999999984,0.0899999999999999,0.0759999999999999
all_to_all_graph8_n48_d0p9,48,0.9,5,1000,-1857.074,-1818.916,-38.15800000000013,0.078,0.031,-1878.914,-1843.718,-35.19599999999991,0.099,0.0739999999999999
all_to_all_graph8_n48_d0p9,48,0.9,6,1000,-1839.734,-1821.382,-18.351999999999865,0.12,0.058,-1868.942,-1842.418,-26.524000000000115,0.1489999999999999,0.1029999999999999
all_to_all_graph8_n48_d0p9,48,0.9,7,1000,-1848.91,-1814.834,-34.07600000000002,0.07,0.069,-1873.646,-1840.502,-33.144000000000005,0.094,0.109
all_to_all_graph8_n48_d0p9,48,0.9,8,1000,-1847.522,-1820.144,-27.37799999999993,0.08,0.065,-1872.22,-1844.416,-27.804000000000087,0.101,0.123
all_to_all_graph8_n48_d0p9,48,0.9,9,1000,-1861.176,-1823.558,-37.61799999999994,0.0729999999999999,0.0369999999999999,-1882.786,-1848.884,-33.902000000000044,0.095,0.0879999999999999
all_to_all_graph8_n48_d0p9,48,0.9,10,1000,-1846.614,-1814.558,-32.05600000000004,0.124,0.042,-1870.304,-1837.448,-32.855999999999995,0.1459999999999999,0.0749999999999999
all_to_all_graph9_n48_d0p9,48,0.9,1,1000,-1854.072,-1849.676,-4.395999999999958,0.065,0.11,-1881.878,-1875.242,-6.635999999999967,0.097,0.137
all_to_all_graph9_n48_d0p9,48,0.9,2,1000,-1887.904,-1860.04,-27.864000000000036,0.1019999999999999,0.109,-1905.772,-1883.416,-22.355999999999995,0.1409999999999999,0.157
all_to_all_graph9_n48_d0p9,48,0.9,3,1000,-1860.612,-1849.666,-10.94600000000014,0.049,0.0709999999999999,-1889.372,-1877.906,-11.466000000000122,0.099,0.126
all_to_all_graph9_n48_d0p9,48,0.9,4,1000,-1865.486,-1869.81,4.323999999999842,0.097,0.13,-1888.748,-1890.234,1.4859999999998763,0.127,0.1499999999999999
all_to_all_graph9_n48_d0p9,48,0.9,5,1000,-1865.128,-1851.726,-13.401999999999816,0.099,0.1019999999999999,-1897.226,-1876.522,-20.704000000000175,0.138,0.168
all_to_all_graph9_n48_d0p9,48,0.9,6,1000,-1869.2,-1854.874,-14.326000000000022,0.1469999999999999,0.113,-1893.4,-1878.082,-15.317999999999984,0.1799999999999999,0.131
all_to_all_graph9_n48_d0p9,48,0.9,7,1000,-1877.096,-1849.5,-27.596000000000004,0.079,0.0749999999999999,-1904.754,-1873.674,-31.079999999999927,0.1809999999999999,0.137
all_to_all_graph9_n48_d0p9,48,0.9,8,1000,-1890.074,-1864.934,-25.1400000000001,0.1799999999999999,0.1479999999999999,-1917.454,-1888.092,-29.361999999999853,0.201,0.1719999999999999
all_to_all_graph9_n48_d0p9,48,0.9,9,1000,-1888.174,-1861.538,-26.635999999999967,0.1419999999999999,0.126,-1908.45,-1881.912,-26.538000000000007,0.1799999999999999,0.151
all_to_all_graph9_n48_d0p9,48,0.9,10,1000,-1891.222,-1865.336,-25.885999999999967,0.132,0.132,-1910.058,-1892.09,-17.968000000000075,0.157,0.184
all_to_all_graph10_n48_d0p9,48,0.9,1,1000,-1758.102,-1733.146,-24.956000000000127,0.039,0.034,-1781.056,-1754.726,-26.329999999999927,0.111,0.0599999999999999
all_to_all_graph10_n48_d0p9,48,0.9,2,1000,-1764.044,-1736.9,-27.144000000000005,0.068,0.04,-1787.124,-1757.864,-29.25999999999999,0.096,0.058
all_to_all_graph10_n48_d0p9,48,0.9,3,1000,-1766.988,-1740.428,-26.559999999999945,0.124,0.0729999999999999,-1791.844,-1768.368,-23.476000000000116,0.138,0.0899999999999999
all_to_all_graph10_n48_d0p9,48,0.9,4,1000,-1764.978,-1743.402,-21.576000000000025,0.08,0.0539999999999999,-1787.612,-1764.992,-22.62000000000012,0.1019999999999999,0.082
all_to_all_graph10_n48_d0p9,48,0.9,5,1000,-1756.024,-1738.21,-17.81399999999985,0.096,0.033,-1788.916,-1764.694,-24.22199999999998,0.1459999999999999,0.0719999999999999
all_to_all_graph10_n48_d0p9,48,0.9,6,1000,-1764.65,-1744.738,-19.912000000000035,0.05,0.048,-1793.644,-1767.206,-26.438000000000105,0.137,0.0899999999999999
all_to_all_graph10_n48_d0p9,48,0.9,7,1000,-1754.484,-1748.298,-6.185999999999922,0.0439999999999999,0.0439999999999999,-1781.122,-1769.826,-11.296000000000047,0.065,0.058
all_to_all_graph10_n48_d0p9,48,0.9,8,1000,-1770.83,-1745.194,-25.635999999999967,0.0909999999999999,0.0519999999999999,-1797.514,-1765.202,-32.3119999999999,0.153,0.08
all_to_all_graph10_n48_d0p9,48,0.9,9,1000,-1764.486,-1748.764,-15.722000000000207,0.106,0.0519999999999999,-1789.734,-1767.078,-22.65599999999995,0.12,0.078
all_to_all_graph10_n48_d0p9,48,0.9,10,1000,-1760.722,-1745.86,-14.86200000000008,0.08,0.065,-1785.378,-1766.318,-19.059999999999945,0.139,0.085
all_to_all_graph11_n48_d0p9,48,0.9,1,1000,-1813.916,-1804.302,-9.614000000000033,0.0589999999999999,0.0919999999999999,-1837.246,-1821.822,-15.424000000000206,0.0759999999999999,0.107
all_to_all_graph11_n48_d0p9,48,0.9,2,1000,-1834.268,-1806.05,-28.218000000000075,0.14,0.0869999999999999,-1855.7,-1827.294,-28.40599999999995,0.156,0.115
all_to_all_graph11_n48_d0p9,48,0.9,3,1000,-1823.622,-1800.156,-23.46600000000012,0.058,0.08,-1847.052,-1821.858,-25.19399999999996,0.1189999999999999,0.109
all_to_all_graph11_n48_d0p9,48,0.9,4,1000,-1850.086,-1817.754,-32.33200000000011,0.222,0.138,-1868.806,-1833.796,-35.00999999999999,0.255,0.157
all_to_all_graph11_n48_d0p9,48,0.9,5,1000,-1797.762,-1798.234,0.4719999999999799,0.047,0.065,-1827.678,-1819.084,-8.594000000000051,0.123,0.098
all_to_all_graph11_n48_d0p9,48,0.9,6,1000,-1812.01,-1792.154,-19.855999999999995,0.0729999999999999,0.0299999999999999,-1835.738,-1814.2,-21.538000000000007,0.121,0.08
all_to_all_graph11_n48_d0p9,48,0.9,7,1000,-1818.146,-1801.364,-16.781999999999925,0.0739999999999999,0.0749999999999999,-1847.74,-1825.182,-22.557999999999996,0.156,0.115
all_to_all_graph11_n48_d0p9,48,0.9,8,1000,-1807.45,-1807.898,0.4479999999998653,0.0449999999999999,0.067,-1825.93,-1825.628,-0.3020000000001346,0.067,0.0919999999999999
all_to_all_graph11_n48_d0p9,48,0.9,9,1000,-1818.98,-1804.41,-14.569999999999936,0.0589999999999999,0.084,-1850.654,-1824.144,-26.50999999999999,0.186,0.1179999999999999
all_to_all_graph11_n48_d0p9,48,0.9,10,1000,-1827.572,-1808.956,-18.615999999999985,0.153,0.098,-1849.16,-1826.454,-22.706000000000127,0.1809999999999999,0.112
all_to_all_graph12_n48_d0p9,48,0.9,1,1000,-1993.812,-1966.808,-27.003999999999905,0.079,0.0749999999999999,-2009.57,-1987.572,-21.998000000000047,0.084,0.081
all_to_all_graph12_n48_d0p9,48,0.9,2,1000,-1987.388,-1964.966,-22.422000000000025,0.0709999999999999,0.0539999999999999,-2002.018,-1985.838,-16.180000000000064,0.085,0.058
all_to_all_graph12_n48_d0p9,48,0.9,3,1000,-1972.358,-1959.174,-13.183999999999967,0.032,0.0459999999999999,-1992.56,-1979.436,-13.124000000000024,0.0369999999999999,0.0539999999999999
all_to_all_graph12_n48_d0p9,48,0.9,4,1000,-1992.148,-1973.084,-19.063999999999847,0.05,0.0429999999999999,-2004.856,-1986.452,-18.404,0.066,0.0449999999999999
all_to_all_graph12_n48_d0p9,48,0.9,5,1000,-1992.732,-1962.512,-30.220000000000027,0.082,0.0729999999999999,-2011.156,-1985.338,-25.817999999999984,0.0909999999999999,0.0769999999999999
all_to_all_graph12_n48_d0p9,48,0.9,6,1000,-1993.136,-1964.302,-28.83400000000006,0.0609999999999999,0.079,-2010.976,-1985.402,-25.57400000000007,0.068,0.084
all_to_all_graph12_n48_d0p9,48,0.9,7,1000,-1989.238,-1967.89,-21.34799999999996,0.0609999999999999,0.065,-2009.106,-1988.67,-20.43599999999992,0.1029999999999999,0.078
all_to_all_graph12_n48_d0p9,48,0.9,8,1000,-1982.782,-1966.954,-15.827999999999976,0.0429999999999999,0.042,-1997.124,-1980.954,-16.170000000000073,0.065,0.048
all_to_all_graph12_n48_d0p9,48,0.9,9,1000,-1992.514,-1968.43,-24.083999999999836,0.0899999999999999,0.084,-2014.506,-1988.538,-25.968000000000075,0.095,0.0879999999999999
all_to_all_graph12_n48_d0p9,48,0.9,10,1000,-1985.778,-1964.404,-21.374000000000024,0.0869999999999999,0.0719999999999999,-2009.978,-1983.956,-26.02200000000016,0.1179999999999999,0.078
all_to_all_graph13_n48_d0p9,48,0.9,1,1000,-1769.268,-1766.166,-3.1020000000000887,0.0749999999999999,0.0609999999999999,-1791.448,-1787.772,-3.6760000000001583,0.08,0.067
all_to_all_graph13_n48_d0p9,48,0.9,2,1000,-1773.708,-1765.786,-7.9220000000000255,0.0459999999999999,0.0749999999999999,-1802.164,-1789.382,-12.781999999999924,0.0529999999999999,0.0759999999999999
all_to_all_graph13_n48_d0p9,48,0.9,3,1000,-1776.472,-1759.746,-16.725999999999885,0.0379999999999999,0.027,-1799.976,-1781.592,-18.38400000000001,0.0539999999999999,0.0459999999999999
all_to_all_graph13_n48_d0p9,48,0.9,4,1000,-1764.25,-1760.468,-3.781999999999925,0.0089999999999999,0.0109999999999999,-1790.926,-1783.756,-7.1699999999998445,0.028,0.031
all_to_all_graph13_n48_d0p9,48,0.9,5,1000,-1776.288,-1760.232,-16.05600000000004,0.049,0.041,-1799.888,-1783.164,-16.723999999999933,0.0539999999999999,0.048
all_to_all_graph13_n48_d0p9,48,0.9,6,1000,-1764.47,-1766.97,2.5,0.0379999999999999,0.0529999999999999,-1788.46,-1786.87,-1.5900000000001455,0.0509999999999999,0.063
all_to_all_graph13_n48_d0p9,48,0.9,7,1000,-1766.088,-1756.706,-9.38200000000006,0.033,0.0439999999999999,-1793.544,-1780.244,-13.300000000000182,0.047,0.058
all_to_all_graph13_n48_d0p9,48,0.9,8,1000,-1752.242,-1758.01,5.768000000000029,0.0379999999999999,0.032,-1785.746,-1783.422,-2.3240000000000687,0.05,0.0429999999999999
all_to_all_graph13_n48_d0p9,48,0.9,9,1000,-1760.15,-1753.646,-6.504000000000133,0.0369999999999999,0.0259999999999999,-1785.838,-1779.312,-6.526000000000067,0.0439999999999999,0.032
all_to_all_graph13_n48_d0p9,48,0.9,10,1000,-1769.162,-1754.292,-14.870000000000118,0.033,0.019,-1799.636,-1779.436,-20.200000000000045,0.0589999999999999,0.034
all_to_all_graph14_n48_d0p9,48,0.9,1,1000,-1844.128,-1820.778,-23.34999999999991,0.01,0.012,-1863.668,-1840.81,-22.857999999999947,0.0369999999999999,0.031
all_to_all_graph14_n48_d0p9,48,0.9,2,1000,-1856.53,-1821.04,-35.49000000000001,0.025,0.0509999999999999,-1872.55,-1840.13,-32.419999999999845,0.0369999999999999,0.056
all_to_all_graph14_n48_d0p9,48,0.9,3,1000,-1843.182,-1814.082,-29.09999999999991,0.031,0.035,-1870.37,-1837.886,-32.483999999999924,0.0859999999999999,0.0449999999999999
all_to_all_graph14_n48_d0p9,48,0.9,4,1000,-1835.194,-1821.986,-13.207999999999856,0.003,0.0109999999999999,-1855.896,-1843.374,-12.521999999999936,0.0179999999999999,0.035
all_to_all_graph14_n48_d0p9,48,0.9,5,1000,-1851.996,-1817.068,-34.92800000000011,0.0109999999999999,0.017,-1869.488,-1839.486,-30.001999999999956,0.0129999999999999,0.02
all_to_all_graph14_n48_d0p9,48,0.9,6,1000,-1842.122,-1819.986,-22.135999999999967,0.016,0.042,-1866.804,-1841.75,-25.054000000000087,0.048,0.058
all_to_all_graph14_n48_d0p9,48,0.9,7,1000,-1847.06,-1823.942,-23.117999999999935,0.0109999999999999,0.019,-1867.504,-1842.388,-25.115999999999985,0.034,0.04
all_to_all_graph14_n48_d0p9,48,0.9,8,1000,-1842.238,-1819.128,-23.110000000000127,0.01,0.0129999999999999,-1869.962,-1837.856,-32.105999999999995,0.0369999999999999,0.029
all_to_all_graph14_n48_d0p9,48,0.9,9,1000,-1827.622,-1812.512,-15.110000000000127,0.0,0.0,-1853.398,-1833.91,-19.48799999999983,0.0449999999999999,0.029
all_to_all_graph14_n48_d0p9,48,0.9,10,1000,-1844.234,-1830.822,-13.412000000000036,0.007,0.012,-1866.348,-1847.316,-19.031999999999925,0.0259999999999999,0.031
all_to_all_graph15_n48_d0p9,48,0.9,1,1000,-1906.758,-1882.96,-23.798,0.0459999999999999,0.023,-1937.564,-1903.726,-33.837999999999965,0.231,0.1459999999999999
all_to_all_graph15_n48_d0p9,48,0.9,2,1000,-1883.326,-1865.986,-17.339999999999918,0.007,0.0179999999999999,-1911.874,-1889.818,-22.05600000000004,0.117,0.1
all_to_all_graph15_n48_d0p9,48,0.9,3,1000,-1879.27,-1859.176,-20.094000000000047,0.0919999999999999,0.0739999999999999,-1905.254,-1883.924,-21.329999999999927,0.128,0.101
all_to_all_graph15_n48_d0p9,48,0.9,4,1000,-1916.024,-1881.142,-34.881999999999834,0.124,0.1019999999999999,-1944.432,-1907.884,-36.548,0.1469999999999999,0.132
all_to_all_graph15_n48_d0p9,48,0.9,5,1000,-1864.25,-1853.078,-11.172000000000024,0.104,0.065,-1906.57,-1880.654,-25.91599999999994,0.124,0.0759999999999999
all_to_all_graph15_n48_d0p9,48,0.9,6,1000,-1875.992,-1867.062,-8.930000000000062,0.1029999999999999,0.098,-1920.012,-1890.33,-29.682000000000016,0.127,0.115
all_to_all_graph15_n48_d0p9,48,0.9,7,1000,-1848.988,-1868.9,19.912000000000035,0.14,0.127,-1895.356,-1899.142,3.7860000000000578,0.2,0.151
all_to_all_graph15_n48_d0p9,48,0.9,8,1000,-1894.77,-1880.366,-14.403999999999996,0.133,0.109,-1940.914,-1905.964,-34.950000000000045,0.164,0.124
all_to_all_graph15_n48_d0p9,48,0.9,9,1000,-1888.11,-1867.012,-21.09799999999996,0.117,0.082,-1921.594,-1891.218,-30.375999999999976,0.191,0.127
all_to_all_graph15_n48_d0p9,48,0.9,10,1000,-1867.296,-1863.15,-4.145999999999958,0.099,0.084,-1903.036,-1890.73,-12.30600000000004,0.109,0.117
all_to_all_graph16_n48_d0p9,48,0.9,1,1000,-1926.69,-1907.91,-18.779999999999973,0.203,0.272,-1954.204,-1934.538,-19.66599999999994,0.254,0.32
all_to_all_graph16_n48_d0p9,48,0.9,2,1000,-1950.992,-1908.002,-42.99000000000001,0.22,0.2109999999999999,-1970.716,-1927.384,-43.33199999999988,0.279,0.27
all_to_all_graph16_n48_d0p9,48,0.9,3,1000,-1941.346,-1907.168,-34.17800000000011,0.256,0.199,-1965.654,-1932.868,-32.78600000000006,0.341,0.326
all_to_all_graph16_n48_d0p9,48,0.9,4,1000,-1924.972,-1893.93,-31.04199999999992,0.153,0.117,-1957.248,-1926.198,-31.049999999999955,0.2879999999999999,0.3019999999999999
all_to_all_graph16_n48_d0p9,48,0.9,5,1000,-1938.38,-1902.87,-35.51000000000022,0.231,0.184,-1967.336,-1926.112,-41.223999999999926,0.2849999999999999,0.259
all_to_all_graph16_n48_d0p9,48,0.9,6,1000,-1939.81,-1904.79,-35.01999999999998,0.1499999999999999,0.188,-1968.328,-1930.15,-38.17799999999989,0.342,0.307
all_to_all_graph16_n48_d0p9,48,0.9,7,1000,-1956.15,-1916.762,-39.388000000000154,0.155,0.218,-1983.626,-1940.356,-43.26999999999998,0.2939999999999999,0.3539999999999999
all_to_all_graph16_n48_d0p9,48,0.9,8,1000,-1946.992,-1916.332,-30.65999999999985,0.186,0.195,-1974.414,-1937.48,-36.93399999999997,0.32,0.324
all_to_all_graph16_n48_d0p9,48,0.9,9,1000,-1956.222,-1927.764,-28.458000000000084,0.277,0.275,-1976.992,-1945.2,-31.79199999999992,0.342,0.3519999999999999
all_to_all_graph16_n48_d0p9,48,0.9,10,1000,-1947.162,-1905.788,-41.37400000000002,0.126,0.139,-1973.674,-1930.152,-43.521999999999935,0.2,0.2379999999999999
all_to_all_graph17_n48_d0p9,48,0.9,1,1000,-1831.54,-1803.88,-27.65999999999985,0.048,0.035,-1862.008,-1827.812,-34.19600000000014,0.0509999999999999,0.039
all_to_all_graph17_n48_d0p9,48,0.9,2,1000,-1868.068,-1818.048,-50.01999999999998,0.0919999999999999,0.062,-1889.858,-1841.134,-48.723999999999926,0.094,0.063
all_to_all_graph17_n48_d0p9,48,0.9,3,1000,-1826.612,-1803.008,-23.60400000000004,0.028,0.0519999999999999,-1859.466,-1831.376,-28.08999999999992,0.0359999999999999,0.0599999999999999
all_to_all_graph17_n48_d0p9,48,0.9,4,1000,-1804.31,-1799.254,-5.05600000000004,0.0599999999999999,0.0439999999999999,-1863.83,-1829.032,-34.798,0.0749999999999999,0.05
all_to_all_graph17_n48_d0p9,48,0.9,5,1000,-1846.57,-1808.728,-37.84199999999987,0.055,0.0459999999999999,-1871.916,-1832.766,-39.14999999999986,0.066,0.0529999999999999
all_to_all_graph17_n48_d0p9,48,0.9,6,1000,-1842.626,-1804.66,-37.96599999999989,0.0749999999999999,0.0449999999999999,-1865.624,-1829.73,-35.894000000000005,0.08,0.048
all_to_all_graph17_n48_d0p9,48,0.9,7,1000,-1814.634,-1797.834,-16.799999999999955,0.0599999999999999,0.057,-1859.2,-1826.258,-32.94200000000001,0.0749999999999999,0.0599999999999999
all_to_all_graph17_n48_d0p9,48,0.9,8,1000,-1834.382,-1800.44,-33.94200000000001,0.0919999999999999,0.041,-1884.872,-1825.9,-58.97199999999998,0.101,0.0439999999999999
all_to_all_graph17_n48_d0p9,48,0.9,9,1000,-1847.376,-1810.462,-36.913999999999994,0.095,0.049,-1870.824,-1830.27,-40.55400000000009,0.105,0.0509999999999999
all_to_all_graph17_n48_d0p9,48,0.9,10,1000,-1833.796,-1804.316,-29.480000000000015,0.04,0.034,-1862.824,-1828.034,-34.789999999999964,0.042,0.035
all_to_all_graph18_n48_d0p9,48,0.9,1,1000,-1873.36,-1844.82,-28.539999999999964,0.064,0.056,-1903.472,-1875.872,-27.59999999999991,0.078,0.0769999999999999
all_to_all_graph18_n48_d0p9,48,0.9,2,1000,-1885.726,-1847.298,-38.42800000000011,0.064,0.062,-1908.852,-1870.86,-37.99200000000018,0.07,0.069
all_to_all_graph18_n48_d0p9,48,0.9,3,1000,-1884.902,-1855.868,-29.034000000000106,0.07,0.067,-1907.146,-1882.788,-24.357999999999947,0.082,0.078
all_to_all_graph18_n48_d0p9,48,0.9,4,1000,-1877.874,-1841.596,-36.27800000000002,0.0359999999999999,0.042,-1904.782,-1873.472,-31.309999999999945,0.0609999999999999,0.069
all_to_all_graph18_n48_d0p9,48,0.9,5,1000,-1878.072,-1847.222,-30.84999999999991,0.027,0.0449999999999999,-1906.578,-1874.586,-31.99199999999996,0.033,0.0599999999999999
all_to_all_graph18_n48_d0p9,48,0.9,6,1000,-1878.76,-1851.43,-27.329999999999927,0.0749999999999999,0.0609999999999999,-1908.744,-1876.574,-32.169999999999845,0.082,0.066
all_to_all_graph18_n48_d0p9,48,0.9,7,1000,-1877.57,-1845.676,-31.894000000000005,0.0889999999999999,0.064,-1908.964,-1874.302,-34.662000000000035,0.0929999999999999,0.078
all_to_all_graph18_n48_d0p9,48,0.9,8,1000,-1880.974,-1855.758,-25.21599999999989,0.0599999999999999,0.07,-1912.15,-1882.166,-29.98400000000015,0.063,0.081
all_to_all_graph18_n48_d0p9,48,0.9,9,1000,-1889.144,-1849.124,-40.01999999999998,0.0459999999999999,0.0519999999999999,-1911.994,-1874.396,-37.59799999999996,0.063,0.062
all_to_all_graph18_n48_d0p9,48,0.9,10,1000,-1868.116,-1837.232,-30.88400000000001,0.065,0.055,-1893.208,-1864.838,-28.37000000000012,0.07,0.0599999999999999
all_to_all_graph19_n48_d0p9,48,0.9,1,1000,-2134.756,-2072.48,-62.27599999999984,0.28,0.187,-2160.61,-2102.924,-57.68600000000015,0.381,0.274
all_to_all_graph19_n48_d0p9,48,0.9,2,1000,-2100.034,-2050.636,-49.39800000000014,0.261,0.162,-2131.424,-2083.548,-47.87600000000021,0.4279999999999999,0.3569999999999999
all_to_all_graph19_n48_d0p9,48,0.9,3,1000,-2094.264,-2046.068,-48.19600000000014,0.273,0.225,-2138.842,-2081.76,-57.08199999999988,0.376,0.3029999999999999
all_to_all_graph19_n48_d0p9,48,0.9,4,1000,-2082.586,-2038.426,-44.159999999999854,0.199,0.201,-2128.064,-2082.662,-45.40200000000005,0.376,0.2989999999999999
all_to_all_graph19_n48_d0p9,48,0.9,5,1000,-2126.956,-2076.918,-50.03800000000001,0.324,0.2419999999999999,-2158.568,-2105.046,-53.52200000000039,0.4859999999999999,0.3609999999999999
all_to_all_graph19_n48_d0p9,48,0.9,6,1000,-2149.706,-2083.704,-66.00199999999995,0.341,0.23,-2173.174,-2109.656,-63.51800000000002,0.384,0.317
all_to_all_graph19_n48_d0p9,48,0.9,7,1000,-2128.654,-2076.994,-51.659999999999854,0.136,0.1,-2157.56,-2104.736,-52.82400000000007,0.268,0.275
all_to_all_graph19_n48_d0p9,48,0.9,8,1000,-2113.286,-2075.412,-37.87400000000025,0.19,0.165,-2153.114,-2111.158,-41.95600000000013,0.27,0.223
all_to_all_graph19_n48_d0p9,48,0.9,9,1000,-2129.68,-2086.65,-43.02999999999975,0.251,0.1739999999999999,-2156.24,-2114.814,-41.42599999999993,0.4299999999999999,0.2839999999999999
all_to_all_graph19_n48_d0p9,48,0.9,10,1000,-2141.158,-2086.198,-54.96000000000004,0.1469999999999999,0.127,-2174.666,-2119.13,-55.53600000000006,0.4189999999999999,0.3509999999999999
all_to_all_graph0_n64_d0p1,64,0.1,1,1000,-883.244,-869.45,-13.793999999999984,0.0149999999999999,0.012,-901.8320000000001,-888.514,-13.317999999999984,0.0259999999999999,0.019
all_to_all_graph0_n64_d0p1,64,0.1,2,1000,-880.028,-867.248,-12.779999999999973,0.017,0.014,-901.136,-889.6119999999999,-11.524,0.0259999999999999,0.024
all_to_all_graph0_n64_d0p1,64,0.1,3,1000,-881.2319999999999,-868.392,-12.839999999999918,0.0129999999999999,0.0179999999999999,-897.264,-885.778,-11.48599999999999,0.019,0.0219999999999999
all_to_all_graph0_n64_d0p1,64,0.1,4,1000,-886.75,-867.168,-19.581999999999997,0.014,0.014,-899.0259999999998,-882.1079999999998,-16.918000000000006,0.028,0.024
all_to_all_graph0_n64_d0p1,64,0.1,5,1000,-881.124,-864.5259999999998,-16.59800000000007,0.023,0.01,-894.484,-881.196,-13.288000000000013,0.0299999999999999,0.0179999999999999
all_to_all_graph0_n64_d0p1,64,0.1,6,1000,-885.558,-870.874,-14.683999999999967,0.028,0.032,-899.416,-884.948,-14.468000000000076,0.0299999999999999,0.034
all_to_all_graph0_n64_d0p1,64,0.1,7,1000,-884.6,-870.1939999999998,-14.406000000000065,0.0129999999999999,0.017,-900.638,-887.916,-12.72199999999998,0.031,0.0259999999999999
all_to_all_graph0_n64_d0p1,64,0.1,8,1000,-881.758,-867.0839999999998,-14.674000000000092,0.016,0.016,-896.092,-883.212,-12.879999999999995,0.024,0.02
all_to_all_graph0_n64_d0p1,64,0.1,9,1000,-885.0,-868.1939999999998,-16.80600000000004,0.019,0.017,-897.2519999999998,-882.392,-14.8599999999999,0.021,0.0219999999999999
all_to_all_graph0_n64_d0p1,64,0.1,10,1000,-883.356,-870.354,-13.001999999999953,0.012,0.029,-897.8619999999999,-885.802,-12.059999999999944,0.0149999999999999,0.031
all_to_all_graph1_n64_d0p1,64,0.1,1,1000,-814.322,-800.0839999999998,-14.238000000000056,0.001,0.0,-828.01,-814.27,-13.740000000000007,0.0109999999999999,0.01
all_to_all_graph1_n64_d0p1,64,0.1,2,1000,-807.5399999999998,-803.5259999999998,-4.01400000000001,0.003,0.003,-825.436,-820.282,-5.153999999999996,0.014,0.006
all_to_all_graph1_n64_d0p1,64,0.1,3,1000,-810.52,-799.546,-10.973999999999933,0.004,0.001,-824.7759999999998,-814.9439999999998,-9.831999999999992,0.01,0.004
all_to_all_graph1_n64_d0p1,64,0.1,4,1000,-806.716,-795.134,-11.581999999999994,0.012,0.0,-823.2279999999998,-813.4539999999998,-9.774000000000001,0.02,0.003
all_to_all_graph1_n64_d0p1,64,0.1,5,1000,-811.51,-803.844,-7.66599999999994,0.005,0.003,-826.866,-817.638,-9.227999999999952,0.012,0.008
all_to_all_graph1_n64_d0p1,64,0.1,6,1000,-818.08,-805.352,-12.728000000000064,0.006,0.001,-829.994,-816.6219999999998,-13.372000000000073,0.014,0.008
all_to_all_graph1_n64_d0p1,64,0.1,7,1000,-810.668,-799.9539999999998,-10.714000000000055,0.004,0.003,-825.2039999999998,-815.8279999999999,-9.375999999999976,0.01,0.0129999999999999
all_to_all_graph1_n64_d0p1,64,0.1,8,1000,-807.188,-797.38,-9.807999999999993,0.0,0.002,-823.0979999999998,-813.222,-9.875999999999976,0.008,0.006
all_to_all_graph1_n64_d0p1,64,0.1,9,1000,-819.774,-809.5019999999998,-10.272000000000048,0.001,0.001,-830.142,-821.21,-8.932000000000016,0.01,0.005
all_to_all_graph1_n64_d0p1,64,0.1,10,1000,-811.582,-798.642,-12.93999999999994,0.001,0.0,-827.11,-815.118,-11.991999999999962,0.016,0.007
all_to_all_graph2_n64_d0p1,64,0.1,1,1000,-878.87,-866.128,-12.741999999999962,0.031,0.024,-893.416,-882.556,-10.860000000000014,0.0379999999999999,0.028
all_to_all_graph2_n64_d0p1,64,0.1,2,1000,-884.514,-864.466,-20.048,0.028,0.017,-896.024,-878.488,-17.535999999999945,0.04,0.0299999999999999
all_to_all_graph2_n64_d0p1,64,0.1,3,1000,-875.36,-863.472,-11.888000000000034,0.017,0.012,-888.9099999999999,-880.1079999999998,-8.802000000000021,0.027,0.0219999999999999
all_to_all_graph2_n64_d0p1,64,0.1,4,1000,-882.2419999999998,-868.176,-14.065999999999915,0.021,0.012,-894.0,-880.4199999999998,-13.58000000000004,0.04,0.021
all_to_all_graph2_n64_d0p1,64,0.1,5,1000,-885.37,-875.452,-9.918000000000006,0.047,0.039,-896.044,-885.158,-10.885999999999967,0.0509999999999999,0.041
all_to_all_graph2_n64_d0p1,64,0.1,6,1000,-881.066,-867.23,-13.836000000000013,0.019,0.0089999999999999,-894.268,-882.25,-12.018000000000027,0.031,0.0259999999999999
all_to_all_graph2_n64_d0p1,64,0.1,7,1000,-883.26,-871.1939999999998,-12.066000000000033,0.031,0.0259999999999999,-892.702,-881.0839999999998,-11.618000000000052,0.0379999999999999,0.027
all_to_all_graph2_n64_d0p1,64,0.1,8,1000,-884.2,-871.518,-12.682000000000016,0.033,0.0259999999999999,-895.222,-883.268,-11.953999999999953,0.0429999999999999,0.0299999999999999
all_to_all_graph2_n64_d0p1,64,0.1,9,1000,-879.4339999999999,-863.946,-15.487999999999944,0.041,0.025,-892.52,-879.0779999999999,-13.442000000000007,0.0459999999999999,0.0299999999999999
all_to_all_graph2_n64_d0p1,64,0.1,10,1000,-880.0539999999999,-865.6599999999999,-14.394000000000004,0.024,0.023,-893.3579999999998,-882.3819999999998,-10.976,0.029,0.027
all_to_all_graph3_n64_d0p1,64,0.1,1,1000,-840.99,-826.222,-14.768000000000027,0.005,0.004,-857.082,-841.69,-15.39199999999994,0.006,0.004
all_to_all_graph3_n64_d0p1,64,0.1,2,1000,-843.534,-830.394,-13.139999999999986,0.0109999999999999,0.0109999999999999,-856.548,-843.822,-12.726,0.014,0.012
all_to_all_graph3_n64_d0p1,64,0.1,3,1000,-838.206,-830.104,-8.101999999999974,0.001,0.0,-852.71,-844.988,-7.72199999999998,0.003,0.002
all_to_all_graph3_n64_d0p1,64,0.1,4,1000,-844.216,-831.5499999999998,-12.666000000000054,0.0089999999999999,0.004,-857.852,-844.842,-13.009999999999993,0.0179999999999999,0.005
all_to_all_graph3_n64_d0p1,64,0.1,5,1000,-842.1559999999998,-830.096,-12.059999999999944,0.005,0.006,-855.1359999999999,-842.45,-12.685999999999922,0.012,0.006
all_to_all_graph3_n64_d0p1,64,0.1,6,1000,-840.26,-830.0,-10.259999999999993,0.003,0.002,-855.538,-845.76,-9.77800000000002,0.007,0.007
all_to_all_graph3_n64_d0p1,64,0.1,7,1000,-841.8819999999998,-829.472,-12.409999999999968,0.005,0.003,-856.49,-844.418,-12.072000000000005,0.007,0.006
all_to_all_graph3_n64_d0p1,64,0.1,8,1000,-845.102,-830.8339999999998,-14.268000000000027,0.004,0.002,-857.0019999999998,-845.008,-11.993999999999916,0.007,0.003
all_to_all_graph3_n64_d0p1,64,0.1,9,1000,-839.7619999999998,-823.172,-16.589999999999918,0.01,0.005,-856.166,-841.288,-14.878000000000045,0.012,0.006
all_to_all_graph3_n64_d0p1,64,0.1,10,1000,-842.8719999999998,-831.024,-11.847999999999956,0.007,0.002,-858.2179999999998,-846.948,-11.269999999999982,0.01,0.005
all_to_all_graph4_n64_d0p1,64,0.1,1,1000,-902.254,-889.174,-13.08000000000004,0.0089999999999999,0.0109999999999999,-922.638,-910.006,-12.632000000000062,0.02,0.02
all_to_all_graph4_n64_d0p1,64,0.1,2,1000,-902.36,-890.3959999999998,-11.964000000000055,0.016,0.014,-922.488,-912.58,-9.908000000000015,0.021,0.0179999999999999
all_to_all_graph4_n64_d0p1,64,0.1,3,1000,-906.024,-889.142,-16.881999999999948,0.0129999999999999,0.008,-927.57,-910.032,-17.53800000000001,0.0219999999999999,0.012
all_to_all_graph4_n64_d0p1,64,0.1,4,1000,-907.5100000000001,-896.9299999999998,-10.58000000000004,0.0109999999999999,0.0129999999999999,-926.4,-913.538,-12.861999999999966,0.027,0.019
all_to_all_graph4_n64_d0p1,64,0.1,5,1000,-910.716,-896.5399999999998,-14.176000000000045,0.012,0.014,-925.97,-912.408,-13.562000000000012,0.016,0.0179999999999999
all_to_all_graph4_n64_d0p1,64,0.1,6,1000,-901.684,-891.36,-10.323999999999955,0.0089999999999999,0.01,-920.478,-909.6160000000002,-10.861999999999966,0.016,0.016
all_to_all_graph4_n64_d0p1,64,0.1,7,1000,-916.758,-899.792,-16.966000000000008,0.0179999999999999,0.016,-933.326,-918.286,-15.040000000000076,0.0219999999999999,0.021
all_to_all_graph4_n64_d0p1,64,0.1,8,1000,-905.084,-894.7859999999998,-10.298000000000002,0.019,0.021,-930.692,-918.23,-12.461999999999987,0.029,0.024
all_to_all_graph4_n64_d0p1,64,0.1,9,1000,-907.44,-889.484,-17.956000000000017,0.014,0.0089999999999999,-928.398,-910.134,-18.26400000000001,0.021,0.014
all_to_all_graph4_n64_d0p1,64,0.1,10,1000,-902.482,-892.148,-10.333999999999946,0.012,0.016,-921.026,-913.0,-8.025999999999954,0.019,0.028
all_to_all_graph5_n64_d0p1,64,0.1,1,1000,-799.922,-794.688,-5.234000000000036,0.002,0.001,-814.668,-809.5359999999998,-5.132000000000062,0.002,0.002
all_to_all_graph5_n64_d0p1,64,0.1,2,1000,-802.6079999999998,-795.8099999999998,-6.798000000000002,0.002,0.0,-814.3579999999998,-809.5639999999999,-4.793999999999984,0.002,0.001
all_to_all_graph5_n64_d0p1,64,0.1,3,1000,-798.086,-791.264,-6.822000000000003,0.003,0.0,-814.116,-807.562,-6.553999999999974,0.007,0.001
all_to_all_graph5_n64_d0p1,64,0.1,4,1000,-802.164,-791.7179999999998,-10.446000000000026,0.0,0.0,-817.318,-807.706,-9.611999999999966,0.003,0.003
all_to_all_graph5_n64_d0p1,64,0.1,5,1000,-802.71,-791.226,-11.484000000000036,0.001,0.001,-817.448,-806.198,-11.25,0.003,0.003
all_to_all_graph5_n64_d0p1,64,0.1,6,1000,-803.45,-796.3719999999998,-7.078000000000088,0.004,0.001,-817.254,-809.582,-7.6720000000000255,0.005,0.001
all_to_all_graph5_n64_d0p1,64,0.1,7,1000,-802.59,-791.638,-10.951999999999998,0.0,0.001,-816.2419999999998,-804.476,-11.765999999999964,0.001,0.003
all_to_all_graph5_n64_d0p1,64,0.1,8,1000,-801.4059999999998,-793.44,-7.9659999999998945,0.002,0.001,-815.464,-806.7899999999998,-8.674000000000094,0.003,0.003
all_to_all_graph5_n64_d0p1,64,0.1,9,1000,-800.2659999999998,-790.2,-10.065999999999915,0.0,0.0,-816.788,-806.952,-9.836000000000013,0.002,0.005
all_to_all_graph5_n64_d0p1,64,0.1,10,1000,-803.664,-793.9819999999999,-9.682000000000016,0.002,0.0,-817.61,-807.1219999999998,-10.488000000000056,0.003,0.001
all_to_all_graph6_n64_d0p1,64,0.1,1,1000,-888.798,-877.59,-11.20799999999997,0.0129999999999999,0.0149999999999999,-900.346,-891.8579999999998,-8.488000000000056,0.016,0.017
all_to_all_graph6_n64_d0p1,64,0.1,2,1000,-893.166,-886.308,-6.858000000000061,0.0149999999999999,0.0089999999999999,-903.8900000000002,-896.9779999999998,-6.912000000000035,0.016,0.012
all_to_all_graph6_n64_d0p1,64,0.1,3,1000,-889.388,-877.23,-12.158000000000015,0.007,0.007,-901.126,-890.448,-10.677999999999995,0.008,0.007
all_to_all_graph6_n64_d0p1,64,0.1,4,1000,-883.438,-878.052,-5.385999999999967,0.005,0.006,-897.792,-892.568,-5.224000000000046,0.014,0.007
all_to_all_graph6_n64_d0p1,64,0.1,5,1000,-882.666,-871.0359999999998,-11.630000000000107,0.008,0.005,-904.988,-893.2899999999998,-11.698000000000093,0.0089999999999999,0.0109999999999999
all_to_all_graph6_n64_d0p1,64,0.1,6,1000,-880.318,-870.0539999999999,-10.26400000000001,0.007,0.003,-898.212,-888.846,-9.365999999999984,0.017,0.006
all_to_all_graph6_n64_d0p1,64,0.1,7,1000,-886.3619999999999,-874.7519999999998,-11.610000000000014,0.0109999999999999,0.007,-900.72,-890.676,-10.043999999999984,0.014,0.0089999999999999
all_to_all_graph6_n64_d0p1,64,0.1,8,1000,-886.0019999999998,-876.46,-9.541999999999916,0.0089999999999999,0.007,-904.584,-893.168,-11.41599999999994,0.0089999999999999,0.0089999999999999
all_to_all_graph6_n64_d0p1,64,0.1,9,1000,-885.318,-876.576,-8.741999999999962,0.005,0.0089999999999999,-901.662,-893.306,-8.355999999999993,0.0109999999999999,0.0129999999999999
all_to_all_graph6_n64_d0p1,64,0.1,10,1000,-889.214,-875.698,-13.516000000000076,0.017,0.008,-902.168,-889.746,-12.422000000000024,0.02,0.01
all_to_all_graph7_n64_d0p1,64,0.1,1,1000,-855.808,-846.7659999999998,-9.04200000000003,0.0179999999999999,0.021,-873.464,-863.984,-9.480000000000018,0.0359999999999999,0.031
all_to_all_graph7_n64_d0p1,64,0.1,2,1000,-856.8479999999998,-848.726,-8.121999999999957,0.024,0.019,-874.308,-865.908,-8.399999999999977,0.0369999999999999,0.0299999999999999
all_to_all_graph7_n64_d0p1,64,0.1,3,1000,-855.972,-848.936,-7.0359999999999445,0.0179999999999999,0.019,-870.48,-864.476,-6.004000000000019,0.042,0.035
all_to_all_graph7_n64_d0p1,64,0.1,4,1000,-853.8719999999998,-844.716,-9.155999999999949,0.007,0.01,-871.056,-862.9679999999998,-8.08800000000008,0.028,0.024
all_to_all_graph7_n64_d0p1,64,0.1,5,1000,-851.716,-844.534,-7.182000000000016,0.021,0.0089999999999999,-870.3619999999999,-863.638,-6.723999999999933,0.041,0.024
all_to_all_graph7_n64_d0p1,64,0.1,6,1000,-858.47,-850.3719999999998,-8.09800000000007,0.016,0.007,-876.14,-867.124,-9.015999999999961,0.0449999999999999,0.039
all_to_all_graph7_n64_d0p1,64,0.1,7,1000,-861.8099999999998,-845.5159999999998,-16.293999999999983,0.0219999999999999,0.012,-877.254,-862.0119999999998,-15.242000000000075,0.0429999999999999,0.023
all_to_all_graph7_n64_d0p1,64,0.1,8,1000,-859.902,-851.964,-7.937999999999987,0.021,0.0179999999999999,-874.9339999999999,-868.672,-6.261999999999944,0.034,0.035
all_to_all_graph7_n64_d0p1,64,0.1,9,1000,-861.64,-849.936,-11.703999999999953,0.0179999999999999,0.014,-877.342,-868.206,-9.135999999999967,0.034,0.0259999999999999
all_to_all_graph7_n64_d0p1,64,0.1,10,1000,-861.644,-845.4439999999998,-16.200000000000045,0.023,0.014,-876.0499999999998,-859.376,-16.673999999999978,0.039,0.023
all_to_all_graph8_n64_d0p1,64,0.1,1,1000,-903.064,-887.556,-15.507999999999925,0.007,0.003,-920.74,-907.202,-13.538000000000013,0.0129999999999999,0.008
all_to_all_graph8_n64_d0p1,64,0.1,2,1000,-909.716,-896.3279999999999,-13.388000000000034,0.0129999999999999,0.008,-922.03,-908.078,-13.951999999999998,0.016,0.0089999999999999
all_to_all_graph8_n64_d0p1,64,0.1,3,1000,-916.756,-898.264,-18.49199999999996,0.028,0.021,-930.7120000000002,-912.66,-18.05200000000002,0.033,0.0219999999999999
all_to_all_graph8_n64_d0p1,64,0.1,4,1000,-914.242,-898.4439999999998,-15.798000000000002,0.025,0.0149999999999999,-927.31,-911.796,-15.513999999999896,0.027,0.017
all_to_all_graph8_n64_d0p1,64,0.1,5,1000,-904.196,-891.5499999999998,-12.646000000000072,0.005,0.005,-923.538,-911.346,-12.192000000000007,0.0109999999999999,0.006
all_to_all_graph8_n64_d0p1,64,0.1,6,1000,-902.922,-892.398,-10.524,0.016,0.012,-922.738,-911.298,-11.440000000000056,0.0219999999999999,0.017
all_to_all_graph8_n64_d0p1,64,0.1,7,1000,-909.778,-897.8279999999999,-11.950000000000044,0.0129999999999999,0.012,-923.134,-911.29,-11.844000000000053,0.021,0.0149999999999999
all_to_all_graph8_n64_d0p1,64,0.1,8,1000,-912.908,-897.908,-15.0,0.012,0.007,-925.806,-910.008,-15.798000000000002,0.014,0.007
all_to_all_graph8_n64_d0p1,64,0.1,9,1000,-905.6880000000002,-892.308,-13.379999999999995,0.006,0.002,-921.162,-909.594,-11.567999999999984,0.014,0.012
all_to_all_graph8_n64_d0p1,64,0.1,10,1000,-904.3320000000001,-894.014,-10.317999999999984,0.0149999999999999,0.005,-917.476,-908.872,-8.604000000000042,0.016,0.01
all_to_all_graph9_n64_d0p1,64,0.1,1,1000,-826.5979999999998,-813.37,-13.227999999999952,0.0,0.0,-841.3099999999998,-831.544,-9.765999999999961,0.007,0.002
all_to_all_graph9_n64_d0p1,64,0.1,2,1000,-826.692,-819.85,-6.8419999999999845,0.002,0.002,-840.9339999999999,-833.926,-7.0079999999999245,0.006,0.002
all_to_all_graph9_n64_d0p1,64,0.1,3,1000,-826.2559999999999,-816.046,-10.209999999999924,0.001,0.0,-843.794,-836.402,-7.391999999999939,0.0089999999999999,0.002
all_to_all_graph9_n64_d0p1,64,0.1,4,1000,-821.5299999999999,-813.128,-8.40199999999993,0.006,0.002,-842.45,-834.072,-8.378000000000041,0.0089999999999999,0.003
all_to_all_graph9_n64_d0p1,64,0.1,5,1000,-828.798,-819.15,-9.648000000000025,0.001,0.0,-844.388,-836.166,-8.22199999999998,0.002,0.006
all_to_all_graph9_n64_d0p1,64,0.1,6,1000,-825.322,-814.6559999999998,-10.666000000000054,0.002,0.0,-847.216,-836.586,-10.629999999999995,0.01,0.004
all_to_all_graph9_n64_d0p1,64,0.1,7,1000,-818.94,-813.356,-5.58400000000006,0.0,0.0,-834.9779999999998,-831.392,-3.585999999999899,0.002,0.003
all_to_all_graph9_n64_d0p1,64,0.1,8,1000,-825.0879999999999,-815.0739999999998,-10.01400000000001,0.001,0.003,-844.58,-834.572,-10.008000000000038,0.008,0.006
all_to_all_graph9_n64_d0p1,64,0.1,9,1000,-826.422,-816.772,-9.649999999999975,0.003,0.003,-843.626,-835.874,-7.751999999999952,0.006,0.006
all_to_all_graph9_n64_d0p1,64,0.1,10,1000,-819.296,-812.282,-7.01400000000001,0.003,0.003,-840.98,-833.2079999999999,-7.772000000000048,0.005,0.005
all_to_all_graph10_n64_d0p1,64,0.1,1,1000,-895.796,-881.952,-13.844000000000053,0.01,0.004,-906.956,-897.688,-9.268000000000029,0.014,0.007
all_to_all_graph10_n64_d0p1,64,0.1,2,1000,-896.452,-887.048,-9.403999999999996,0.01,0.007,-910.238,-899.7659999999998,-10.472000000000094,0.017,0.01
all_to_all_graph10_n64_d0p1,64,0.1,3,1000,-898.198,-886.2619999999998,-11.936000000000035,0.002,0.004,-913.7600000000001,-901.994,-11.765999999999964,0.007,0.014
all_to_all_graph10_n64_d0p1,64,0.1,4,1000,-893.5,-877.0259999999998,-16.474000000000046,0.001,0.002,-909.638,-894.4,-15.238000000000056,0.0089999999999999,0.01
all_to_all_graph10_n64_d0p1,64,0.1,5,1000,-895.056,-883.5499999999998,-11.506000000000084,0.007,0.004,-908.1400000000002,-895.9099999999999,-12.230000000000018,0.008,0.007
all_to_all_graph10_n64_d0p1,64,0.1,6,1000,-893.364,-885.168,-8.196000000000026,0.01,0.008,-907.154,-897.384,-9.76999999999998,0.016,0.012
all_to_all_graph10_n64_d0p1,64,0.1,7,1000,-893.0739999999998,-880.638,-12.435999999999922,0.007,0.007,-909.754,-897.206,-12.548000000000002,0.016,0.016
all_to_all_graph10_n64_d0p1,64,0.1,8,1000,-899.246,-884.278,-14.96799999999996,0.014,0.008,-911.614,-897.332,-14.28200000000004,0.019,0.01
all_to_all_graph10_n64_d0p1,64,0.1,9,1000,-896.15,-888.5,-7.649999999999977,0.0109999999999999,0.01,-909.642,-902.988,-6.653999999999996,0.0149999999999999,0.0129999999999999
all_to_all_graph10_n64_d0p1,64,0.1,10,1000,-890.294,-880.446,-9.847999999999955,0.007,0.006,-905.372,-892.9819999999999,-12.389999999999986,0.0109999999999999,0.008
all_to_all_graph11_n64_d0p1,64,0.1,1,1000,-807.25,-794.148,-13.101999999999975,0.003,0.001,-820.966,-807.734,-13.231999999999973,0.01,0.003
all_to_all_graph11_n64_d0p1,64,0.1,2,1000,-805.33,-793.9819999999999,-11.34800000000007,0.003,0.002,-816.104,-804.442,-11.662000000000036,0.005,0.004
all_to_all_graph11_n64_d0p1,64,0.1,3,1000,-805.018,-794.076,-10.942000000000007,0.003,0.001,-817.3339999999998,-807.644,-9.68999999999994,0.0089999999999999,0.005
all_to_all_graph11_n64_d0p1,64,0.1,4,1000,-805.7999999999998,-796.296,-9.503999999999904,0.006,0.003,-816.182,-806.9679999999998,-9.214000000000055,0.0089999999999999,0.006
all_to_all_graph11_n64_d0p1,64,0.1,5,1000,-808.51,-796.9,-11.610000000000014,0.005,0.0,-818.8819999999998,-808.5,-10.381999999999948,0.005,0.002
all_to_all_graph11_n64_d0p1,64,0.1,6,1000,-806.614,-796.4779999999998,-10.13600000000008,0.007,0.002,-817.1319999999998,-807.738,-9.393999999999892,0.01,0.003
all_to_all_graph11_n64_d0p1,64,0.1,7,1000,-807.796,-798.4199999999998,-9.37600000000009,0.002,0.005,-818.722,-809.1559999999998,-9.566000000000033,0.01,0.0089999999999999
all_to_all_graph11_n64_d0p1,64,0.1,8,1000,-810.976,-801.5839999999998,-9.392000000000051,0.003,0.002,-819.5499999999998,-810.948,-8.601999999999974,0.0089999999999999,0.006
all_to_all_graph11_n64_d0p1,64,0.1,9,1000,-807.932,-796.534,-11.398000000000025,0.004,0.002,-818.5499999999998,-808.792,-9.757999999999923,0.007,0.004
all_to_all_graph11_n64_d0p1,64,0.1,10,1000,-808.046,-799.0599999999998,-8.986000000000102,0.002,0.003,-817.682,-809.1599999999999,-8.522000000000048,0.005,0.005
all_to_all_graph12_n64_d0p1,64,0.1,1,1000,-847.106,-833.83,-13.275999999999954,0.006,0.003,-862.1319999999998,-849.854,-12.277999999999906,0.007,0.003
all_to_all_graph12_n64_d0p1,64,0.1,2,1000,-847.744,-838.1,-9.644000000000004,0.002,0.001,-862.206,-851.7659999999998,-10.440000000000056,0.004,0.001
all_to_all_graph12_n64_d0p1,64,0.1,3,1000,-844.5059999999999,-837.416,-7.089999999999918,0.0089999999999999,0.002,-859.794,-852.792,-7.001999999999953,0.0109999999999999,0.002
all_to_all_graph12_n64_d0p1,64,0.1,4,1000,-848.1599999999999,-838.796,-9.36399999999992,0.001,0.001,-863.412,-853.8339999999998,-9.578000000000088,0.002,0.002
all_to_all_graph12_n64_d0p1,64,0.1,5,1000,-843.6459999999998,-839.044,-4.601999999999976,0.002,0.002,-858.452,-855.008,-3.44399999999996,0.004,0.003
all_to_all_graph12_n64_d0p1,64,0.1,6,1000,-844.072,-834.628,-9.44399999999996,0.005,0.001,-861.8619999999999,-853.534,-8.327999999999975,0.007,0.001
all_to_all_graph12_n64_d0p1,64,0.1,7,1000,-849.976,-839.5259999999998,-10.450000000000044,0.004,0.0,-864.854,-855.182,-9.672000000000024,0.005,0.0
all_to_all_graph12_n64_d0p1,64,0.1,8,1000,-845.26,-836.9779999999998,-8.282000000000039,0.001,0.005,-859.364,-852.438,-6.926000000000045,0.003,0.007
all_to_all_graph12_n64_d0p1,64,0.1,9,1000,-846.004,-835.514,-10.490000000000007,0.005,0.002,-857.5299999999999,-850.0879999999999,-7.442000000000006,0.005,0.003
all_to_all_graph12_n64_d0p1,64,0.1,10,1000,-846.706,-836.84,-9.865999999999984,0.004,0.0,-864.9439999999998,-856.186,-8.757999999999923,0.005,0.0
all_to_all_graph13_n64_d0p1,64,0.1,1,1000,-914.472,-898.686,-15.785999999999945,0.023,0.008,-929.02,-912.946,-16.073999999999955,0.027,0.014
all_to_all_graph13_n64_d0p1,64,0.1,2,1000,-912.34,-892.606,-19.73400000000004,0.02,0.008,-927.13,-908.576,-18.553999999999974,0.029,0.0109999999999999
all_to_all_graph13_n64_d0p1,64,0.1,3,1000,-910.318,-895.486,-14.831999999999994,0.0219999999999999,0.008,-927.13,-913.596,-13.533999999999992,0.0259999999999999,0.0109999999999999
all_to_all_graph13_n64_d0p1,64,0.1,4,1000,-913.214,-899.072,-14.142000000000053,0.0129999999999999,0.006,-927.662,-914.038,-13.624000000000024,0.017,0.0089999999999999
all_to_all_graph13_n64_d0p1,64,0.1,5,1000,-909.706,-904.412,-5.293999999999984,0.019,0.014,-923.708,-918.998,-4.709999999999923,0.02,0.019
all_to_all_graph13_n64_d0p1,64,0.1,6,1000,-912.288,-899.2519999999998,-13.036000000000058,0.012,0.014,-925.526,-913.8900000000002,-11.635999999999967,0.014,0.019
all_to_all_graph13_n64_d0p1,64,0.1,7,1000,-908.11,-889.534,-18.576000000000025,0.019,0.0129999999999999,-925.596,-910.144,-15.451999999999998,0.019,0.016
all_to_all_graph13_n64_d0p1,64,0.1,8,1000,-908.386,-893.754,-14.631999999999948,0.02,0.008,-925.75,-909.094,-16.65599999999995,0.023,0.01
all_to_all_graph13_n64_d0p1,64,0.1,9,1000,-909.08,-897.354,-11.726,0.0109999999999999,0.0129999999999999,-926.464,-914.322,-12.142000000000053,0.0149999999999999,0.017
all_to_all_graph13_n64_d0p1,64,0.1,10,1000,-912.86,-896.3579999999998,-16.502000000000066,0.0089999999999999,0.007,-925.944,-912.0340000000001,-13.909999999999968,0.0089999999999999,0.0089999999999999
all_to_all_graph14_n64_d0p1,64,0.1,1,1000,-906.618,-894.44,-12.177999999999995,0.004,0.002,-919.34,-908.35,-10.990000000000007,0.005,0.004
all_to_all_graph14_n64_d0p1,64,0.1,2,1000,-919.512,-905.012,-14.5,0.0089999999999999,0.005,-927.73,-915.36,-12.370000000000005,0.0149999999999999,0.006
all_to_all_graph14_n64_d0p1,64,0.1,3,1000,-911.758,-900.86,-10.898000000000025,0.008,0.006,-925.538,-915.752,-9.786000000000058,0.008,0.008
all_to_all_graph14_n64_d0p1,64,0.1,4,1000,-910.43,-899.8619999999999,-10.567999999999984,0.002,0.006,-923.846,-914.128,-9.717999999999961,0.0089999999999999,0.01
all_to_all_graph14_n64_d0p1,64,0.1,5,1000,-913.018,-900.268,-12.75,0.0089999999999999,0.005,-927.23,-913.424,-13.80600000000004,0.01,0.007
all_to_all_graph14_n64_d0p1,64,0.1,6,1000,-912.62,-899.876,-12.744000000000028,0.006,0.007,-923.004,-911.554,-11.450000000000044,0.012,0.01
all_to_all_graph14_n64_d0p1,64,0.1,7,1000,-913.132,-899.056,-14.075999999999908,0.008,0.005,-924.4860000000001,-912.522,-11.963999999999942,0.008,0.005
all_to_all_graph14_n64_d0p1,64,0.1,8,1000,-902.526,-895.796,-6.7299999999999045,0.001,0.001,-919.17,-913.448,-5.72199999999998,0.001,0.002
all_to_all_graph14_n64_d0p1,64,0.1,9,1000,-909.496,-893.498,-15.997999999999934,0.007,0.004,-921.544,-905.344,-16.199999999999932,0.0089999999999999,0.007
all_to_all_graph14_n64_d0p1,64,0.1,10,1000,-913.8,-902.73,-11.069999999999936,0.008,0.005,-922.304,-912.48,-9.823999999999955,0.0089999999999999,0.007
all_to_all_graph15_n64_d0p1,64,0.1,1,1000,-857.77,-843.976,-13.793999999999984,0.012,0.004,-879.2899999999998,-866.518,-12.771999999999936,0.014,0.006
all_to_all_graph15_n64_d0p1,64,0.1,2,1000,-862.282,-844.5639999999999,-17.718000000000075,0.01,0.003,-879.768,-863.734,-16.033999999999992,0.0149999999999999,0.01
all_to_all_graph15_n64_d0p1,64,0.1,3,1000,-856.5839999999998,-837.988,-18.59599999999989,0.008,0.003,-878.712,-860.594,-18.117999999999935,0.016,0.006
all_to_all_graph15_n64_d0p1,64,0.1,4,1000,-857.3619999999999,-845.124,-12.237999999999944,0.007,0.007,-876.96,-864.8339999999998,-12.12600000000009,0.0179999999999999,0.012
all_to_all_graph15_n64_d0p1,64,0.1,5,1000,-866.714,-851.352,-15.36200000000008,0.0109999999999999,0.003,-887.57,-871.426,-16.144000000000005,0.0259999999999999,0.012
all_to_all_graph15_n64_d0p1,64,0.1,6,1000,-863.52,-851.244,-12.275999999999954,0.0109999999999999,0.002,-880.58,-871.14,-9.440000000000055,0.012,0.007
all_to_all_graph15_n64_d0p1,64,0.1,7,1000,-861.96,-848.4339999999999,-13.526000000000067,0.016,0.007,-879.802,-865.712,-14.090000000000032,0.024,0.01
all_to_all_graph15_n64_d0p1,64,0.1,8,1000,-863.2759999999998,-850.1459999999998,-13.129999999999995,0.02,0.0089999999999999,-881.4299999999998,-869.26,-12.16999999999996,0.031,0.019
all_to_all_graph15_n64_d0p1,64,0.1,9,1000,-858.174,-847.568,-10.605999999999996,0.0129999999999999,0.005,-881.046,-868.894,-12.152000000000044,0.0219999999999999,0.0109999999999999
all_to_all_graph15_n64_d0p1,64,0.1,10,1000,-866.12,-844.644,-21.476,0.01,0.001,-883.994,-866.5119999999998,-17.482000000000085,0.0129999999999999,0.005
all_to_all_graph16_n64_d0p1,64,0.1,1,1000,-856.192,-843.32,-12.871999999999955,0.003,0.007,-870.566,-857.376,-13.190000000000056,0.007,0.0109999999999999
all_to_all_graph16_n64_d0p1,64,0.1,2,1000,-855.532,-842.88,-12.652000000000044,0.005,0.003,-873.048,-858.678,-14.370000000000005,0.012,0.005
all_to_all_graph16_n64_d0p1,64,0.1,3,1000,-853.172,-837.7,-15.47199999999998,0.0129999999999999,0.008,-870.0639999999999,-856.4679999999998,-13.596000000000004,0.016,0.01
all_to_all_graph16_n64_d0p1,64,0.1,4,1000,-852.486,-836.452,-16.033999999999992,0.007,0.014,-866.6839999999999,-852.366,-14.317999999999984,0.008,0.014
all_to_all_graph16_n64_d0p1,64,0.1,5,1000,-854.298,-844.21,-10.087999999999964,0.012,0.007,-870.842,-862.226,-8.615999999999985,0.0149999999999999,0.0089999999999999
all_to_all_graph16_n64_d0p1,64,0.1,6,1000,-858.9339999999999,-844.09,-14.843999999999935,0.005,0.008,-869.5879999999999,-857.196,-12.39199999999994,0.0089999999999999,0.0089999999999999
all_to_all_graph16_n64_d0p1,64,0.1,7,1000,-858.3619999999999,-842.48,-15.881999999999948,0.0129999999999999,0.006,-869.86,-856.2619999999998,-13.59800000000007,0.016,0.007
all_to_all_graph16_n64_d0p1,64,0.1,8,1000,-857.57,-844.668,-12.902000000000044,0.006,0.008,-869.294,-856.3819999999998,-12.912000000000036,0.0089999999999999,0.01
all_to_all_graph16_n64_d0p1,64,0.1,9,1000,-854.2039999999998,-841.994,-12.209999999999924,0.007,0.005,-867.0,-858.352,-8.648000000000025,0.008,0.0109999999999999
all_to_all_graph16_n64_d0p1,64,0.1,10,1000,-856.6319999999998,-841.3379999999999,-15.293999999999984,0.0089999999999999,0.003,-871.01,-856.0059999999999,-15.00400000000002,0.014,0.005
all_to_all_graph17_n64_d0p1,64,0.1,1,1000,-877.186,-866.764,-10.422000000000024,0.0089999999999999,0.001,-894.706,-885.6219999999998,-9.08400000000006,0.0149999999999999,0.008
all_to_all_graph17_n64_d0p1,64,0.1,2,1000,-883.14,-863.528,-19.611999999999966,0.008,0.004,-896.904,-880.8959999999998,-16.008000000000038,0.0219999999999999,0.016
all_to_all_graph17_n64_d0p1,64,0.1,3,1000,-878.046,-863.4679999999998,-14.578000000000088,0.004,0.002,-891.1939999999998,-879.924,-11.269999999999982,0.0109999999999999,0.008
all_to_all_graph17_n64_d0p1,64,0.1,4,1000,-878.068,-866.734,-11.333999999999946,0.002,0.006,-891.7759999999998,-883.8099999999998,-7.966000000000008,0.016,0.0129999999999999
all_to_all_graph17_n64_d0p1,64,0.1,5,1000,-874.75,-863.1319999999998,-11.618000000000052,0.001,0.001,-894.062,-880.89,-13.172000000000024,0.023,0.008
all_to_all_graph17_n64_d0p1,64,0.1,6,1000,-877.964,-862.774,-15.190000000000056,0.002,0.005,-893.994,-879.9539999999998,-14.040000000000076,0.0089999999999999,0.0129999999999999
all_to_all_graph17_n64_d0p1,64,0.1,7,1000,-870.8819999999998,-857.8339999999998,-13.048000000000002,0.004,0.002,-891.686,-879.864,-11.822000000000005,0.0129999999999999,0.01
all_to_all_graph17_n64_d0p1,64,0.1,8,1000,-873.942,-862.484,-11.45799999999997,0.0129999999999999,0.003,-893.822,-883.288,-10.533999999999992,0.02,0.0109999999999999
all_to_all_graph17_n64_d0p1,64,0.1,9,1000,-873.888,-863.238,-10.649999999999975,0.004,0.003,-891.378,-881.202,-10.176000000000045,0.012,0.014
all_to_all_graph17_n64_d0p1,64,0.1,10,1000,-876.166,-864.796,-11.370000000000005,0.0089999999999999,0.001,-896.296,-885.0739999999998,-11.222000000000094,0.019,0.004
all_to_all_graph18_n64_d0p1,64,0.1,1,1000,-827.066,-818.874,-8.192000000000007,0.008,0.004,-841.822,-832.938,-8.884000000000015,0.0109999999999999,0.007
all_to_all_graph18_n64_d0p1,64,0.1,2,1000,-823.7859999999998,-811.7659999999998,-12.019999999999982,0.004,0.002,-841.8479999999998,-830.472,-11.375999999999976,0.006,0.005
all_to_all_graph18_n64_d0p1,64,0.1,3,1000,-823.5259999999998,-811.74,-11.785999999999945,0.01,0.002,-844.3379999999999,-832.288,-12.049999999999956,0.014,0.004
all_to_all_graph18_n64_d0p1,64,0.1,4,1000,-824.5259999999998,-810.964,-13.561999999999898,0.0089999999999999,0.002,-842.962,-829.25,-13.711999999999987,0.01,0.004
all_to_all_graph18_n64_d0p1,64,0.1,5,1000,-832.028,-822.798,-9.230000000000018,0.0149999999999999,0.014,-847.278,-835.722,-11.55600000000004,0.02,0.0149999999999999
all_to_all_graph18_n64_d0p1,64,0.1,6,1000,-827.604,-817.164,-10.440000000000056,0.006,0.001,-843.45,-833.5359999999998,-9.9140000000001,0.006,0.001
all_to_all_graph18_n64_d0p1,64,0.1,7,1000,-826.774,-812.972,-13.80200000000002,0.006,0.003,-840.09,-827.5979999999998,-12.492000000000075,0.007,0.004
all_to_all_graph18_n64_d0p1,64,0.1,8,1000,-820.926,-811.772,-9.153999999999996,0.005,0.003,-836.4679999999998,-828.258,-8.209999999999921,0.005,0.005
all_to_all_graph18_n64_d0p1,64,0.1,9,1000,-828.0499999999998,-814.042,-14.007999999999925,0.01,0.005,-842.686,-830.768,-11.918000000000006,0.0109999999999999,0.006
all_to_all_graph18_n64_d0p1,64,0.1,10,1000,-829.464,-820.2,-9.26400000000001,0.01,0.006,-843.986,-836.908,-7.077999999999975,0.0109999999999999,0.0109999999999999
all_to_all_graph19_n64_d0p1,64,0.1,1,1000,-918.282,-903.066,-15.216000000000008,0.012,0.0109999999999999,-937.898,-921.934,-15.964000000000055,0.025,0.02
all_to_all_graph19_n64_d0p1,64,0.1,2,1000,-919.822,-899.188,-20.63400000000001,0.014,0.0109999999999999,-936.824,-918.448,-18.375999999999976,0.017,0.0129999999999999
all_to_all_graph19_n64_d0p1,64,0.1,3,1000,-925.598,-911.324,-14.274,0.02,0.016,-942.63,-931.4860000000001,-11.144000000000004,0.025,0.023
all_to_all_graph19_n64_d0p1,64,0.1,4,1000,-926.054,-906.948,-19.105999999999995,0.016,0.0109999999999999,-939.692,-925.418,-14.274,0.025,0.0219999999999999
all_to_all_graph19_n64_d0p1,64,0.1,5,1000,-917.162,-906.964,-10.19799999999998,0.0179999999999999,0.0089999999999999,-936.154,-926.292,-9.861999999999966,0.032,0.0179999999999999
all_to_all_graph19_n64_d0p1,64,0.1,6,1000,-921.8660000000002,-908.958,-12.908000000000015,0.023,0.016,-940.622,-925.362,-15.259999999999993,0.032,0.02
all_to_all_graph19_n64_d0p1,64,0.1,7,1000,-920.516,-904.586,-15.92999999999995,0.0089999999999999,0.006,-940.404,-926.6,-13.803999999999974,0.025,0.01
all_to_all_graph19_n64_d0p1,64,0.1,8,1000,-926.7,-904.41,-22.29000000000008,0.0219999999999999,0.012,-945.078,-925.322,-19.75599999999997,0.0299999999999999,0.0179999999999999
all_to_all_graph19_n64_d0p1,64,0.1,9,1000,-927.488,-914.2840000000001,-13.204000000000065,0.025,0.012,-941.194,-930.258,-10.935999999999922,0.0299999999999999,0.016
all_to_all_graph19_n64_d0p1,64,0.1,10,1000,-921.95,-907.434,-14.516000000000076,0.0149999999999999,0.0109999999999999,-935.342,-923.038,-12.303999999999974,0.021,0.012
all_to_all_graph0_n64_d0p3,64,0.3,1,1000,-1642.052,-1612.482,-29.569999999999936,0.0129999999999999,0.0129999999999999,-1667.752,-1639.94,-27.811999999999895,0.016,0.016
all_to_all_graph0_n64_d0p3,64,0.3,2,1000,-1652.756,-1618.134,-34.62200000000007,0.021,0.019,-1676.674,-1646.288,-30.385999999999967,0.0219999999999999,0.02
all_to_all_graph0_n64_d0p3,64,0.3,3,1000,-1652.836,-1626.542,-26.294000000000096,0.0149999999999999,0.0089999999999999,-1675.066,-1649.37,-25.69600000000014,0.0149999999999999,0.0089999999999999
all_to_all_graph0_n64_d0p3,64,0.3,4,1000,-1646.876,-1618.436,-28.44000000000005,0.014,0.005,-1674.122,-1645.322,-28.800000000000185,0.014,0.008
all_to_all_graph0_n64_d0p3,64,0.3,5,1000,-1642.622,-1614.128,-28.494000000000145,0.0109999999999999,0.0089999999999999,-1666.49,-1643.826,-22.663999999999987,0.019,0.0109999999999999
all_to_all_graph0_n64_d0p3,64,0.3,6,1000,-1636.042,-1616.084,-19.957999999999856,0.005,0.005,-1662.4,-1639.814,-22.586000000000013,0.0089999999999999,0.008
all_to_all_graph0_n64_d0p3,64,0.3,7,1000,-1649.454,-1623.114,-26.33999999999992,0.0109999999999999,0.003,-1669.444,-1649.576,-19.867999999999935,0.0129999999999999,0.004
all_to_all_graph0_n64_d0p3,64,0.3,8,1000,-1645.982,-1618.716,-27.26600000000008,0.01,0.012,-1671.71,-1644.314,-27.39599999999996,0.0219999999999999,0.017
all_to_all_graph0_n64_d0p3,64,0.3,9,1000,-1640.308,-1610.228,-30.079999999999927,0.005,0.007,-1672.516,-1638.352,-34.16399999999999,0.01,0.007
all_to_all_graph0_n64_d0p3,64,0.3,10,1000,-1649.344,-1623.768,-25.576000000000025,0.0089999999999999,0.004,-1673.08,-1649.324,-23.755999999999855,0.016,0.007
all_to_all_graph1_n64_d0p3,64,0.3,1,1000,-1655.624,-1618.296,-37.327999999999975,0.029,0.027,-1684.892,-1650.672,-34.22000000000003,0.0719999999999999,0.0519999999999999
all_to_all_graph1_n64_d0p3,64,0.3,2,1000,-1652.978,-1623.76,-29.218000000000075,0.025,0.023,-1678.91,-1652.122,-26.788000000000007,0.066,0.0519999999999999
all_to_all_graph1_n64_d0p3,64,0.3,3,1000,-1660.478,-1631.844,-28.63400000000001,0.028,0.017,-1689.872,-1661.07,-28.80200000000013,0.085,0.0589999999999999
all_to_all_graph1_n64_d0p3,64,0.3,4,1000,-1652.228,-1623.164,-29.06400000000008,0.023,0.025,-1680.608,-1656.386,-24.22199999999998,0.0509999999999999,0.042
all_to_all_graph1_n64_d0p3,64,0.3,5,1000,-1652.524,-1622.872,-29.651999999999816,0.0149999999999999,0.021,-1680.502,-1653.908,-26.594000000000047,0.05,0.0509999999999999
all_to_all_graph1_n64_d0p3,64,0.3,6,1000,-1646.206,-1613.654,-32.55199999999991,0.0109999999999999,0.008,-1678.384,-1647.834,-30.549999999999955,0.066,0.0439999999999999
all_to_all_graph1_n64_d0p3,64,0.3,7,1000,-1663.856,-1629.686,-34.17000000000007,0.0769999999999999,0.031,-1685.54,-1659.516,-26.023999999999887,0.108,0.064
all_to_all_graph1_n64_d0p3,64,0.3,8,1000,-1657.018,-1620.522,-36.496000000000095,0.042,0.0219999999999999,-1685.876,-1650.532,-35.34400000000005,0.0759999999999999,0.0529999999999999
all_to_all_graph1_n64_d0p3,64,0.3,9,1000,-1658.834,-1617.848,-40.9860000000001,0.023,0.0149999999999999,-1681.862,-1647.198,-34.66399999999999,0.049,0.055
all_to_all_graph1_n64_d0p3,64,0.3,10,1000,-1660.22,-1630.214,-30.006000000000085,0.033,0.028,-1682.602,-1655.982,-26.62000000000012,0.056,0.047
all_to_all_graph2_n64_d0p3,64,0.3,1,1000,-1493.518,-1479.272,-14.246000000000096,0.002,0.008,-1520.212,-1505.512,-14.700000000000044,0.01,0.017
all_to_all_graph2_n64_d0p3,64,0.3,2,1000,-1497.658,-1476.26,-21.39799999999991,0.014,0.0109999999999999,-1520.322,-1499.02,-21.301999999999907,0.019,0.014
all_to_all_graph2_n64_d0p3,64,0.3,3,1000,-1496.144,-1476.892,-19.251999999999956,0.0179999999999999,0.008,-1523.822,-1503.736,-20.085999999999785,0.025,0.0149999999999999
all_to_all_graph2_n64_d0p3,64,0.3,4,1000,-1502.622,-1486.5,-16.12200000000007,0.006,0.006,-1528.214,-1512.314,-15.899999999999864,0.032,0.02
all_to_all_graph2_n64_d0p3,64,0.3,5,1000,-1508.118,-1481.742,-26.375999999999976,0.0179999999999999,0.02,-1529.712,-1504.836,-24.875999999999976,0.024,0.025
all_to_all_graph2_n64_d0p3,64,0.3,6,1000,-1507.824,-1490.652,-17.172000000000025,0.024,0.017,-1528.484,-1514.508,-13.975999999999884,0.0439999999999999,0.027
all_to_all_graph2_n64_d0p3,64,0.3,7,1000,-1501.26,-1484.018,-17.241999999999962,0.007,0.01,-1523.73,-1505.956,-17.774000000000115,0.0179999999999999,0.017
all_to_all_graph2_n64_d0p3,64,0.3,8,1000,-1494.464,-1478.206,-16.258000000000038,0.01,0.012,-1518.46,-1502.014,-16.44600000000014,0.019,0.019
all_to_all_graph2_n64_d0p3,64,0.3,9,1000,-1503.91,-1483.676,-20.23400000000015,0.01,0.012,-1527.196,-1506.864,-20.33199999999988,0.02,0.025
all_to_all_graph2_n64_d0p3,64,0.3,10,1000,-1506.67,-1480.718,-25.952,0.012,0.005,-1532.234,-1507.382,-24.851999999999865,0.024,0.016
all_to_all_graph3_n64_d0p3,64,0.3,1,1000,-1564.336,-1539.996,-24.33999999999992,0.0259999999999999,0.02,-1593.88,-1568.506,-25.374000000000024,0.048,0.033
all_to_all_graph3_n64_d0p3,64,0.3,2,1000,-1563.126,-1546.834,-16.291999999999916,0.024,0.017,-1591.72,-1574.782,-16.938000000000102,0.0449999999999999,0.035
all_to_all_graph3_n64_d0p3,64,0.3,3,1000,-1565.602,-1538.04,-27.56200000000013,0.033,0.024,-1596.254,-1571.318,-24.93599999999992,0.0459999999999999,0.033
all_to_all_graph3_n64_d0p3,64,0.3,4,1000,-1571.368,-1541.92,-29.447999999999865,0.039,0.024,-1596.706,-1567.592,-29.113999999999805,0.0509999999999999,0.033
all_to_all_graph3_n64_d0p3,64,0.3,5,1000,-1567.538,-1540.598,-26.94000000000005,0.0259999999999999,0.02,-1588.856,-1567.422,-21.43399999999997,0.031,0.034
all_to_all_graph3_n64_d0p3,64,0.3,6,1000,-1576.382,-1542.74,-33.64200000000005,0.05,0.0299999999999999,-1597.118,-1569.758,-27.3599999999999,0.058,0.041
all_to_all_graph3_n64_d0p3,64,0.3,7,1000,-1559.118,-1543.678,-15.439999999999827,0.0299999999999999,0.021,-1588.118,-1569.596,-18.52199999999993,0.04,0.0259999999999999
all_to_all_graph3_n64_d0p3,64,0.3,8,1000,-1562.422,-1535.826,-26.596000000000004,0.042,0.024,-1588.052,-1565.776,-22.27599999999984,0.05,0.033
all_to_all_graph3_n64_d0p3,64,0.3,9,1000,-1563.286,-1534.508,-28.77800000000002,0.0439999999999999,0.024,-1590.414,-1563.254,-27.16000000000008,0.0599999999999999,0.0359999999999999
all_to_all_graph3_n64_d0p3,64,0.3,10,1000,-1562.676,-1538.098,-24.57799999999997,0.042,0.0299999999999999,-1589.374,-1568.82,-20.554000000000087,0.048,0.0379999999999999
all_to_all_graph4_n64_d0p3,64,0.3,1,1000,-1592.184,-1560.866,-31.317999999999984,0.0109999999999999,0.006,-1614.042,-1585.87,-28.172000000000025,0.02,0.01
all_to_all_graph4_n64_d0p3,64,0.3,2,1000,-1570.594,-1545.502,-25.092000000000095,0.004,0.002,-1598.442,-1579.338,-19.10400000000004,0.01,0.008
all_to_all_graph4_n64_d0p3,64,0.3,3,1000,-1589.49,-1556.398,-33.0920000000001,0.001,0.003,-1613.946,-1585.19,-28.755999999999855,0.0089999999999999,0.006
all_to_all_graph4_n64_d0p3,64,0.3,4,1000,-1590.81,-1567.546,-23.263999999999896,0.0109999999999999,0.0109999999999999,-1611.934,-1588.522,-23.412000000000035,0.014,0.017
all_to_all_graph4_n64_d0p3,64,0.3,5,1000,-1580.892,-1562.84,-18.05200000000013,0.002,0.002,-1605.374,-1586.812,-18.56200000000013,0.028,0.014
all_to_all_graph4_n64_d0p3,64,0.3,6,1000,-1575.804,-1555.83,-19.97400000000016,0.002,0.003,-1600.536,-1581.662,-18.874000000000024,0.0089999999999999,0.01
all_to_all_graph4_n64_d0p3,64,0.3,7,1000,-1581.538,-1551.756,-29.781999999999925,0.004,0.002,-1607.884,-1582.432,-25.452,0.008,0.004
all_to_all_graph4_n64_d0p3,64,0.3,8,1000,-1582.368,-1554.228,-28.139999999999876,0.003,0.003,-1604.338,-1578.506,-25.83199999999988,0.016,0.01
all_to_all_graph4_n64_d0p3,64,0.3,9,1000,-1593.156,-1564.782,-28.374000000000024,0.008,0.007,-1614.126,-1587.14,-26.98599999999988,0.016,0.014
all_to_all_graph4_n64_d0p3,64,0.3,10,1000,-1587.386,-1560.494,-26.892000000000053,0.006,0.001,-1608.368,-1582.18,-26.187999999999874,0.0129999999999999,0.0089999999999999
all_to_all_graph5_n64_d0p3,64,0.3,1,1000,-1665.134,-1625.086,-40.048,0.066,0.0589999999999999,-1704.526,-1659.238,-45.28800000000001,0.214,0.133
all_to_all_graph5_n64_d0p3,64,0.3,2,1000,-1679.768,-1642.428,-37.33999999999992,0.112,0.107,-1716.826,-1678.402,-38.42399999999998,0.258,0.194
all_to_all_graph5_n64_d0p3,64,0.3,3,1000,-1674.262,-1628.828,-45.43399999999997,0.153,0.106,-1706.6,-1669.404,-37.19599999999991,0.222,0.17
all_to_all_graph5_n64_d0p3,64,0.3,4,1000,-1677.418,-1631.526,-45.89199999999983,0.0449999999999999,0.025,-1712.64,-1667.286,-45.35400000000004,0.2369999999999999,0.16
all_to_all_graph5_n64_d0p3,64,0.3,5,1000,-1681.062,-1638.41,-42.651999999999816,0.113,0.0719999999999999,-1706.914,-1672.014,-34.90000000000009,0.164,0.12
all_to_all_graph5_n64_d0p3,64,0.3,6,1000,-1675.202,-1640.994,-34.208000000000084,0.1409999999999999,0.095,-1700.996,-1676.12,-24.876000000000204,0.183,0.161
all_to_all_graph5_n64_d0p3,64,0.3,7,1000,-1670.526,-1628.5,-42.026000000000074,0.117,0.0769999999999999,-1701.806,-1663.816,-37.99000000000001,0.19,0.131
all_to_all_graph5_n64_d0p3,64,0.3,8,1000,-1677.142,-1631.622,-45.51999999999998,0.114,0.107,-1704.946,-1663.318,-41.62799999999993,0.217,0.169
all_to_all_graph5_n64_d0p3,64,0.3,9,1000,-1680.748,-1636.134,-44.61400000000003,0.0719999999999999,0.0429999999999999,-1712.792,-1671.07,-41.72199999999998,0.257,0.16
all_to_all_graph5_n64_d0p3,64,0.3,10,1000,-1667.002,-1629.608,-37.394000000000005,0.135,0.097,-1698.062,-1664.966,-33.096000000000004,0.19,0.1489999999999999
all_to_all_graph6_n64_d0p3,64,0.3,1,1000,-1660.292,-1626.2,-34.09199999999987,0.0,0.006,-1689.502,-1661.476,-28.02599999999984,0.042,0.0259999999999999
all_to_all_graph6_n64_d0p3,64,0.3,2,1000,-1666.136,-1633.148,-32.988000000000056,0.0129999999999999,0.021,-1691.972,-1661.478,-30.493999999999915,0.0379999999999999,0.047
all_to_all_graph6_n64_d0p3,64,0.3,3,1000,-1667.728,-1634.206,-33.52200000000016,0.0129999999999999,0.0129999999999999,-1694.832,-1664.168,-30.66400000000021,0.0599999999999999,0.0449999999999999
all_to_all_graph6_n64_d0p3,64,0.3,4,1000,-1661.888,-1632.902,-28.98599999999988,0.017,0.0129999999999999,-1689.212,-1658.834,-30.37799999999993,0.0539999999999999,0.0299999999999999
all_to_all_graph6_n64_d0p3,64,0.3,5,1000,-1664.706,-1636.988,-27.717999999999847,0.003,0.0129999999999999,-1694.646,-1666.65,-27.995999999999867,0.0459999999999999,0.039
all_to_all_graph6_n64_d0p3,64,0.3,6,1000,-1650.632,-1636.188,-14.44399999999996,0.006,0.014,-1679.848,-1660.97,-18.87799999999993,0.028,0.0439999999999999
all_to_all_graph6_n64_d0p3,64,0.3,7,1000,-1674.668,-1637.648,-37.01999999999998,0.0129999999999999,0.017,-1699.552,-1667.058,-32.493999999999915,0.049,0.0449999999999999
all_to_all_graph6_n64_d0p3,64,0.3,8,1000,-1665.602,-1631.26,-34.3420000000001,0.033,0.0219999999999999,-1690.814,-1658.79,-32.024000000000115,0.048,0.034
all_to_all_graph6_n64_d0p3,64,0.3,9,1000,-1650.496,-1632.238,-18.25800000000004,0.006,0.019,-1682.004,-1662.458,-19.545999999999825,0.033,0.0449999999999999
all_to_all_graph6_n64_d0p3,64,0.3,10,1000,-1671.834,-1638.258,-33.57600000000002,0.02,0.0149999999999999,-1693.704,-1663.202,-30.501999999999956,0.035,0.029
all_to_all_graph7_n64_d0p3,64,0.3,1,1000,-1566.096,-1533.078,-33.01800000000003,0.0089999999999999,0.003,-1589.89,-1561.742,-28.148000000000135,0.0149999999999999,0.005
all_to_all_graph7_n64_d0p3,64,0.3,2,1000,-1567.488,-1528.888,-38.600000000000136,0.002,0.001,-1596.202,-1558.778,-37.42399999999998,0.023,0.014
all_to_all_graph7_n64_d0p3,64,0.3,3,1000,-1570.808,-1536.322,-34.486000000000104,0.006,0.006,-1595.322,-1563.45,-31.871999999999844,0.0109999999999999,0.014
all_to_all_graph7_n64_d0p3,64,0.3,4,1000,-1572.93,-1534.892,-38.03800000000001,0.0,0.006,-1595.112,-1559.5,-35.61200000000008,0.006,0.01
all_to_all_graph7_n64_d0p3,64,0.3,5,1000,-1554.6,-1525.486,-29.113999999999805,0.017,0.01,-1581.206,-1555.44,-25.76599999999985,0.0219999999999999,0.014
all_to_all_graph7_n64_d0p3,64,0.3,6,1000,-1557.9,-1532.308,-25.592000000000095,0.005,0.005,-1584.572,-1562.66,-21.911999999999807,0.017,0.0129999999999999
all_to_all_graph7_n64_d0p3,64,0.3,7,1000,-1576.188,-1540.7,-35.488000000000056,0.0179999999999999,0.006,-1594.846,-1566.65,-28.195999999999916,0.025,0.01
all_to_all_graph7_n64_d0p3,64,0.3,8,1000,-1557.212,-1531.376,-25.836000000000013,0.004,0.005,-1582.094,-1559.42,-22.673999999999975,0.008,0.012
all_to_all_graph7_n64_d0p3,64,0.3,9,1000,-1559.228,-1530.772,-28.456000000000127,0.005,0.003,-1586.58,-1557.438,-29.141999999999825,0.02,0.01
all_to_all_graph7_n64_d0p3,64,0.3,10,1000,-1575.744,-1534.744,-41.0,0.016,0.005,-1598.178,-1561.104,-37.07400000000007,0.032,0.0149999999999999
all_to_all_graph8_n64_d0p3,64,0.3,1,1000,-1634.79,-1610.746,-24.04399999999987,0.023,0.0129999999999999,-1654.644,-1634.518,-20.125999999999976,0.031,0.02
all_to_all_graph8_n64_d0p3,64,0.3,2,1000,-1616.512,-1597.87,-18.642000000000053,0.017,0.0129999999999999,-1646.522,-1629.216,-17.30600000000004,0.0259999999999999,0.021
all_to_all_graph8_n64_d0p3,64,0.3,3,1000,-1633.018,-1612.032,-20.986000000000104,0.0379999999999999,0.019,-1657.558,-1635.668,-21.8900000000001,0.047,0.033
all_to_all_graph8_n64_d0p3,64,0.3,4,1000,-1629.67,-1605.442,-24.228000000000065,0.0219999999999999,0.014,-1653.744,-1635.03,-18.713999999999945,0.024,0.019
all_to_all_graph8_n64_d0p3,64,0.3,5,1000,-1631.72,-1608.194,-23.526000000000067,0.028,0.021,-1656.886,-1636.626,-20.25999999999999,0.031,0.024
all_to_all_graph8_n64_d0p3,64,0.3,6,1000,-1634.314,-1614.29,-20.024000000000115,0.034,0.02,-1661.122,-1638.822,-22.300000000000185,0.048,0.023
all_to_all_graph8_n64_d0p3,64,0.3,7,1000,-1629.47,-1606.33,-23.1400000000001,0.027,0.014,-1653.016,-1629.712,-23.304000000000087,0.0359999999999999,0.025
all_to_all_graph8_n64_d0p3,64,0.3,8,1000,-1627.702,-1613.748,-13.953999999999953,0.019,0.0149999999999999,-1652.766,-1639.12,-13.646000000000186,0.021,0.0179999999999999
all_to_all_graph8_n64_d0p3,64,0.3,9,1000,-1631.318,-1608.328,-22.99000000000001,0.021,0.024,-1651.28,-1632.646,-18.63400000000001,0.027,0.029
all_to_all_graph8_n64_d0p3,64,0.3,10,1000,-1632.46,-1606.86,-25.600000000000136,0.0359999999999999,0.02,-1659.072,-1634.822,-24.25,0.04,0.0259999999999999
all_to_all_graph9_n64_d0p3,64,0.3,1,1000,-1594.854,-1565.872,-28.981999999999967,0.0889999999999999,0.0429999999999999,-1616.342,-1589.422,-26.920000000000076,0.114,0.068
all_to_all_graph9_n64_d0p3,64,0.3,2,1000,-1589.732,-1561.35,-28.382000000000065,0.033,0.023,-1612.544,-1587.95,-24.594000000000047,0.0769999999999999,0.055
all_to_all_graph9_n64_d0p3,64,0.3,3,1000,-1589.584,-1562.028,-27.55600000000004,0.0369999999999999,0.0219999999999999,-1613.286,-1586.724,-26.56200000000013,0.1019999999999999,0.0599999999999999
all_to_all_graph9_n64_d0p3,64,0.3,4,1000,-1594.322,-1563.904,-30.417999999999893,0.067,0.04,-1617.898,-1591.63,-26.2679999999998,0.094,0.064
all_to_all_graph9_n64_d0p3,64,0.3,5,1000,-1588.962,-1562.762,-26.200000000000045,0.04,0.031,-1612.84,-1589.284,-23.555999999999813,0.0909999999999999,0.0589999999999999
all_to_all_graph9_n64_d0p3,64,0.3,6,1000,-1590.424,-1564.52,-25.904,0.0439999999999999,0.033,-1614.956,-1590.542,-24.413999999999987,0.0929999999999999,0.064
all_to_all_graph9_n64_d0p3,64,0.3,7,1000,-1594.474,-1564.686,-29.788000000000007,0.019,0.014,-1614.824,-1586.858,-27.96600000000012,0.101,0.058
all_to_all_graph9_n64_d0p3,64,0.3,8,1000,-1577.466,-1553.596,-23.869999999999887,0.0429999999999999,0.025,-1607.736,-1584.848,-22.888000000000147,0.08,0.047
all_to_all_graph9_n64_d0p3,64,0.3,9,1000,-1590.416,-1567.058,-23.357999999999947,0.033,0.0299999999999999,-1614.454,-1590.086,-24.367999999999935,0.101,0.067
all_to_all_graph9_n64_d0p3,64,0.3,10,1000,-1591.348,-1567.31,-24.038000000000007,0.0369999999999999,0.0149999999999999,-1615.278,-1590.754,-24.524000000000115,0.062,0.0429999999999999
all_to_all_graph10_n64_d0p3,64,0.3,1,1000,-1636.258,-1594.894,-41.36400000000003,0.0859999999999999,0.0449999999999999,-1658.764,-1622.636,-36.12799999999993,0.129,0.0739999999999999
all_to_all_graph10_n64_d0p3,64,0.3,2,1000,-1623.824,-1585.966,-37.858000000000175,0.0449999999999999,0.028,-1650.87,-1617.25,-33.61999999999989,0.0869999999999999,0.058
all_to_all_graph10_n64_d0p3,64,0.3,3,1000,-1637.468,-1604.484,-32.98400000000015,0.05,0.047,-1659.12,-1631.192,-27.927999999999884,0.121,0.081
all_to_all_graph10_n64_d0p3,64,0.3,4,1000,-1624.12,-1591.196,-32.92399999999998,0.067,0.034,-1654.486,-1622.048,-32.4380000000001,0.127,0.079
all_to_all_graph10_n64_d0p3,64,0.3,5,1000,-1625.1,-1586.58,-38.51999999999998,0.0529999999999999,0.041,-1652.464,-1616.38,-36.08399999999983,0.096,0.078
all_to_all_graph10_n64_d0p3,64,0.3,6,1000,-1623.298,-1586.414,-36.884000000000015,0.078,0.0609999999999999,-1652.21,-1620.242,-31.968000000000075,0.1179999999999999,0.096
all_to_all_graph10_n64_d0p3,64,0.3,7,1000,-1619.492,-1592.226,-27.26599999999985,0.0519999999999999,0.039,-1649.116,-1622.452,-26.663999999999987,0.0919999999999999,0.0759999999999999
all_to_all_graph10_n64_d0p3,64,0.3,8,1000,-1615.264,-1588.566,-26.697999999999865,0.047,0.05,-1646.056,-1617.9,-28.15599999999995,0.0859999999999999,0.078
all_to_all_graph10_n64_d0p3,64,0.3,9,1000,-1628.784,-1588.454,-40.33000000000016,0.115,0.0529999999999999,-1656.836,-1616.892,-39.94399999999996,0.1439999999999999,0.081
all_to_all_graph10_n64_d0p3,64,0.3,10,1000,-1621.464,-1591.492,-29.97199999999998,0.0539999999999999,0.034,-1652.79,-1623.104,-29.68599999999992,0.0889999999999999,0.068
all_to_all_graph11_n64_d0p3,64,0.3,1,1000,-1663.674,-1637.004,-26.670000000000076,0.032,0.023,-1684.426,-1661.584,-22.84199999999987,0.065,0.0449999999999999
all_to_all_graph11_n64_d0p3,64,0.3,2,1000,-1655.144,-1631.66,-23.483999999999924,0.019,0.0109999999999999,-1679.888,-1662.548,-17.339999999999918,0.039,0.033
all_to_all_graph11_n64_d0p3,64,0.3,3,1000,-1667.082,-1632.886,-34.19600000000014,0.014,0.019,-1690.264,-1660.278,-29.98599999999988,0.047,0.0439999999999999
all_to_all_graph11_n64_d0p3,64,0.3,4,1000,-1664.702,-1633.386,-31.31600000000003,0.0429999999999999,0.023,-1687.702,-1660.274,-27.42800000000011,0.065,0.0429999999999999
all_to_all_graph11_n64_d0p3,64,0.3,5,1000,-1664.998,-1631.65,-33.34799999999996,0.032,0.019,-1688.03,-1657.83,-30.200000000000045,0.0509999999999999,0.034
all_to_all_graph11_n64_d0p3,64,0.3,6,1000,-1656.44,-1626.992,-29.448000000000093,0.0149999999999999,0.0129999999999999,-1684.34,-1658.226,-26.113999999999805,0.0509999999999999,0.0299999999999999
all_to_all_graph11_n64_d0p3,64,0.3,7,1000,-1660.444,-1628.092,-32.35199999999986,0.0439999999999999,0.019,-1685.346,-1658.174,-27.172000000000025,0.056,0.0379999999999999
all_to_all_graph11_n64_d0p3,64,0.3,8,1000,-1656.032,-1629.312,-26.720000000000027,0.032,0.012,-1679.098,-1655.404,-23.69399999999996,0.0449999999999999,0.02
all_to_all_graph11_n64_d0p3,64,0.3,9,1000,-1665.89,-1632.658,-33.2320000000002,0.0219999999999999,0.012,-1688.09,-1656.884,-31.205999999999904,0.0439999999999999,0.023
all_to_all_graph11_n64_d0p3,64,0.3,10,1000,-1651.204,-1630.792,-20.412000000000035,0.01,0.0089999999999999,-1679.91,-1660.462,-19.448000000000093,0.04,0.0299999999999999
all_to_all_graph12_n64_d0p3,64,0.3,1,1000,-1559.294,-1523.53,-35.764000000000124,0.017,0.0179999999999999,-1581.642,-1547.164,-34.478000000000065,0.0429999999999999,0.0359999999999999
all_to_all_graph12_n64_d0p3,64,0.3,2,1000,-1531.82,-1508.556,-23.263999999999896,0.0219999999999999,0.0129999999999999,-1564.88,-1543.984,-20.896000000000186,0.0429999999999999,0.0219999999999999
all_to_all_graph12_n64_d0p3,64,0.3,3,1000,-1546.822,-1516.18,-30.641999999999825,0.021,0.0129999999999999,-1576.818,-1548.364,-28.45399999999995,0.041,0.027
all_to_all_graph12_n64_d0p3,64,0.3,4,1000,-1540.64,-1511.986,-28.654,0.02,0.019,-1571.638,-1547.796,-23.84199999999987,0.048,0.029
all_to_all_graph12_n64_d0p3,64,0.3,5,1000,-1542.406,-1525.358,-17.048000000000002,0.0109999999999999,0.017,-1569.118,-1551.094,-18.023999999999887,0.029,0.031
all_to_all_graph12_n64_d0p3,64,0.3,6,1000,-1545.196,-1526.838,-18.357999999999947,0.016,0.014,-1571.148,-1554.246,-16.901999999999816,0.0459999999999999,0.033
all_to_all_graph12_n64_d0p3,64,0.3,7,1000,-1550.184,-1521.292,-28.892000000000053,0.023,0.012,-1576.43,-1548.598,-27.832000000000107,0.047,0.033
all_to_all_graph12_n64_d0p3,64,0.3,8,1000,-1542.952,-1519.894,-23.057999999999996,0.007,0.0089999999999999,-1571.42,-1549.038,-22.382000000000065,0.033,0.04
all_to_all_graph12_n64_d0p3,64,0.3,9,1000,-1548.79,-1525.256,-23.53399999999988,0.034,0.019,-1574.968,-1549.7,-25.26800000000003,0.0609999999999999,0.042
all_to_all_graph12_n64_d0p3,64,0.3,10,1000,-1547.286,-1525.978,-21.307999999999996,0.008,0.0089999999999999,-1573.85,-1554.26,-19.58999999999992,0.0509999999999999,0.0359999999999999
all_to_all_graph13_n64_d0p3,64,0.3,1,1000,-1488.892,-1460.882,-28.00999999999999,0.055,0.048,-1513.516,-1486.822,-26.694000000000187,0.0929999999999999,0.0709999999999999
all_to_all_graph13_n64_d0p3,64,0.3,2,1000,-1478.328,-1452.856,-25.47199999999998,0.019,0.0089999999999999,-1507.546,-1482.936,-24.610000000000127,0.0429999999999999,0.034
all_to_all_graph13_n64_d0p3,64,0.3,3,1000,-1478.182,-1449.542,-28.6400000000001,0.0129999999999999,0.017,-1506.298,-1482.422,-23.875999999999976,0.0449999999999999,0.0369999999999999
all_to_all_graph13_n64_d0p3,64,0.3,4,1000,-1483.772,-1464.514,-19.25800000000004,0.0439999999999999,0.0369999999999999,-1505.498,-1488.64,-16.857999999999947,0.069,0.0589999999999999
all_to_all_graph13_n64_d0p3,64,0.3,5,1000,-1475.686,-1454.88,-20.805999999999813,0.027,0.025,-1498.872,-1480.072,-18.800000000000185,0.0359999999999999,0.0449999999999999
all_to_all_graph13_n64_d0p3,64,0.3,6,1000,-1487.456,-1462.462,-24.993999999999915,0.041,0.02,-1512.174,-1491.878,-20.29600000000005,0.0719999999999999,0.05
all_to_all_graph13_n64_d0p3,64,0.3,7,1000,-1476.33,-1452.972,-23.357999999999947,0.0129999999999999,0.002,-1505.74,-1480.96,-24.779999999999973,0.0439999999999999,0.035
all_to_all_graph13_n64_d0p3,64,0.3,8,1000,-1470.94,-1450.014,-20.92600000000016,0.024,0.012,-1500.458,-1483.792,-16.666000000000167,0.047,0.0429999999999999
all_to_all_graph13_n64_d0p3,64,0.3,9,1000,-1477.244,-1452.594,-24.649999999999864,0.032,0.019,-1504.052,-1480.562,-23.49000000000001,0.07,0.05
all_to_all_graph13_n64_d0p3,64,0.3,10,1000,-1482.8,-1459.18,-23.619999999999887,0.023,0.0259999999999999,-1510.222,-1483.44,-26.781999999999925,0.063,0.0459999999999999
all_to_all_graph14_n64_d0p3,64,0.3,1,1000,-1600.898,-1564.946,-35.952,0.041,0.0429999999999999,-1626.592,-1592.206,-34.386000000000195,0.08,0.063
all_to_all_graph14_n64_d0p3,64,0.3,2,1000,-1596.438,-1559.23,-37.20800000000008,0.078,0.033,-1627.126,-1593.846,-33.27999999999997,0.1029999999999999,0.0539999999999999
all_to_all_graph14_n64_d0p3,64,0.3,3,1000,-1597.446,-1560.84,-36.606,0.063,0.0259999999999999,-1627.322,-1593.3,-34.021999999999935,0.101,0.0439999999999999
all_to_all_graph14_n64_d0p3,64,0.3,4,1000,-1594.202,-1567.716,-26.486000000000104,0.0359999999999999,0.024,-1624.722,-1600.182,-24.539999999999964,0.068,0.0509999999999999
all_to_all_graph14_n64_d0p3,64,0.3,5,1000,-1586.946,-1554.66,-32.28599999999983,0.042,0.017,-1619.882,-1593.61,-26.27200000000016,0.0769999999999999,0.0379999999999999
all_to_all_graph14_n64_d0p3,64,0.3,6,1000,-1596.73,-1568.616,-28.114000000000036,0.0589999999999999,0.027,-1625.406,-1600.518,-24.88799999999992,0.095,0.0509999999999999
all_to_all_graph14_n64_d0p3,64,0.3,7,1000,-1599.876,-1570.142,-29.733999999999924,0.0609999999999999,0.031,-1624.924,-1598.716,-26.208000000000084,0.0719999999999999,0.0529999999999999
all_to_all_graph14_n64_d0p3,64,0.3,8,1000,-1601.782,-1570.894,-30.88799999999992,0.039,0.033,-1632.034,-1608.102,-23.932000000000016,0.1029999999999999,0.08
all_to_all_graph14_n64_d0p3,64,0.3,9,1000,-1592.022,-1558.312,-33.71000000000004,0.0459999999999999,0.027,-1622.132,-1595.238,-26.894000000000005,0.0769999999999999,0.0589999999999999
all_to_all_graph14_n64_d0p3,64,0.3,10,1000,-1588.242,-1551.682,-36.559999999999945,0.042,0.02,-1623.866,-1591.432,-32.43399999999997,0.083,0.0379999999999999
all_to_all_graph15_n64_d0p3,64,0.3,1,1000,-1604.476,-1582.634,-21.842000000000095,0.024,0.017,-1632.082,-1608.722,-23.360000000000127,0.04,0.028
all_to_all_graph15_n64_d0p3,64,0.3,2,1000,-1613.038,-1585.318,-27.720000000000027,0.027,0.017,-1640.504,-1613.368,-27.135999999999967,0.056,0.0299999999999999
all_to_all_graph15_n64_d0p3,64,0.3,3,1000,-1607.918,-1576.482,-31.43599999999992,0.0379999999999999,0.016,-1632.846,-1602.33,-30.51600000000008,0.047,0.0179999999999999
all_to_all_graph15_n64_d0p3,64,0.3,4,1000,-1601.964,-1573.624,-28.33999999999992,0.0299999999999999,0.0149999999999999,-1629.862,-1605.31,-24.55200000000013,0.0459999999999999,0.019
all_to_all_graph15_n64_d0p3,64,0.3,5,1000,-1614.114,-1577.948,-36.16599999999994,0.041,0.017,-1639.936,-1606.816,-33.11999999999989,0.056,0.023
all_to_all_graph15_n64_d0p3,64,0.3,6,1000,-1600.28,-1572.92,-27.3599999999999,0.023,0.023,-1630.388,-1601.896,-28.49199999999996,0.042,0.032
all_to_all_graph15_n64_d0p3,64,0.3,7,1000,-1603.454,-1578.782,-24.672000000000025,0.031,0.0109999999999999,-1629.392,-1605.998,-23.394000000000005,0.039,0.014
all_to_all_graph15_n64_d0p3,64,0.3,8,1000,-1607.294,-1585.836,-21.458000000000084,0.033,0.0149999999999999,-1635.26,-1612.582,-22.677999999999884,0.0539999999999999,0.0299999999999999
all_to_all_graph15_n64_d0p3,64,0.3,9,1000,-1608.914,-1583.152,-25.761999999999944,0.0379999999999999,0.021,-1634.62,-1610.89,-23.72999999999979,0.055,0.035
all_to_all_graph15_n64_d0p3,64,0.3,10,1000,-1606.872,-1588.508,-18.364000000000036,0.0359999999999999,0.02,-1633.05,-1613.952,-19.09799999999996,0.055,0.028
all_to_all_graph16_n64_d0p3,64,0.3,1,1000,-1625.374,-1598.318,-27.05600000000004,0.006,0.005,-1649.654,-1623.456,-26.198000000000093,0.024,0.017
all_to_all_graph16_n64_d0p3,64,0.3,2,1000,-1616.664,-1590.394,-26.269999999999985,0.008,0.0109999999999999,-1643.088,-1621.182,-21.90599999999995,0.0219999999999999,0.0179999999999999
all_to_all_graph16_n64_d0p3,64,0.3,3,1000,-1614.674,-1594.248,-20.425999999999927,0.024,0.0089999999999999,-1639.464,-1617.216,-22.248000000000047,0.0299999999999999,0.012
all_to_all_graph16_n64_d0p3,64,0.3,4,1000,-1617.982,-1589.514,-28.468000000000075,0.014,0.012,-1642.884,-1615.426,-27.458000000000084,0.02,0.02
all_to_all_graph16_n64_d0p3,64,0.3,5,1000,-1615.418,-1589.09,-26.32799999999997,0.003,0.0089999999999999,-1639.762,-1615.916,-23.846000000000004,0.016,0.014
all_to_all_graph16_n64_d0p3,64,0.3,6,1000,-1616.656,-1592.638,-24.01800000000003,0.008,0.002,-1641.68,-1620.728,-20.952,0.02,0.012
all_to_all_graph16_n64_d0p3,64,0.3,7,1000,-1614.162,-1587.694,-26.468000000000075,0.017,0.012,-1641.334,-1617.514,-23.820000000000164,0.0219999999999999,0.0179999999999999
all_to_all_graph16_n64_d0p3,64,0.3,8,1000,-1617.128,-1594.264,-22.864000000000036,0.012,0.0109999999999999,-1641.012,-1618.558,-22.45399999999995,0.0149999999999999,0.017
all_to_all_graph16_n64_d0p3,64,0.3,9,1000,-1623.908,-1588.926,-34.98199999999997,0.001,0.004,-1647.13,-1616.082,-31.048,0.0149999999999999,0.0129999999999999
all_to_all_graph16_n64_d0p3,64,0.3,10,1000,-1617.738,-1587.9,-29.837999999999965,0.014,0.0089999999999999,-1642.314,-1618.246,-24.067999999999984,0.019,0.014
all_to_all_graph17_n64_d0p3,64,0.3,1,1000,-1621.17,-1585.362,-35.80799999999999,0.017,0.0219999999999999,-1645.428,-1613.262,-32.16600000000017,0.0429999999999999,0.0359999999999999
all_to_all_graph17_n64_d0p3,64,0.3,2,1000,-1621.274,-1591.814,-29.45999999999981,0.049,0.0259999999999999,-1645.284,-1621.326,-23.958000000000084,0.065,0.0439999999999999
all_to_all_graph17_n64_d0p3,64,0.3,3,1000,-1615.462,-1585.624,-29.837999999999965,0.0179999999999999,0.02,-1644.248,-1615.468,-28.779999999999973,0.057,0.0449999999999999
all_to_all_graph17_n64_d0p3,64,0.3,4,1000,-1612.146,-1581.736,-30.40999999999985,0.039,0.0149999999999999,-1640.392,-1613.77,-26.62200000000007,0.05,0.027
all_to_all_graph17_n64_d0p3,64,0.3,5,1000,-1619.862,-1590.084,-29.77800000000002,0.017,0.016,-1643.914,-1620.388,-23.526000000000067,0.033,0.031
all_to_all_graph17_n64_d0p3,64,0.3,6,1000,-1609.934,-1581.052,-28.882000000000065,0.0259999999999999,0.0219999999999999,-1638.276,-1612.452,-25.82400000000007,0.049,0.031
all_to_all_graph17_n64_d0p3,64,0.3,7,1000,-1620.732,-1580.752,-39.98000000000002,0.024,0.016,-1647.562,-1613.642,-33.919999999999845,0.0379999999999999,0.023
all_to_all_graph17_n64_d0p3,64,0.3,8,1000,-1621.524,-1582.132,-39.39199999999983,0.02,0.0149999999999999,-1647.098,-1612.852,-34.24599999999987,0.0539999999999999,0.028
all_to_all_graph17_n64_d0p3,64,0.3,9,1000,-1626.078,-1593.19,-32.88799999999992,0.0259999999999999,0.019,-1650.976,-1625.976,-25.0,0.0769999999999999,0.058
all_to_all_graph17_n64_d0p3,64,0.3,10,1000,-1614.146,-1583.204,-30.942000000000007,0.017,0.0109999999999999,-1641.502,-1612.966,-28.536000000000055,0.041,0.019
all_to_all_graph18_n64_d0p3,64,0.3,1,1000,-1522.682,-1498.02,-24.662000000000035,0.0259999999999999,0.014,-1543.424,-1520.17,-23.253999999999905,0.0359999999999999,0.025
all_to_all_graph18_n64_d0p3,64,0.3,2,1000,-1509.93,-1497.832,-12.097999999999956,0.019,0.014,-1530.11,-1520.426,-9.683999999999967,0.025,0.021
all_to_all_graph18_n64_d0p3,64,0.3,3,1000,-1519.194,-1496.992,-22.202,0.016,0.0149999999999999,-1539.478,-1519.568,-19.91000000000008,0.0429999999999999,0.0379999999999999
all_to_all_graph18_n64_d0p3,64,0.3,4,1000,-1515.136,-1500.878,-14.258000000000038,0.01,0.007,-1536.692,-1524.01,-12.682000000000016,0.0299999999999999,0.02
all_to_all_graph18_n64_d0p3,64,0.3,5,1000,-1514.744,-1489.396,-25.34799999999996,0.028,0.016,-1538.066,-1517.142,-20.923999999999975,0.04,0.025
all_to_all_graph18_n64_d0p3,64,0.3,6,1000,-1513.338,-1495.546,-17.791999999999916,0.0149999999999999,0.0089999999999999,-1538.024,-1519.956,-18.067999999999984,0.048,0.0299999999999999
all_to_all_graph18_n64_d0p3,64,0.3,7,1000,-1518.422,-1487.916,-30.506000000000085,0.0359999999999999,0.0089999999999999,-1540.702,-1511.988,-28.713999999999945,0.0509999999999999,0.017
all_to_all_graph18_n64_d0p3,64,0.3,8,1000,-1518.336,-1495.138,-23.198000000000093,0.0219999999999999,0.021,-1537.776,-1517.266,-20.50999999999999,0.05,0.0379999999999999
all_to_all_graph18_n64_d0p3,64,0.3,9,1000,-1519.282,-1494.956,-24.326000000000025,0.0299999999999999,0.017,-1542.884,-1518.58,-24.304000000000087,0.0509999999999999,0.032
all_to_all_graph18_n64_d0p3,64,0.3,10,1000,-1518.46,-1499.752,-18.708000000000084,0.025,0.0149999999999999,-1539.978,-1521.424,-18.554000000000087,0.041,0.027
all_to_all_graph19_n64_d0p3,64,0.3,1,1000,-1609.648,-1576.722,-32.92599999999993,0.068,0.039,-1637.432,-1607.296,-30.135999999999967,0.129,0.0749999999999999
all_to_all_graph19_n64_d0p3,64,0.3,2,1000,-1611.352,-1580.224,-31.12800000000016,0.049,0.0219999999999999,-1637.594,-1608.112,-29.481999999999967,0.0879999999999999,0.047
all_to_all_graph19_n64_d0p3,64,0.3,3,1000,-1613.556,-1579.962,-33.59400000000005,0.0459999999999999,0.04,-1636.958,-1612.102,-24.855999999999995,0.105,0.07
all_to_all_graph19_n64_d0p3,64,0.3,4,1000,-1617.364,-1575.92,-41.44399999999996,0.085,0.047,-1639.52,-1607.114,-32.40599999999995,0.107,0.063
all_to_all_graph19_n64_d0p3,64,0.3,5,1000,-1616.418,-1585.756,-30.661999999999807,0.0709999999999999,0.0449999999999999,-1638.932,-1611.17,-27.761999999999944,0.099,0.0589999999999999
all_to_all_graph19_n64_d0p3,64,0.3,6,1000,-1610.93,-1579.872,-31.057999999999996,0.0609999999999999,0.048,-1637.848,-1610.048,-27.799999999999955,0.0879999999999999,0.0749999999999999
all_to_all_graph19_n64_d0p3,64,0.3,7,1000,-1606.822,-1577.408,-29.413999999999987,0.056,0.039,-1631.566,-1607.312,-24.254000000000133,0.094,0.0599999999999999
all_to_all_graph19_n64_d0p3,64,0.3,8,1000,-1614.372,-1578.956,-35.41600000000017,0.0539999999999999,0.0359999999999999,-1637.57,-1609.844,-27.725999999999885,0.079,0.058
all_to_all_graph19_n64_d0p3,64,0.3,9,1000,-1604.296,-1579.312,-24.98400000000015,0.055,0.0509999999999999,-1637.59,-1617.986,-19.60399999999981,0.12,0.1
all_to_all_graph19_n64_d0p3,64,0.3,10,1000,-1621.782,-1581.918,-39.86400000000003,0.098,0.049,-1649.284,-1612.132,-37.15200000000005,0.155,0.0729999999999999
all_to_all_graph0_n64_d0p5,64,0.5,1,1000,-2041.8,-2007.97,-33.82999999999993,0.025,0.007,-2077.23,-2042.38,-34.84999999999991,0.084,0.0299999999999999
all_to_all_graph0_n64_d0p5,64,0.5,2,1000,-2021.986,-2015.53,-6.456000000000131,0.034,0.02,-2068.078,-2050.756,-17.322000000000116,0.05,0.039
all_to_all_graph0_n64_d0p5,64,0.5,3,1000,-2018.714,-2002.688,-16.02599999999984,0.005,0.021,-2064.294,-2041.772,-22.52199999999993,0.0299999999999999,0.0439999999999999
all_to_all_graph0_n64_d0p5,64,0.5,4,1000,-2014.68,-2003.238,-11.442000000000007,0.01,0.0149999999999999,-2060.93,-2044.916,-16.013999999999896,0.0449999999999999,0.041
all_to_all_graph0_n64_d0p5,64,0.5,5,1000,-2035.59,-2015.256,-20.333999999999836,0.017,0.02,-2072.292,-2049.282,-23.009999999999764,0.0369999999999999,0.0439999999999999
all_to_all_graph0_n64_d0p5,64,0.5,6,1000,-2017.164,-2003.376,-13.788000000000013,0.0129999999999999,0.0089999999999999,-2059.194,-2043.696,-15.498000000000047,0.034,0.02
all_to_all_graph0_n64_d0p5,64,0.5,7,1000,-2033.384,-2006.994,-26.3900000000001,0.025,0.016,-2072.656,-2042.964,-29.692000000000007,0.05,0.0429999999999999
all_to_all_graph0_n64_d0p5,64,0.5,8,1000,-2024.968,-2006.938,-18.029999999999973,0.039,0.033,-2068.73,-2046.324,-22.40599999999995,0.0519999999999999,0.058
all_to_all_graph0_n64_d0p5,64,0.5,9,1000,-2023.488,-1999.906,-23.582000000000107,0.021,0.0109999999999999,-2067.206,-2044.24,-22.96600000000012,0.0519999999999999,0.048
all_to_all_graph0_n64_d0p5,64,0.5,10,1000,-2024.164,-2007.786,-16.37799999999993,0.0149999999999999,0.007,-2066.464,-2045.426,-21.038000000000007,0.0259999999999999,0.0369999999999999
all_to_all_graph1_n64_d0p5,64,0.5,1,1000,-1999.762,-1951.17,-48.59199999999987,0.021,0.006,-2035.6,-1990.454,-45.14599999999996,0.0609999999999999,0.029
all_to_all_graph1_n64_d0p5,64,0.5,2,1000,-2004.508,-1965.2,-39.30799999999999,0.033,0.02,-2039.552,-1998.258,-41.29399999999986,0.0529999999999999,0.034
all_to_all_graph1_n64_d0p5,64,0.5,3,1000,-1991.558,-1952.598,-38.96000000000004,0.0439999999999999,0.019,-2029.42,-1986.85,-42.57000000000016,0.062,0.039
all_to_all_graph1_n64_d0p5,64,0.5,4,1000,-1979.836,-1951.012,-28.82400000000007,0.021,0.016,-2021.046,-1986.676,-34.37000000000012,0.0299999999999999,0.0219999999999999
all_to_all_graph1_n64_d0p5,64,0.5,5,1000,-1989.074,-1950.518,-38.55600000000004,0.021,0.007,-2027.552,-1992.868,-34.68399999999997,0.0589999999999999,0.031
all_to_all_graph1_n64_d0p5,64,0.5,6,1000,-1973.89,-1951.616,-22.274000000000115,0.004,0.005,-2022.49,-1991.594,-30.89599999999996,0.047,0.0259999999999999
all_to_all_graph1_n64_d0p5,64,0.5,7,1000,-2008.222,-1965.34,-42.88200000000006,0.057,0.0259999999999999,-2037.726,-2001.608,-36.118000000000166,0.085,0.0429999999999999
all_to_all_graph1_n64_d0p5,64,0.5,8,1000,-1987.346,-1950.37,-36.97600000000011,0.034,0.02,-2025.46,-1985.708,-39.75199999999995,0.0599999999999999,0.042
all_to_all_graph1_n64_d0p5,64,0.5,9,1000,-1985.702,-1963.18,-22.52199999999993,0.034,0.0129999999999999,-2018.904,-1995.842,-23.061999999999895,0.0459999999999999,0.027
all_to_all_graph1_n64_d0p5,64,0.5,10,1000,-1991.85,-1951.196,-40.654,0.034,0.0179999999999999,-2025.718,-1989.88,-35.837999999999965,0.048,0.031
all_to_all_graph2_n64_d0p5,64,0.5,1,1000,-2094.436,-2063.038,-31.398000000000135,0.0149999999999999,0.017,-2133.33,-2100.968,-32.36200000000008,0.0149999999999999,0.0219999999999999
all_to_all_graph2_n64_d0p5,64,0.5,2,1000,-2084.03,-2053.992,-30.038000000000007,0.006,0.005,-2123.762,-2092.638,-31.124000000000247,0.01,0.006
all_to_all_graph2_n64_d0p5,64,0.5,3,1000,-2092.566,-2062.522,-30.04399999999987,0.006,0.012,-2130.518,-2093.638,-36.8800000000001,0.0109999999999999,0.0129999999999999
all_to_all_graph2_n64_d0p5,64,0.5,4,1000,-2114.206,-2068.18,-46.026000000000295,0.006,0.005,-2147.988,-2105.044,-42.94399999999996,0.0089999999999999,0.008
all_to_all_graph2_n64_d0p5,64,0.5,5,1000,-2100.1,-2063.144,-36.95600000000013,0.008,0.005,-2139.27,-2101.03,-38.239999999999775,0.017,0.007
all_to_all_graph2_n64_d0p5,64,0.5,6,1000,-2082.308,-2047.648,-34.66000000000008,0.004,0.0089999999999999,-2124.404,-2090.84,-33.56399999999985,0.004,0.01
all_to_all_graph2_n64_d0p5,64,0.5,7,1000,-2084.272,-2058.774,-25.498000000000047,0.006,0.006,-2128.136,-2098.234,-29.902000000000044,0.01,0.014
all_to_all_graph2_n64_d0p5,64,0.5,8,1000,-2099.524,-2073.202,-26.321999999999665,0.002,0.006,-2134.034,-2106.934,-27.09999999999991,0.005,0.008
all_to_all_graph2_n64_d0p5,64,0.5,9,1000,-2087.05,-2065.31,-21.74000000000024,0.001,0.006,-2123.35,-2098.688,-24.661999999999807,0.004,0.0109999999999999
all_to_all_graph2_n64_d0p5,64,0.5,10,1000,-2095.536,-2054.642,-40.89400000000023,0.003,0.001,-2138.982,-2097.142,-41.84000000000015,0.004,0.003
all_to_all_graph3_n64_d0p5,64,0.5,1,1000,-2068.714,-2038.946,-29.76800000000003,0.042,0.0429999999999999,-2129.528,-2083.252,-46.27599999999984,0.1769999999999999,0.106
all_to_all_graph3_n64_d0p5,64,0.5,2,1000,-2081.928,-2048.938,-32.98999999999978,0.0219999999999999,0.035,-2128.498,-2091.628,-36.86999999999989,0.128,0.101
all_to_all_graph3_n64_d0p5,64,0.5,3,1000,-2097.98,-2063.57,-34.409999999999854,0.067,0.065,-2136.616,-2096.098,-40.51800000000002,0.188,0.13
all_to_all_graph3_n64_d0p5,64,0.5,4,1000,-2071.236,-2048.972,-22.26399999999967,0.033,0.041,-2118.12,-2092.304,-25.815999999999804,0.1029999999999999,0.121
all_to_all_graph3_n64_d0p5,64,0.5,5,1000,-2086.806,-2046.574,-40.23199999999997,0.0749999999999999,0.0589999999999999,-2129.3,-2094.674,-34.626000000000204,0.1499999999999999,0.12
all_to_all_graph3_n64_d0p5,64,0.5,6,1000,-2091.054,-2042.716,-48.33800000000019,0.057,0.0429999999999999,-2133.05,-2088.168,-44.88200000000006,0.1429999999999999,0.112
all_to_all_graph3_n64_d0p5,64,0.5,7,1000,-2096.296,-2046.958,-49.33799999999974,0.082,0.048,-2149.106,-2091.288,-57.81800000000021,0.2359999999999999,0.1189999999999999
all_to_all_graph3_n64_d0p5,64,0.5,8,1000,-2094.166,-2051.652,-42.51400000000013,0.0509999999999999,0.049,-2138.038,-2094.184,-43.85399999999981,0.1459999999999999,0.132
all_to_all_graph3_n64_d0p5,64,0.5,9,1000,-2077.088,-2049.046,-28.042000000000368,0.048,0.05,-2121.698,-2086.45,-35.24800000000005,0.129,0.107
all_to_all_graph3_n64_d0p5,64,0.5,10,1000,-2103.318,-2054.864,-48.45400000000018,0.0759999999999999,0.0459999999999999,-2141.202,-2091.026,-50.17600000000039,0.171,0.105
all_to_all_graph4_n64_d0p5,64,0.5,1,1000,-2164.716,-2142.548,-22.16800000000012,0.039,0.039,-2203.208,-2176.132,-27.076000000000025,0.0859999999999999,0.0709999999999999
all_to_all_graph4_n64_d0p5,64,0.5,2,1000,-2141.422,-2126.28,-15.141999999999824,0.033,0.034,-2189.962,-2164.346,-25.615999999999985,0.08,0.063
all_to_all_graph4_n64_d0p5,64,0.5,3,1000,-2119.088,-2129.178,10.089999999999693,0.02,0.027,-2191.062,-2173.404,-17.6579999999999,0.0769999999999999,0.084
all_to_all_graph4_n64_d0p5,64,0.5,4,1000,-2158.148,-2136.54,-21.60800000000017,0.0299999999999999,0.0369999999999999,-2204.622,-2176.802,-27.81999999999971,0.083,0.0769999999999999
all_to_all_graph4_n64_d0p5,64,0.5,5,1000,-2165.724,-2149.402,-16.322000000000116,0.021,0.033,-2202.796,-2178.678,-24.117999999999935,0.067,0.067
all_to_all_graph4_n64_d0p5,64,0.5,6,1000,-2156.294,-2133.966,-22.32799999999997,0.041,0.033,-2199.352,-2170.454,-28.897999999999683,0.0859999999999999,0.058
all_to_all_graph4_n64_d0p5,64,0.5,7,1000,-2151.822,-2146.772,-5.050000000000182,0.019,0.0359999999999999,-2201.41,-2182.822,-18.587999999999735,0.0599999999999999,0.0759999999999999
all_to_all_graph4_n64_d0p5,64,0.5,8,1000,-2165.454,-2138.88,-26.57400000000007,0.034,0.042,-2206.598,-2177.386,-29.21199999999999,0.081,0.068
all_to_all_graph4_n64_d0p5,64,0.5,9,1000,-2144.654,-2130.422,-14.231999999999973,0.025,0.027,-2192.894,-2172.71,-20.183999999999745,0.067,0.0769999999999999
all_to_all_graph4_n64_d0p5,64,0.5,10,1000,-2144.318,-2133.592,-10.726000000000113,0.0259999999999999,0.029,-2187.0,-2169.206,-17.79399999999987,0.0749999999999999,0.0599999999999999
all_to_all_graph5_n64_d0p5,64,0.5,1,1000,-2158.324,-2100.836,-57.48800000000029,0.0869999999999999,0.084,-2200.428,-2142.142,-58.28600000000006,0.12,0.096
all_to_all_graph5_n64_d0p5,64,0.5,2,1000,-2141.66,-2103.14,-38.51999999999998,0.048,0.0379999999999999,-2184.664,-2149.35,-35.314000000000306,0.0909999999999999,0.0909999999999999
all_to_all_graph5_n64_d0p5,64,0.5,3,1000,-2168.706,-2119.952,-48.75399999999991,0.11,0.1179999999999999,-2204.686,-2160.632,-44.05400000000009,0.13,0.136
all_to_all_graph5_n64_d0p5,64,0.5,4,1000,-2144.1,-2108.482,-35.61799999999994,0.017,0.024,-2184.36,-2147.544,-36.81600000000026,0.0459999999999999,0.0519999999999999
all_to_all_graph5_n64_d0p5,64,0.5,5,1000,-2145.262,-2091.428,-53.83400000000029,0.0459999999999999,0.0439999999999999,-2182.982,-2134.22,-48.76200000000017,0.065,0.0519999999999999
all_to_all_graph5_n64_d0p5,64,0.5,6,1000,-2151.254,-2107.648,-43.60599999999977,0.0369999999999999,0.035,-2192.178,-2146.75,-45.42799999999989,0.081,0.048
all_to_all_graph5_n64_d0p5,64,0.5,7,1000,-2124.574,-2101.368,-23.206000000000127,0.001,0.0259999999999999,-2172.358,-2139.484,-32.87400000000025,0.056,0.0439999999999999
all_to_all_graph5_n64_d0p5,64,0.5,8,1000,-2135.772,-2093.458,-42.31399999999985,0.0359999999999999,0.025,-2186.686,-2147.316,-39.370000000000346,0.065,0.062
all_to_all_graph5_n64_d0p5,64,0.5,9,1000,-2115.966,-2084.388,-31.57799999999997,0.029,0.031,-2160.718,-2136.542,-24.175999999999927,0.049,0.049
all_to_all_graph5_n64_d0p5,64,0.5,10,1000,-2149.516,-2106.166,-43.34999999999991,0.032,0.0299999999999999,-2189.578,-2146.116,-43.46199999999999,0.048,0.0439999999999999
all_to_all_graph6_n64_d0p5,64,0.5,1,1000,-2183.19,-2147.092,-36.09799999999996,0.031,0.023,-2216.834,-2187.386,-29.447999999999865,0.0439999999999999,0.035
all_to_all_graph6_n64_d0p5,64,0.5,2,1000,-2206.098,-2147.42,-58.67799999999989,0.033,0.027,-2239.856,-2190.854,-49.00200000000041,0.134,0.0749999999999999
all_to_all_graph6_n64_d0p5,64,0.5,3,1000,-2181.504,-2136.326,-45.17799999999989,0.008,0.014,-2226.796,-2178.384,-48.41199999999981,0.095,0.0599999999999999
all_to_all_graph6_n64_d0p5,64,0.5,4,1000,-2208.998,-2145.34,-63.6579999999999,0.049,0.042,-2243.994,-2189.666,-54.327999999999975,0.1,0.0599999999999999
all_to_all_graph6_n64_d0p5,64,0.5,5,1000,-2191.022,-2144.006,-47.01600000000008,0.021,0.049,-2226.54,-2179.304,-47.23599999999988,0.105,0.069
all_to_all_graph6_n64_d0p5,64,0.5,6,1000,-2179.1,-2141.724,-37.37599999999975,0.0179999999999999,0.016,-2215.268,-2179.996,-35.271999999999935,0.0429999999999999,0.04
all_to_all_graph6_n64_d0p5,64,0.5,7,1000,-2177.77,-2145.28,-32.48999999999978,0.006,0.0089999999999999,-2216.03,-2188.84,-27.19000000000005,0.0299999999999999,0.024
all_to_all_graph6_n64_d0p5,64,0.5,8,1000,-2176.964,-2141.522,-35.44200000000001,0.034,0.025,-2222.722,-2186.712,-36.01000000000022,0.0869999999999999,0.056
all_to_all_graph6_n64_d0p5,64,0.5,9,1000,-2194.462,-2156.15,-38.3119999999999,0.0359999999999999,0.0369999999999999,-2228.272,-2191.872,-36.40000000000009,0.062,0.058
all_to_all_graph6_n64_d0p5,64,0.5,10,1000,-2168.446,-2135.038,-33.4079999999999,0.021,0.034,-2214.468,-2175.7,-38.76800000000002,0.0739999999999999,0.047
all_to_all_graph7_n64_d0p5,64,0.5,1,1000,-2069.204,-2053.506,-15.69800000000032,0.003,0.007,-2105.51,-2096.138,-9.372000000000298,0.0219999999999999,0.0539999999999999
all_to_all_graph7_n64_d0p5,64,0.5,2,1000,-2088.698,-2052.808,-35.88999999999987,0.0129999999999999,0.019,-2131.672,-2094.794,-36.87800000000016,0.033,0.049
all_to_all_graph7_n64_d0p5,64,0.5,3,1000,-2081.836,-2043.632,-38.20399999999973,0.0,0.005,-2128.578,-2090.484,-38.09400000000005,0.078,0.041
all_to_all_graph7_n64_d0p5,64,0.5,4,1000,-2108.914,-2063.488,-45.42600000000039,0.0749999999999999,0.049,-2146.72,-2100.688,-46.0319999999997,0.113,0.079
all_to_all_graph7_n64_d0p5,64,0.5,5,1000,-2067.406,-2037.076,-30.329999999999927,0.005,0.01,-2116.852,-2085.318,-31.533999999999647,0.0379999999999999,0.047
all_to_all_graph7_n64_d0p5,64,0.5,6,1000,-2079.178,-2066.584,-12.594000000000053,0.0179999999999999,0.02,-2129.306,-2106.12,-23.18600000000015,0.0519999999999999,0.0519999999999999
all_to_all_graph7_n64_d0p5,64,0.5,7,1000,-2111.704,-2042.544,-69.16000000000008,0.019,0.0109999999999999,-2150.684,-2086.864,-63.82000000000016,0.084,0.048
all_to_all_graph7_n64_d0p5,64,0.5,8,1000,-2080.43,-2053.944,-26.48599999999988,0.016,0.0149999999999999,-2121.886,-2096.0,-25.885999999999967,0.062,0.0589999999999999
all_to_all_graph7_n64_d0p5,64,0.5,9,1000,-2079.362,-2050.982,-28.38000000000011,0.0149999999999999,0.019,-2128.174,-2091.578,-36.596,0.047,0.0449999999999999
all_to_all_graph7_n64_d0p5,64,0.5,10,1000,-2092.78,-2050.198,-42.582000000000335,0.003,0.007,-2141.686,-2095.708,-45.97800000000007,0.0759999999999999,0.049
all_to_all_graph8_n64_d0p5,64,0.5,1,1000,-2022.922,-1998.324,-24.59799999999996,0.006,0.017,-2062.436,-2039.43,-23.006000000000085,0.063,0.0529999999999999
all_to_all_graph8_n64_d0p5,64,0.5,2,1000,-2026.46,-2002.238,-24.22199999999998,0.021,0.0179999999999999,-2060.076,-2040.636,-19.44000000000005,0.0459999999999999,0.055
all_to_all_graph8_n64_d0p5,64,0.5,3,1000,-2022.802,-1999.342,-23.45999999999981,0.029,0.031,-2061.08,-2034.89,-26.189999999999827,0.0529999999999999,0.039
all_to_all_graph8_n64_d0p5,64,0.5,4,1000,-2019.26,-1997.464,-21.79600000000005,0.027,0.0109999999999999,-2054.294,-2032.598,-21.695999999999916,0.0599999999999999,0.05
all_to_all_graph8_n64_d0p5,64,0.5,5,1000,-2018.024,-1995.538,-22.48599999999988,0.0219999999999999,0.019,-2055.938,-2033.668,-22.27000000000021,0.041,0.035
all_to_all_graph8_n64_d0p5,64,0.5,6,1000,-2019.064,-1992.612,-26.452,0.016,0.02,-2061.786,-2037.862,-23.923999999999975,0.028,0.041
all_to_all_graph8_n64_d0p5,64,0.5,7,1000,-2014.466,-1998.944,-15.521999999999936,0.035,0.0219999999999999,-2061.946,-2034.84,-27.105999999999995,0.049,0.0599999999999999
all_to_all_graph8_n64_d0p5,64,0.5,8,1000,-2028.92,-2004.256,-24.663999999999987,0.004,0.01,-2061.298,-2039.992,-21.305999999999813,0.016,0.032
all_to_all_graph8_n64_d0p5,64,0.5,9,1000,-2015.22,-2000.598,-14.622000000000073,0.004,0.02,-2055.402,-2035.914,-19.488000000000056,0.0299999999999999,0.0599999999999999
all_to_all_graph8_n64_d0p5,64,0.5,10,1000,-2008.632,-1994.806,-13.826000000000022,0.0509999999999999,0.042,-2057.888,-2033.948,-23.939999999999827,0.063,0.0519999999999999
all_to_all_graph9_n64_d0p5,64,0.5,1,1000,-2122.348,-2082.098,-40.25,0.115,0.0529999999999999,-2161.208,-2124.064,-37.14400000000023,0.134,0.0729999999999999
all_to_all_graph9_n64_d0p5,64,0.5,2,1000,-2108.984,-2069.724,-39.25999999999976,0.063,0.027,-2153.39,-2113.464,-39.92599999999993,0.105,0.0519999999999999
all_to_all_graph9_n64_d0p5,64,0.5,3,1000,-2136.23,-2091.424,-44.80600000000004,0.0519999999999999,0.025,-2179.784,-2133.836,-45.94800000000032,0.104,0.069
all_to_all_graph9_n64_d0p5,64,0.5,4,1000,-2132.814,-2087.46,-45.35399999999981,0.0769999999999999,0.0179999999999999,-2174.49,-2129.696,-44.79399999999986,0.108,0.0529999999999999
all_to_all_graph9_n64_d0p5,64,0.5,5,1000,-2129.74,-2079.302,-50.43799999999965,0.07,0.032,-2169.754,-2118.97,-50.784000000000106,0.111,0.0729999999999999
all_to_all_graph9_n64_d0p5,64,0.5,6,1000,-2117.966,-2071.122,-46.84400000000005,0.0529999999999999,0.025,-2159.546,-2112.34,-47.20599999999968,0.083,0.0519999999999999
all_to_all_graph9_n64_d0p5,64,0.5,7,1000,-2114.532,-2071.052,-43.48000000000002,0.0739999999999999,0.032,-2165.264,-2119.24,-46.024000000000335,0.099,0.056
all_to_all_graph9_n64_d0p5,64,0.5,8,1000,-2099.358,-2066.75,-32.608000000000175,0.065,0.035,-2149.758,-2111.574,-38.18399999999974,0.11,0.057
all_to_all_graph9_n64_d0p5,64,0.5,9,1000,-2103.978,-2075.42,-28.557999999999996,0.027,0.027,-2149.822,-2120.126,-29.695999999999916,0.0909999999999999,0.067
all_to_all_graph9_n64_d0p5,64,0.5,10,1000,-2119.34,-2085.396,-33.94399999999996,0.064,0.031,-2157.676,-2118.4,-39.27599999999984,0.0739999999999999,0.0529999999999999
all_to_all_graph10_n64_d0p5,64,0.5,1,1000,-2119.77,-2093.51,-26.259999999999764,0.0609999999999999,0.067,-2174.172,-2140.06,-34.11200000000008,0.126,0.0909999999999999
all_to_all_graph10_n64_d0p5,64,0.5,2,1000,-2117.444,-2083.064,-34.38000000000011,0.047,0.0369999999999999,-2174.034,-2129.272,-44.76200000000017,0.108,0.07
all_to_all_graph10_n64_d0p5,64,0.5,3,1000,-2099.262,-2087.254,-12.008000000000266,0.0519999999999999,0.039,-2155.714,-2127.2,-28.514000000000124,0.1029999999999999,0.063
all_to_all_graph10_n64_d0p5,64,0.5,4,1000,-2129.75,-2102.156,-27.594000000000047,0.0589999999999999,0.055,-2178.828,-2146.68,-32.14800000000014,0.1019999999999999,0.079
all_to_all_graph10_n64_d0p5,64,0.5,5,1000,-2107.146,-2081.58,-25.566000000000255,0.023,0.027,-2162.144,-2127.482,-34.66199999999981,0.068,0.0459999999999999
all_to_all_graph10_n64_d0p5,64,0.5,6,1000,-2107.534,-2080.296,-27.238000000000284,0.017,0.025,-2167.808,-2125.718,-42.09000000000015,0.0739999999999999,0.068
all_to_all_graph10_n64_d0p5,64,0.5,7,1000,-2113.634,-2093.95,-19.6840000000002,0.067,0.057,-2162.18,-2134.718,-27.46199999999999,0.114,0.095
all_to_all_graph10_n64_d0p5,64,0.5,8,1000,-2134.85,-2088.734,-46.11599999999999,0.035,0.021,-2183.774,-2136.964,-46.809999999999945,0.112,0.084
all_to_all_graph10_n64_d0p5,64,0.5,9,1000,-2105.396,-2075.638,-29.758000000000266,0.0129999999999999,0.0259999999999999,-2158.526,-2129.912,-28.614000000000036,0.048,0.0599999999999999
all_to_all_graph10_n64_d0p5,64,0.5,10,1000,-2128.362,-2094.158,-34.20400000000018,0.024,0.027,-2168.024,-2134.996,-33.02799999999979,0.069,0.0509999999999999
all_to_all_graph11_n64_d0p5,64,0.5,1,1000,-2084.152,-2049.692,-34.46000000000004,0.004,0.003,-2129.802,-2094.224,-35.577999999999975,0.028,0.0259999999999999
all_to_all_graph11_n64_d0p5,64,0.5,2,1000,-2079.052,-2046.106,-32.94600000000014,0.007,0.0089999999999999,-2131.114,-2088.66,-42.45400000000018,0.032,0.02
all_to_all_graph11_n64_d0p5,64,0.5,3,1000,-2096.01,-2050.362,-45.64800000000014,0.0299999999999999,0.016,-2134.27,-2088.304,-45.96599999999989,0.048,0.028
all_to_all_graph11_n64_d0p5,64,0.5,4,1000,-2090.034,-2058.8,-31.233999999999924,0.007,0.008,-2138.392,-2097.878,-40.51399999999967,0.029,0.033
all_to_all_graph11_n64_d0p5,64,0.5,5,1000,-2083.744,-2054.388,-29.356000000000225,0.006,0.023,-2128.536,-2091.01,-37.52599999999984,0.023,0.033
all_to_all_graph11_n64_d0p5,64,0.5,6,1000,-2079.136,-2058.926,-20.21000000000004,0.003,0.0089999999999999,-2129.768,-2096.726,-33.04199999999992,0.0259999999999999,0.024
all_to_all_graph11_n64_d0p5,64,0.5,7,1000,-2096.802,-2049.556,-47.246000000000095,0.0259999999999999,0.016,-2139.736,-2093.444,-46.29199999999992,0.048,0.028
all_to_all_graph11_n64_d0p5,64,0.5,8,1000,-2087.676,-2049.81,-37.86599999999999,0.0129999999999999,0.006,-2134.976,-2089.22,-45.75600000000031,0.0369999999999999,0.0179999999999999
all_to_all_graph11_n64_d0p5,64,0.5,9,1000,-2077.404,-2050.556,-26.84799999999996,0.016,0.007,-2127.136,-2094.776,-32.36000000000013,0.034,0.029
all_to_all_graph11_n64_d0p5,64,0.5,10,1000,-2062.912,-2040.4,-22.51199999999972,0.0,0.004,-2114.4,-2085.712,-28.688000000000105,0.017,0.012
all_to_all_graph12_n64_d0p5,64,0.5,1,1000,-2149.658,-2111.064,-38.59400000000005,0.032,0.033,-2180.47,-2145.116,-35.353999999999814,0.0459999999999999,0.0449999999999999
all_to_all_graph12_n64_d0p5,64,0.5,2,1000,-2159.564,-2110.344,-49.2199999999998,0.02,0.042,-2199.62,-2152.03,-47.58999999999969,0.082,0.066
all_to_all_graph12_n64_d0p5,64,0.5,3,1000,-2157.236,-2101.886,-55.34999999999991,0.0439999999999999,0.0429999999999999,-2192.328,-2142.442,-49.88599999999997,0.069,0.0589999999999999
all_to_all_graph12_n64_d0p5,64,0.5,4,1000,-2144.418,-2114.176,-30.24200000000019,0.008,0.023,-2182.058,-2149.87,-32.1880000000001,0.0729999999999999,0.049
all_to_all_graph12_n64_d0p5,64,0.5,5,1000,-2134.174,-2083.29,-50.884000000000015,0.0509999999999999,0.0299999999999999,-2181.49,-2135.05,-46.4399999999996,0.0879999999999999,0.0509999999999999
all_to_all_graph12_n64_d0p5,64,0.5,6,1000,-2143.918,-2107.77,-36.14800000000014,0.0459999999999999,0.0259999999999999,-2185.054,-2149.992,-35.0619999999999,0.069,0.05
all_to_all_graph12_n64_d0p5,64,0.5,7,1000,-2158.32,-2111.106,-47.213999999999935,0.025,0.0149999999999999,-2192.366,-2149.182,-43.1840000000002,0.067,0.055
all_to_all_graph12_n64_d0p5,64,0.5,8,1000,-2143.522,-2115.428,-28.094000000000047,0.0179999999999999,0.024,-2180.834,-2152.804,-28.029999999999745,0.042,0.056
all_to_all_graph12_n64_d0p5,64,0.5,9,1000,-2145.542,-2107.024,-38.51800000000002,0.0129999999999999,0.0219999999999999,-2182.14,-2147.328,-34.8119999999999,0.049,0.047
all_to_all_graph12_n64_d0p5,64,0.5,10,1000,-2147.258,-2099.65,-47.60799999999972,0.006,0.007,-2184.224,-2140.16,-44.06400000000031,0.0219999999999999,0.023
all_to_all_graph13_n64_d0p5,64,0.5,1,1000,-2216.288,-2185.146,-31.141999999999825,0.083,0.047,-2249.1,-2217.028,-32.07200000000012,0.159,0.094
all_to_all_graph13_n64_d0p5,64,0.5,2,1000,-2223.74,-2174.572,-49.16799999999967,0.1779999999999999,0.07,-2264.514,-2217.34,-47.17399999999998,0.228,0.1019999999999999
all_to_all_graph13_n64_d0p5,64,0.5,3,1000,-2236.464,-2189.04,-47.42399999999998,0.125,0.0759999999999999,-2266.222,-2223.164,-43.05799999999999,0.2349999999999999,0.1429999999999999
all_to_all_graph13_n64_d0p5,64,0.5,4,1000,-2237.792,-2198.216,-39.576000000000015,0.2419999999999999,0.1429999999999999,-2269.984,-2231.04,-38.94399999999996,0.263,0.1719999999999999
all_to_all_graph13_n64_d0p5,64,0.5,5,1000,-2204.628,-2176.156,-28.472000000000207,0.0719999999999999,0.0539999999999999,-2243.34,-2216.376,-26.963999999999945,0.17,0.1029999999999999
all_to_all_graph13_n64_d0p5,64,0.5,6,1000,-2206.09,-2174.04,-32.05000000000018,0.0589999999999999,0.0429999999999999,-2247.41,-2212.864,-34.54599999999982,0.129,0.0909999999999999
all_to_all_graph13_n64_d0p5,64,0.5,7,1000,-2197.956,-2165.938,-32.01800000000003,0.08,0.0529999999999999,-2247.852,-2210.116,-37.73599999999988,0.195,0.114
all_to_all_graph13_n64_d0p5,64,0.5,8,1000,-2209.5,-2174.706,-34.79399999999987,0.05,0.024,-2248.632,-2214.844,-33.78800000000001,0.169,0.0869999999999999
all_to_all_graph13_n64_d0p5,64,0.5,9,1000,-2215.1,-2180.608,-34.491999999999734,0.055,0.032,-2250.012,-2215.652,-34.36000000000013,0.164,0.0899999999999999
all_to_all_graph13_n64_d0p5,64,0.5,10,1000,-2180.828,-2169.102,-11.726000000000113,0.065,0.05,-2225.51,-2211.312,-14.19800000000032,0.0889999999999999,0.08
all_to_all_graph14_n64_d0p5,64,0.5,1,1000,-2173.462,-2141.55,-31.911999999999807,0.012,0.035,-2220.468,-2178.786,-41.68199999999978,0.0449999999999999,0.0509999999999999
all_to_all_graph14_n64_d0p5,64,0.5,2,1000,-2162.758,-2129.46,-33.297999999999774,0.014,0.0219999999999999,-2207.738,-2176.594,-31.143999999999775,0.0369999999999999,0.0439999999999999
all_to_all_graph14_n64_d0p5,64,0.5,3,1000,-2168.798,-2137.494,-31.303999999999636,0.0149999999999999,0.0379999999999999,-2213.804,-2184.406,-29.398000000000135,0.0539999999999999,0.067
all_to_all_graph14_n64_d0p5,64,0.5,4,1000,-2161.57,-2130.52,-31.050000000000185,0.016,0.017,-2203.778,-2177.226,-26.55199999999968,0.0459999999999999,0.0529999999999999
all_to_all_graph14_n64_d0p5,64,0.5,5,1000,-2178.294,-2135.132,-43.16199999999981,0.0439999999999999,0.032,-2227.55,-2185.516,-42.034000000000106,0.0769999999999999,0.0749999999999999
all_to_all_graph14_n64_d0p5,64,0.5,6,1000,-2151.338,-2122.99,-28.348000000000408,0.0109999999999999,0.019,-2210.108,-2177.698,-32.41000000000031,0.1,0.079
all_to_all_graph14_n64_d0p5,64,0.5,7,1000,-2158.39,-2139.504,-18.885999999999967,0.0459999999999999,0.029,-2205.04,-2182.404,-22.635999999999967,0.0509999999999999,0.056
all_to_all_graph14_n64_d0p5,64,0.5,8,1000,-2185.18,-2137.254,-47.92599999999993,0.031,0.0259999999999999,-2220.228,-2179.84,-40.38799999999992,0.0459999999999999,0.0459999999999999
all_to_all_graph14_n64_d0p5,64,0.5,9,1000,-2157.19,-2121.978,-35.21199999999999,0.017,0.0299999999999999,-2204.2,-2166.2,-38.0,0.035,0.048
all_to_all_graph14_n64_d0p5,64,0.5,10,1000,-2170.102,-2134.876,-35.22599999999966,0.0509999999999999,0.039,-2212.672,-2183.804,-28.867999999999935,0.085,0.0759999999999999
all_to_all_graph15_n64_d0p5,64,0.5,1,1000,-2124.45,-2080.338,-44.111999999999625,0.1449999999999999,0.115,-2168.48,-2115.162,-53.31800000000021,0.2099999999999999,0.139
all_to_all_graph15_n64_d0p5,64,0.5,2,1000,-2127.094,-2064.986,-62.108000000000175,0.191,0.101,-2170.134,-2104.758,-65.3760000000002,0.2409999999999999,0.127
all_to_all_graph15_n64_d0p5,64,0.5,3,1000,-2124.466,-2080.396,-44.0699999999997,0.128,0.1189999999999999,-2175.0,-2126.652,-48.34799999999996,0.2379999999999999,0.1759999999999999
all_to_all_graph15_n64_d0p5,64,0.5,4,1000,-2120.596,-2058.874,-61.72200000000021,0.067,0.0589999999999999,-2180.248,-2106.216,-74.03200000000014,0.249,0.1429999999999999
all_to_all_graph15_n64_d0p5,64,0.5,5,1000,-2142.764,-2071.24,-71.52400000000034,0.125,0.0859999999999999,-2200.082,-2121.698,-78.38400000000001,0.255,0.162
all_to_all_graph15_n64_d0p5,64,0.5,6,1000,-2150.878,-2081.694,-69.1840000000002,0.2,0.117,-2191.906,-2129.198,-62.70800000000008,0.253,0.159
all_to_all_graph15_n64_d0p5,64,0.5,7,1000,-2099.994,-2061.176,-38.81800000000021,0.129,0.111,-2151.278,-2110.716,-40.5619999999999,0.2089999999999999,0.151
all_to_all_graph15_n64_d0p5,64,0.5,8,1000,-2107.99,-2065.452,-42.53799999999956,0.0219999999999999,0.027,-2170.144,-2114.684,-55.45999999999958,0.224,0.135
all_to_all_graph15_n64_d0p5,64,0.5,9,1000,-2124.632,-2064.382,-60.25,0.111,0.063,-2179.478,-2111.472,-68.00599999999986,0.228,0.124
all_to_all_graph15_n64_d0p5,64,0.5,10,1000,-2139.182,-2093.126,-46.05599999999959,0.2049999999999999,0.151,-2178.752,-2128.436,-50.31599999999981,0.247,0.183
all_to_all_graph16_n64_d0p5,64,0.5,1,1000,-2170.0,-2129.416,-40.58399999999983,0.08,0.0609999999999999,-2221.756,-2170.864,-50.89199999999983,0.1,0.0719999999999999
all_to_all_graph16_n64_d0p5,64,0.5,2,1000,-2144.742,-2103.9,-40.8420000000001,0.0709999999999999,0.0439999999999999,-2200.728,-2149.566,-51.162000000000255,0.1029999999999999,0.062
all_to_all_graph16_n64_d0p5,64,0.5,3,1000,-2131.216,-2097.658,-33.55799999999999,0.0379999999999999,0.029,-2191.64,-2149.362,-42.27799999999979,0.069,0.0509999999999999
all_to_all_graph16_n64_d0p5,64,0.5,4,1000,-2161.444,-2118.37,-43.07400000000007,0.098,0.0379999999999999,-2225.088,-2168.548,-56.54000000000042,0.1799999999999999,0.0769999999999999
all_to_all_graph16_n64_d0p5,64,0.5,5,1000,-2179.954,-2126.922,-53.03200000000015,0.114,0.0509999999999999,-2226.372,-2171.202,-55.16999999999962,0.1419999999999999,0.082
all_to_all_graph16_n64_d0p5,64,0.5,6,1000,-2151.896,-2111.94,-39.95600000000013,0.05,0.028,-2209.45,-2163.844,-45.60599999999977,0.064,0.0509999999999999
all_to_all_graph16_n64_d0p5,64,0.5,7,1000,-2156.016,-2105.132,-50.884000000000015,0.116,0.056,-2204.546,-2147.458,-57.08799999999974,0.131,0.07
all_to_all_graph16_n64_d0p5,64,0.5,8,1000,-2162.724,-2116.744,-45.98000000000002,0.0899999999999999,0.047,-2213.822,-2166.888,-46.9340000000002,0.124,0.065
all_to_all_graph16_n64_d0p5,64,0.5,9,1000,-2155.27,-2106.514,-48.75599999999986,0.0759999999999999,0.055,-2223.1,-2154.69,-68.40999999999985,0.121,0.07
all_to_all_graph16_n64_d0p5,64,0.5,10,1000,-2117.596,-2093.648,-23.947999999999865,0.039,0.042,-2185.896,-2150.48,-35.41600000000017,0.0519999999999999,0.064
all_to_all_graph17_n64_d0p5,64,0.5,1,1000,-2188.356,-2138.484,-49.8720000000003,0.0429999999999999,0.05,-2232.686,-2181.674,-51.01200000000017,0.069,0.066
all_to_all_graph17_n64_d0p5,64,0.5,2,1000,-2170.712,-2135.308,-35.404,0.079,0.0449999999999999,-2216.948,-2173.18,-43.76800000000002,0.109,0.0739999999999999
all_to_all_graph17_n64_d0p5,64,0.5,3,1000,-2169.328,-2137.416,-31.911999999999807,0.047,0.042,-2214.856,-2179.29,-35.56600000000026,0.0909999999999999,0.0749999999999999
all_to_all_graph17_n64_d0p5,64,0.5,4,1000,-2170.748,-2145.75,-24.998000000000047,0.031,0.034,-2207.852,-2175.98,-31.871999999999844,0.0859999999999999,0.079
all_to_all_graph17_n64_d0p5,64,0.5,5,1000,-2153.644,-2141.956,-11.687999999999647,0.025,0.0379999999999999,-2203.658,-2182.538,-21.119999999999887,0.0869999999999999,0.085
all_to_all_graph17_n64_d0p5,64,0.5,6,1000,-2179.226,-2150.196,-29.0300000000002,0.027,0.034,-2224.85,-2188.502,-36.34799999999996,0.067,0.058
all_to_all_graph17_n64_d0p5,64,0.5,7,1000,-2157.654,-2139.084,-18.570000000000164,0.0589999999999999,0.05,-2204.18,-2175.426,-28.753999999999905,0.084,0.0769999999999999
all_to_all_graph17_n64_d0p5,64,0.5,8,1000,-2160.488,-2133.644,-26.844000000000047,0.024,0.0259999999999999,-2210.984,-2176.976,-34.00799999999981,0.0609999999999999,0.056
all_to_all_graph17_n64_d0p5,64,0.5,9,1000,-2191.6,-2147.922,-43.67799999999989,0.106,0.063,-2235.444,-2187.522,-47.922000000000025,0.1409999999999999,0.0869999999999999
all_to_all_graph17_n64_d0p5,64,0.5,10,1000,-2177.786,-2136.224,-41.5619999999999,0.0459999999999999,0.028,-2218.842,-2175.612,-43.23000000000002,0.0859999999999999,0.0459999999999999
all_to_all_graph18_n64_d0p5,64,0.5,1,1000,-2028.186,-2005.494,-22.692000000000007,0.001,0.002,-2064.588,-2040.168,-24.4200000000003,0.034,0.0449999999999999
all_to_all_graph18_n64_d0p5,64,0.5,2,1000,-2005.082,-1992.73,-12.352000000000087,0.0109999999999999,0.019,-2052.41,-2031.914,-20.495999999999867,0.0439999999999999,0.032
all_to_all_graph18_n64_d0p5,64,0.5,3,1000,-2005.93,-1993.13,-12.799999999999956,0.005,0.007,-2049.092,-2029.05,-20.042000000000144,0.027,0.016
all_to_all_graph18_n64_d0p5,64,0.5,4,1000,-2022.978,-1997.908,-25.070000000000164,0.014,0.0179999999999999,-2066.652,-2034.436,-32.21600000000012,0.0359999999999999,0.031
all_to_all_graph18_n64_d0p5,64,0.5,5,1000,-2026.938,-1996.69,-30.248000000000047,0.034,0.0259999999999999,-2065.882,-2028.146,-37.7360000000001,0.0529999999999999,0.0359999999999999
all_to_all_graph18_n64_d0p5,64,0.5,6,1000,-2013.696,-1990.118,-23.57799999999997,0.01,0.008,-2060.17,-2031.66,-28.50999999999999,0.039,0.017
all_to_all_graph18_n64_d0p5,64,0.5,7,1000,-2017.102,-1989.912,-27.19000000000005,0.024,0.007,-2066.932,-2025.276,-41.65599999999972,0.056,0.0219999999999999
all_to_all_graph18_n64_d0p5,64,0.5,8,1000,-2006.618,-1981.384,-25.233999999999924,0.003,0.005,-2052.362,-2023.358,-29.004000000000133,0.023,0.017
all_to_all_graph18_n64_d0p5,64,0.5,9,1000,-2027.52,-1998.658,-28.86200000000008,0.006,0.0129999999999999,-2063.826,-2033.396,-30.430000000000064,0.04,0.0379999999999999
all_to_all_graph18_n64_d0p5,64,0.5,10,1000,-2028.872,-1995.05,-33.82200000000012,0.031,0.0219999999999999,-2066.06,-2031.714,-34.346000000000004,0.048,0.0369999999999999
all_to_all_graph19_n64_d0p5,64,0.5,1,1000,-2093.498,-2057.396,-36.101999999999855,0.041,0.034,-2148.34,-2103.236,-45.10400000000026,0.117,0.0749999999999999
all_to_all_graph19_n64_d0p5,64,0.5,2,1000,-2103.81,-2060.08,-43.73000000000002,0.0359999999999999,0.0299999999999999,-2141.87,-2099.092,-42.77799999999979,0.098,0.067
all_to_all_graph19_n64_d0p5,64,0.5,3,1000,-2106.816,-2061.32,-45.49599999999964,0.039,0.049,-2146.154,-2103.06,-43.09400000000005,0.0739999999999999,0.078
all_to_all_graph19_n64_d0p5,64,0.5,4,1000,-2100.686,-2051.8,-48.88599999999997,0.025,0.0379999999999999,-2147.026,-2092.656,-54.36999999999989,0.0709999999999999,0.0729999999999999
all_to_all_graph19_n64_d0p5,64,0.5,5,1000,-2096.362,-2049.756,-46.60600000000022,0.0299999999999999,0.033,-2145.592,-2093.56,-52.03200000000015,0.084,0.063
all_to_all_graph19_n64_d0p5,64,0.5,6,1000,-2081.79,-2057.658,-24.132000000000065,0.028,0.02,-2124.42,-2089.198,-35.22200000000021,0.048,0.039
all_to_all_graph19_n64_d0p5,64,0.5,7,1000,-2100.21,-2056.322,-43.88799999999992,0.0539999999999999,0.021,-2148.104,-2100.236,-47.86799999999994,0.114,0.057
all_to_all_graph19_n64_d0p5,64,0.5,8,1000,-2083.786,-2045.784,-38.00199999999995,0.0179999999999999,0.02,-2125.456,-2089.948,-35.508000000000266,0.0589999999999999,0.058
all_to_all_graph19_n64_d0p5,64,0.5,9,1000,-2099.338,-2054.844,-44.49400000000014,0.017,0.0219999999999999,-2136.894,-2097.504,-39.38999999999987,0.0609999999999999,0.0589999999999999
all_to_all_graph19_n64_d0p5,64,0.5,10,1000,-2074.86,-2046.92,-27.94000000000005,0.016,0.0179999999999999,-2125.244,-2097.118,-28.126000000000204,0.0369999999999999,0.0509999999999999
all_to_all_graph0_n64_d0p7,64,0.7,1,1000,-2735.566,-2629.934,-105.6319999999996,0.0929999999999999,0.0219999999999999,-2780.298,-2688.82,-91.4779999999996,0.185,0.1019999999999999
all_to_all_graph0_n64_d0p7,64,0.7,2,1000,-2778.832,-2616.686,-162.14599999999973,0.219,0.066,-2811.78,-2683.87,-127.91000000000032,0.245,0.0879999999999999
all_to_all_graph0_n64_d0p7,64,0.7,3,1000,-2741.224,-2645.11,-96.11400000000003,0.114,0.079,-2786.138,-2707.178,-78.96000000000004,0.197,0.117
all_to_all_graph0_n64_d0p7,64,0.7,4,1000,-2726.466,-2650.038,-76.42799999999987,0.0909999999999999,0.055,-2766.982,-2708.216,-58.76600000000008,0.122,0.12
all_to_all_graph0_n64_d0p7,64,0.7,5,1000,-2713.392,-2611.034,-102.35799999999972,0.0869999999999999,0.025,-2763.55,-2677.164,-86.38599999999997,0.1749999999999999,0.106
all_to_all_graph0_n64_d0p7,64,0.7,6,1000,-2734.784,-2661.216,-73.56800000000021,0.0859999999999999,0.0719999999999999,-2775.338,-2715.658,-59.68000000000029,0.168,0.11
all_to_all_graph0_n64_d0p7,64,0.7,7,1000,-2731.072,-2618.172,-112.90000000000008,0.13,0.0709999999999999,-2778.454,-2672.222,-106.23199999999996,0.153,0.0899999999999999
all_to_all_graph0_n64_d0p7,64,0.7,8,1000,-2725.298,-2638.094,-87.20399999999971,0.0769999999999999,0.0449999999999999,-2772.348,-2702.806,-69.54199999999992,0.1019999999999999,0.08
all_to_all_graph0_n64_d0p7,64,0.7,9,1000,-2781.474,-2684.224,-97.25,0.203,0.152,-2808.22,-2746.768,-61.45199999999977,0.2359999999999999,0.2109999999999999
all_to_all_graph0_n64_d0p7,64,0.7,10,1000,-2750.734,-2676.36,-74.3739999999998,0.1,0.0899999999999999,-2786.41,-2730.708,-55.70199999999977,0.124,0.113
all_to_all_graph1_n64_d0p7,64,0.7,1,1000,-2795.598,-2663.22,-132.37800000000016,0.22,0.0749999999999999,-2844.52,-2728.034,-116.48599999999988,0.4799999999999999,0.271
all_to_all_graph1_n64_d0p7,64,0.7,2,1000,-2710.864,-2642.55,-68.31399999999985,0.1019999999999999,0.041,-2784.438,-2722.848,-61.59000000000015,0.2979999999999999,0.192
all_to_all_graph1_n64_d0p7,64,0.7,3,1000,-2761.784,-2654.532,-107.25199999999997,0.135,0.079,-2801.0,-2725.856,-75.14399999999978,0.323,0.232
all_to_all_graph1_n64_d0p7,64,0.7,4,1000,-2726.902,-2614.97,-111.93200000000024,0.0599999999999999,0.031,-2792.976,-2695.542,-97.4340000000002,0.275,0.158
all_to_all_graph1_n64_d0p7,64,0.7,5,1000,-2758.21,-2645.256,-112.95400000000018,0.1799999999999999,0.058,-2791.822,-2702.956,-88.86599999999999,0.26,0.1469999999999999
all_to_all_graph1_n64_d0p7,64,0.7,6,1000,-2781.982,-2665.876,-116.10599999999975,0.331,0.135,-2815.296,-2722.534,-92.76199999999972,0.3669999999999999,0.184
all_to_all_graph1_n64_d0p7,64,0.7,7,1000,-2716.716,-2642.782,-73.93399999999974,0.132,0.1029999999999999,-2769.11,-2719.814,-49.29600000000028,0.247,0.189
all_to_all_graph1_n64_d0p7,64,0.7,8,1000,-2762.166,-2666.138,-96.02800000000023,0.2089999999999999,0.095,-2798.194,-2721.426,-76.76800000000003,0.3029999999999999,0.171
all_to_all_graph1_n64_d0p7,64,0.7,9,1000,-2765.478,-2636.732,-128.74600000000007,0.271,0.114,-2810.452,-2700.952,-109.5,0.3669999999999999,0.1759999999999999
all_to_all_graph1_n64_d0p7,64,0.7,10,1000,-2764.704,-2638.354,-126.35000000000036,0.115,0.025,-2812.07,-2706.172,-105.89800000000014,0.28,0.164
all_to_all_graph2_n64_d0p7,64,0.7,1,1000,-2488.626,-2415.05,-73.57600000000002,0.0179999999999999,0.016,-2526.78,-2470.674,-56.10600000000022,0.0589999999999999,0.0369999999999999
all_to_all_graph2_n64_d0p7,64,0.7,2,1000,-2492.68,-2424.678,-68.00199999999995,0.0299999999999999,0.014,-2530.406,-2469.554,-60.851999999999855,0.1019999999999999,0.0259999999999999
all_to_all_graph2_n64_d0p7,64,0.7,3,1000,-2490.03,-2414.296,-75.73400000000038,0.048,0.017,-2526.602,-2467.004,-59.59799999999996,0.0729999999999999,0.027
all_to_all_graph2_n64_d0p7,64,0.7,4,1000,-2498.706,-2431.244,-67.46199999999999,0.039,0.012,-2531.384,-2478.572,-52.8119999999999,0.098,0.0429999999999999
all_to_all_graph2_n64_d0p7,64,0.7,5,1000,-2506.108,-2429.64,-76.4680000000003,0.029,0.024,-2543.104,-2481.894,-61.21000000000004,0.083,0.0449999999999999
all_to_all_graph2_n64_d0p7,64,0.7,6,1000,-2519.334,-2419.768,-99.5659999999998,0.0299999999999999,0.023,-2553.916,-2473.644,-80.2720000000004,0.0759999999999999,0.057
all_to_all_graph2_n64_d0p7,64,0.7,7,1000,-2513.644,-2434.02,-79.6239999999998,0.023,0.017,-2544.926,-2482.092,-62.83399999999983,0.0909999999999999,0.057
all_to_all_graph2_n64_d0p7,64,0.7,8,1000,-2493.7,-2412.27,-81.42999999999982,0.0459999999999999,0.0149999999999999,-2533.86,-2461.316,-72.54400000000032,0.0879999999999999,0.041
all_to_all_graph2_n64_d0p7,64,0.7,9,1000,-2498.856,-2433.436,-65.42000000000007,0.0369999999999999,0.016,-2533.926,-2477.906,-56.01999999999998,0.0709999999999999,0.039
all_to_all_graph2_n64_d0p7,64,0.7,10,1000,-2500.814,-2430.174,-70.63999999999987,0.063,0.0259999999999999,-2539.52,-2478.11,-61.409999999999854,0.11,0.0599999999999999
all_to_all_graph3_n64_d0p7,64,0.7,1,1000,-2479.538,-2400.252,-79.28600000000006,0.034,0.035,-2515.716,-2450.306,-65.40999999999985,0.0909999999999999,0.0519999999999999
all_to_all_graph3_n64_d0p7,64,0.7,2,1000,-2484.654,-2406.916,-77.73799999999984,0.069,0.055,-2521.422,-2458.116,-63.30600000000004,0.134,0.0729999999999999
all_to_all_graph3_n64_d0p7,64,0.7,3,1000,-2469.222,-2391.252,-77.97000000000025,0.019,0.017,-2505.376,-2441.644,-63.732000000000426,0.0709999999999999,0.035
all_to_all_graph3_n64_d0p7,64,0.7,4,1000,-2475.89,-2399.674,-76.2159999999999,0.021,0.035,-2508.074,-2446.142,-61.93200000000024,0.084,0.0599999999999999
all_to_all_graph3_n64_d0p7,64,0.7,5,1000,-2471.41,-2401.438,-69.97199999999975,0.082,0.006,-2505.208,-2453.56,-51.64800000000014,0.1179999999999999,0.0369999999999999
all_to_all_graph3_n64_d0p7,64,0.7,6,1000,-2464.88,-2387.256,-77.62400000000025,0.027,0.021,-2496.434,-2438.966,-57.4680000000003,0.056,0.0609999999999999
all_to_all_graph3_n64_d0p7,64,0.7,7,1000,-2458.304,-2389.828,-68.47600000000011,0.0129999999999999,0.002,-2494.984,-2451.456,-43.52799999999979,0.08,0.0519999999999999
all_to_all_graph3_n64_d0p7,64,0.7,8,1000,-2445.414,-2383.818,-61.596,0.056,0.01,-2486.19,-2438.69,-47.5,0.1029999999999999,0.0539999999999999
all_to_all_graph3_n64_d0p7,64,0.7,9,1000,-2471.576,-2392.598,-78.97800000000007,0.0179999999999999,0.04,-2507.266,-2440.888,-66.37800000000016,0.085,0.066
all_to_all_graph3_n64_d0p7,64,0.7,10,1000,-2482.358,-2381.76,-100.59799999999996,0.079,0.0149999999999999,-2519.408,-2441.922,-77.48599999999988,0.135,0.0369999999999999
all_to_all_graph4_n64_d0p7,64,0.7,1,1000,-2571.196,-2478.722,-92.47399999999969,0.112,0.029,-2612.278,-2544.154,-68.1239999999998,0.1729999999999999,0.0709999999999999
all_to_all_graph4_n64_d0p7,64,0.7,2,1000,-2581.482,-2493.028,-88.45400000000019,0.079,0.032,-2613.81,-2550.248,-63.5619999999999,0.154,0.0929999999999999
all_to_all_graph4_n64_d0p7,64,0.7,3,1000,-2580.7,-2496.124,-84.57600000000002,0.08,0.0539999999999999,-2616.466,-2547.256,-69.21000000000004,0.1189999999999999,0.083
all_to_all_graph4_n64_d0p7,64,0.7,4,1000,-2588.016,-2504.176,-83.84000000000015,0.109,0.0729999999999999,-2618.654,-2552.078,-66.57600000000002,0.1419999999999999,0.095
all_to_all_graph4_n64_d0p7,64,0.7,5,1000,-2583.588,-2482.962,-100.6260000000002,0.106,0.033,-2620.304,-2531.32,-88.98399999999992,0.1769999999999999,0.0729999999999999
all_to_all_graph4_n64_d0p7,64,0.7,6,1000,-2575.396,-2474.112,-101.28400000000012,0.0739999999999999,0.027,-2616.114,-2537.256,-78.85800000000017,0.1409999999999999,0.057
all_to_all_graph4_n64_d0p7,64,0.7,7,1000,-2551.97,-2473.338,-78.6319999999996,0.0729999999999999,0.031,-2594.69,-2525.366,-69.32400000000007,0.115,0.067
all_to_all_graph4_n64_d0p7,64,0.7,8,1000,-2576.608,-2486.176,-90.43200000000024,0.056,0.032,-2607.232,-2538.836,-68.39600000000019,0.104,0.058
all_to_all_graph4_n64_d0p7,64,0.7,9,1000,-2612.25,-2478.904,-133.346,0.2389999999999999,0.039,-2644.254,-2537.456,-106.79799999999976,0.2889999999999999,0.0869999999999999
all_to_all_graph4_n64_d0p7,64,0.7,10,1000,-2557.612,-2470.166,-87.4459999999999,0.109,0.0429999999999999,-2606.62,-2536.85,-69.76999999999998,0.162,0.0769999999999999
all_to_all_graph5_n64_d0p7,64,0.7,1,1000,-2462.988,-2414.318,-48.66999999999962,0.008,0.01,-2493.164,-2456.522,-36.64200000000028,0.0129999999999999,0.012
all_to_all_graph5_n64_d0p7,64,0.7,2,1000,-2467.57,-2392.012,-75.55799999999998,0.031,0.017,-2501.128,-2443.696,-57.43200000000024,0.0449999999999999,0.0299999999999999
all_to_all_graph5_n64_d0p7,64,0.7,3,1000,-2476.266,-2417.094,-59.172000000000025,0.028,0.027,-2503.766,-2455.012,-48.75399999999991,0.034,0.031
all_to_all_graph5_n64_d0p7,64,0.7,4,1000,-2462.688,-2403.24,-59.44800000000032,0.002,0.005,-2496.646,-2449.086,-47.5600000000004,0.029,0.0179999999999999
all_to_all_graph5_n64_d0p7,64,0.7,5,1000,-2476.654,-2419.068,-57.585999999999785,0.0109999999999999,0.003,-2506.262,-2461.58,-44.68200000000024,0.0299999999999999,0.0219999999999999
all_to_all_graph5_n64_d0p7,64,0.7,6,1000,-2480.924,-2432.484,-48.440000000000055,0.0369999999999999,0.027,-2512.468,-2467.296,-45.172000000000025,0.049,0.0299999999999999
all_to_all_graph5_n64_d0p7,64,0.7,7,1000,-2464.402,-2404.588,-59.81399999999985,0.021,0.0109999999999999,-2498.436,-2450.872,-47.56400000000031,0.027,0.023
all_to_all_graph5_n64_d0p7,64,0.7,8,1000,-2475.646,-2413.338,-62.30799999999999,0.016,0.033,-2508.462,-2459.524,-48.938000000000095,0.0369999999999999,0.039
all_to_all_graph5_n64_d0p7,64,0.7,9,1000,-2484.894,-2437.382,-47.51199999999972,0.048,0.016,-2504.436,-2469.56,-34.876000000000204,0.0519999999999999,0.023
all_to_all_graph5_n64_d0p7,64,0.7,10,1000,-2474.096,-2410.596,-63.5,0.0129999999999999,0.008,-2500.638,-2455.374,-45.26400000000013,0.0429999999999999,0.042
all_to_all_graph6_n64_d0p7,64,0.7,1,1000,-2565.248,-2483.7,-81.54800000000024,0.0379999999999999,0.0129999999999999,-2594.812,-2522.46,-72.35199999999986,0.0519999999999999,0.0259999999999999
all_to_all_graph6_n64_d0p7,64,0.7,2,1000,-2555.262,-2488.244,-67.01800000000003,0.0609999999999999,0.008,-2588.36,-2527.024,-61.33600000000024,0.094,0.031
all_to_all_graph6_n64_d0p7,64,0.7,3,1000,-2547.932,-2462.592,-85.33999999999969,0.0599999999999999,0.025,-2585.044,-2510.436,-74.60799999999972,0.0719999999999999,0.035
all_to_all_graph6_n64_d0p7,64,0.7,4,1000,-2571.344,-2493.97,-77.37400000000025,0.097,0.0459999999999999,-2603.66,-2545.174,-58.48599999999988,0.113,0.0599999999999999
all_to_all_graph6_n64_d0p7,64,0.7,5,1000,-2567.626,-2481.308,-86.31800000000021,0.0749999999999999,0.0509999999999999,-2599.168,-2533.324,-65.84400000000005,0.096,0.0769999999999999
all_to_all_graph6_n64_d0p7,64,0.7,6,1000,-2559.29,-2468.678,-90.61200000000008,0.0429999999999999,0.033,-2586.386,-2521.506,-64.88000000000011,0.0509999999999999,0.041
all_to_all_graph6_n64_d0p7,64,0.7,7,1000,-2569.332,-2483.542,-85.78999999999996,0.064,0.039,-2598.934,-2532.944,-65.99000000000024,0.126,0.05
all_to_all_graph6_n64_d0p7,64,0.7,8,1000,-2536.736,-2461.482,-75.2539999999999,0.031,0.0299999999999999,-2573.68,-2515.242,-58.43799999999965,0.0519999999999999,0.0379999999999999
all_to_all_graph6_n64_d0p7,64,0.7,9,1000,-2575.266,-2472.568,-102.69799999999988,0.0369999999999999,0.0129999999999999,-2603.8,-2523.504,-80.29600000000028,0.094,0.0599999999999999
all_to_all_graph6_n64_d0p7,64,0.7,10,1000,-2576.912,-2478.492,-98.41999999999962,0.114,0.019,-2610.86,-2531.178,-79.68200000000024,0.135,0.04
all_to_all_graph7_n64_d0p7,64,0.7,1,1000,-2591.162,-2480.848,-110.31399999999984,0.039,0.033,-2635.926,-2547.978,-87.94799999999985,0.0589999999999999,0.0449999999999999
all_to_all_graph7_n64_d0p7,64,0.7,2,1000,-2615.528,-2559.988,-55.53999999999997,0.062,0.0259999999999999,-2659.258,-2603.856,-55.40199999999959,0.105,0.065
all_to_all_graph7_n64_d0p7,64,0.7,3,1000,-2627.454,-2552.168,-75.28600000000006,0.012,0.063,-2665.182,-2598.986,-66.19599999999991,0.116,0.104
all_to_all_graph7_n64_d0p7,64,0.7,4,1000,-2605.7,-2531.676,-74.02399999999987,0.039,0.049,-2644.824,-2585.996,-58.827999999999975,0.099,0.083
all_to_all_graph7_n64_d0p7,64,0.7,5,1000,-2618.474,-2549.372,-69.10200000000032,0.082,0.024,-2649.748,-2599.064,-50.6840000000002,0.104,0.069
all_to_all_graph7_n64_d0p7,64,0.7,6,1000,-2598.612,-2504.28,-94.33199999999988,0.01,0.016,-2640.636,-2570.562,-70.07400000000007,0.078,0.035
all_to_all_graph7_n64_d0p7,64,0.7,7,1000,-2635.374,-2547.544,-87.82999999999991,0.166,0.0379999999999999,-2669.824,-2598.354,-71.47000000000025,0.188,0.058
all_to_all_graph7_n64_d0p7,64,0.7,8,1000,-2618.4,-2492.668,-125.73199999999996,0.222,0.016,-2657.314,-2570.754,-86.55999999999993,0.253,0.042
all_to_all_graph7_n64_d0p7,64,0.7,9,1000,-2616.154,-2550.538,-65.61599999999999,0.108,0.007,-2668.962,-2610.46,-58.50199999999995,0.1449999999999999,0.0529999999999999
all_to_all_graph7_n64_d0p7,64,0.7,10,1000,-2624.24,-2525.866,-98.37399999999981,0.029,0.029,-2665.32,-2584.678,-80.64200000000028,0.1419999999999999,0.063
all_to_all_graph8_n64_d0p7,64,0.7,1,1000,-2678.858,-2573.49,-105.3680000000004,0.085,0.017,-2717.752,-2636.072,-81.67999999999982,0.1429999999999999,0.0529999999999999
all_to_all_graph8_n64_d0p7,64,0.7,2,1000,-2671.37,-2588.03,-83.33999999999969,0.0439999999999999,0.014,-2712.726,-2639.602,-73.12400000000025,0.136,0.055
all_to_all_graph8_n64_d0p7,64,0.7,3,1000,-2697.302,-2583.578,-113.72400000000016,0.111,0.029,-2731.04,-2644.514,-86.52599999999984,0.195,0.113
all_to_all_graph8_n64_d0p7,64,0.7,4,1000,-2657.768,-2562.004,-95.76400000000012,0.0459999999999999,0.019,-2704.888,-2632.488,-72.40000000000009,0.125,0.0889999999999999
all_to_all_graph8_n64_d0p7,64,0.7,5,1000,-2665.65,-2579.584,-86.06600000000026,0.025,0.017,-2712.244,-2646.132,-66.11200000000008,0.07,0.0749999999999999
all_to_all_graph8_n64_d0p7,64,0.7,6,1000,-2665.634,-2566.616,-99.01800000000003,0.0589999999999999,0.023,-2711.69,-2641.042,-70.64800000000014,0.1029999999999999,0.084
all_to_all_graph8_n64_d0p7,64,0.7,7,1000,-2684.852,-2566.142,-118.71000000000004,0.082,0.0299999999999999,-2723.878,-2626.724,-97.154,0.1429999999999999,0.08
all_to_all_graph8_n64_d0p7,64,0.7,8,1000,-2681.612,-2586.338,-95.27399999999987,0.063,0.0299999999999999,-2721.394,-2639.274,-82.11999999999989,0.112,0.081
all_to_all_graph8_n64_d0p7,64,0.7,9,1000,-2690.59,-2584.028,-106.56200000000037,0.0599999999999999,0.0259999999999999,-2734.38,-2636.106,-98.27399999999987,0.133,0.062
all_to_all_graph8_n64_d0p7,64,0.7,10,1000,-2682.528,-2569.48,-113.04799999999976,0.0749999999999999,0.029,-2720.966,-2639.88,-81.08599999999977,0.116,0.065
all_to_all_graph9_n64_d0p7,64,0.7,1,1000,-2789.166,-2672.764,-116.40200000000004,0.1409999999999999,0.114,-2832.384,-2735.496,-96.88799999999992,0.2429999999999999,0.154
all_to_all_graph9_n64_d0p7,64,0.7,2,1000,-2779.114,-2668.592,-110.52199999999992,0.123,0.049,-2826.258,-2736.38,-89.8779999999997,0.198,0.114
all_to_all_graph9_n64_d0p7,64,0.7,3,1000,-2788.86,-2680.606,-108.25399999999992,0.154,0.056,-2831.58,-2748.658,-82.92200000000001,0.221,0.0929999999999999
all_to_all_graph9_n64_d0p7,64,0.7,4,1000,-2787.356,-2683.136,-104.22000000000024,0.165,0.115,-2831.184,-2750.136,-81.04800000000024,0.2409999999999999,0.155
all_to_all_graph9_n64_d0p7,64,0.7,5,1000,-2751.608,-2682.028,-69.58000000000038,0.065,0.094,-2811.634,-2744.764,-66.86999999999989,0.2079999999999999,0.1499999999999999
all_to_all_graph9_n64_d0p7,64,0.7,6,1000,-2763.3,-2653.354,-109.94600000000035,0.1429999999999999,0.0729999999999999,-2818.4,-2730.616,-87.78400000000009,0.2069999999999999,0.1189999999999999
all_to_all_graph9_n64_d0p7,64,0.7,7,1000,-2777.892,-2675.198,-102.69399999999996,0.186,0.0909999999999999,-2821.174,-2731.168,-90.00599999999987,0.216,0.121
all_to_all_graph9_n64_d0p7,64,0.7,8,1000,-2790.442,-2667.932,-122.51000000000022,0.126,0.031,-2830.936,-2741.952,-88.98399999999992,0.183,0.0929999999999999
all_to_all_graph9_n64_d0p7,64,0.7,9,1000,-2777.648,-2684.172,-93.47600000000013,0.115,0.097,-2824.856,-2752.972,-71.88400000000001,0.2089999999999999,0.1469999999999999
all_to_all_graph9_n64_d0p7,64,0.7,10,1000,-2781.434,-2694.178,-87.2560000000003,0.0459999999999999,0.05,-2824.664,-2760.798,-63.86600000000044,0.152,0.155
all_to_all_graph10_n64_d0p7,64,0.7,1,1000,-2575.022,-2472.13,-102.89199999999984,0.0719999999999999,0.027,-2608.648,-2526.544,-82.10400000000027,0.1029999999999999,0.05
all_to_all_graph10_n64_d0p7,64,0.7,2,1000,-2569.828,-2469.266,-100.5619999999999,0.0369999999999999,0.017,-2614.258,-2537.544,-76.71399999999994,0.058,0.0429999999999999
all_to_all_graph10_n64_d0p7,64,0.7,3,1000,-2565.938,-2482.156,-83.78200000000014,0.035,0.028,-2611.536,-2547.342,-64.19399999999996,0.0439999999999999,0.055
all_to_all_graph10_n64_d0p7,64,0.7,4,1000,-2603.938,-2503.948,-99.99000000000024,0.0589999999999999,0.055,-2627.598,-2547.126,-80.47199999999974,0.116,0.078
all_to_all_graph10_n64_d0p7,64,0.7,5,1000,-2589.082,-2491.61,-97.47199999999977,0.067,0.016,-2620.932,-2545.794,-75.13799999999992,0.123,0.0589999999999999
all_to_all_graph10_n64_d0p7,64,0.7,6,1000,-2586.884,-2472.648,-114.23599999999988,0.079,0.056,-2625.426,-2531.392,-94.03400000000009,0.192,0.083
all_to_all_graph10_n64_d0p7,64,0.7,7,1000,-2586.228,-2500.102,-86.12600000000019,0.067,0.047,-2621.044,-2551.818,-69.22599999999966,0.0869999999999999,0.0529999999999999
all_to_all_graph10_n64_d0p7,64,0.7,8,1000,-2590.486,-2479.974,-110.51199999999972,0.094,0.039,-2622.234,-2532.826,-89.4079999999999,0.1189999999999999,0.0589999999999999
all_to_all_graph10_n64_d0p7,64,0.7,9,1000,-2587.73,-2499.302,-88.42799999999987,0.0909999999999999,0.032,-2619.246,-2544.15,-75.096,0.12,0.0459999999999999
all_to_all_graph10_n64_d0p7,64,0.7,10,1000,-2580.378,-2485.202,-95.17599999999992,0.004,0.0149999999999999,-2613.812,-2537.812,-76.0,0.0739999999999999,0.05
all_to_all_graph11_n64_d0p7,64,0.7,1,1000,-2617.18,-2538.444,-78.73599999999988,0.004,0.001,-2662.728,-2598.108,-64.61999999999989,0.0739999999999999,0.058
all_to_all_graph11_n64_d0p7,64,0.7,2,1000,-2617.544,-2552.43,-65.11400000000003,0.042,0.047,-2658.878,-2603.552,-55.326000000000015,0.094,0.078
all_to_all_graph11_n64_d0p7,64,0.7,3,1000,-2621.61,-2543.374,-78.23600000000033,0.0369999999999999,0.0259999999999999,-2663.54,-2598.25,-65.28999999999996,0.063,0.064
all_to_all_graph11_n64_d0p7,64,0.7,4,1000,-2621.106,-2555.574,-65.53200000000015,0.01,0.006,-2660.346,-2608.112,-52.23399999999992,0.0739999999999999,0.0449999999999999
all_to_all_graph11_n64_d0p7,64,0.7,5,1000,-2636.17,-2548.228,-87.942,0.0429999999999999,0.0299999999999999,-2663.43,-2599.976,-63.45399999999973,0.0869999999999999,0.062
all_to_all_graph11_n64_d0p7,64,0.7,6,1000,-2625.61,-2551.736,-73.87400000000025,0.029,0.033,-2664.524,-2606.464,-58.059999999999945,0.067,0.0609999999999999
all_to_all_graph11_n64_d0p7,64,0.7,7,1000,-2628.796,-2551.108,-77.68799999999965,0.031,0.031,-2666.888,-2603.622,-63.26600000000008,0.0529999999999999,0.0519999999999999
all_to_all_graph11_n64_d0p7,64,0.7,8,1000,-2595.832,-2536.51,-59.32199999999966,0.0129999999999999,0.006,-2646.958,-2593.698,-53.26000000000022,0.0729999999999999,0.032
all_to_all_graph11_n64_d0p7,64,0.7,9,1000,-2621.638,-2566.686,-54.95199999999977,0.0359999999999999,0.0359999999999999,-2657.85,-2608.132,-49.71799999999985,0.0509999999999999,0.0439999999999999
all_to_all_graph11_n64_d0p7,64,0.7,10,1000,-2619.79,-2559.618,-60.172000000000025,0.001,0.0,-2656.922,-2607.39,-49.53200000000015,0.0599999999999999,0.0519999999999999
all_to_all_graph12_n64_d0p7,64,0.7,1,1000,-2536.722,-2461.84,-74.88200000000006,0.019,0.0109999999999999,-2567.1,-2510.476,-56.6239999999998,0.048,0.0509999999999999
all_to_all_graph12_n64_d0p7,64,0.7,2,1000,-2522.996,-2459.586,-63.41000000000031,0.032,0.02,-2556.582,-2503.012,-53.5699999999997,0.065,0.048
all_to_all_graph12_n64_d0p7,64,0.7,3,1000,-2522.578,-2453.234,-69.34400000000005,0.047,0.033,-2552.162,-2495.8,-56.361999999999625,0.0919999999999999,0.056
all_to_all_graph12_n64_d0p7,64,0.7,4,1000,-2514.668,-2447.27,-67.39800000000014,0.0379999999999999,0.01,-2549.93,-2496.036,-53.89399999999978,0.0599999999999999,0.04
all_to_all_graph12_n64_d0p7,64,0.7,5,1000,-2525.058,-2446.356,-78.70199999999977,0.027,0.023,-2560.274,-2496.614,-63.659999999999854,0.0589999999999999,0.057
all_to_all_graph12_n64_d0p7,64,0.7,6,1000,-2509.022,-2458.902,-50.11999999999989,0.055,0.0519999999999999,-2546.99,-2500.166,-46.823999999999614,0.067,0.063
all_to_all_graph12_n64_d0p7,64,0.7,7,1000,-2501.63,-2449.732,-51.89800000000014,0.024,0.021,-2532.922,-2492.022,-40.90000000000009,0.033,0.041
all_to_all_graph12_n64_d0p7,64,0.7,8,1000,-2525.618,-2462.528,-63.09000000000015,0.033,0.041,-2555.094,-2501.834,-53.26000000000022,0.039,0.049
all_to_all_graph12_n64_d0p7,64,0.7,9,1000,-2525.152,-2445.744,-79.4079999999999,0.027,0.025,-2558.786,-2498.708,-60.077999999999975,0.0459999999999999,0.0369999999999999
all_to_all_graph12_n64_d0p7,64,0.7,10,1000,-2523.292,-2463.148,-60.14399999999978,0.0379999999999999,0.029,-2556.404,-2503.104,-53.300000000000175,0.083,0.05
all_to_all_graph13_n64_d0p7,64,0.7,1,1000,-2521.632,-2452.434,-69.19799999999987,0.0519999999999999,0.031,-2557.65,-2502.244,-55.40599999999994,0.117,0.08
all_to_all_graph13_n64_d0p7,64,0.7,2,1000,-2509.808,-2448.122,-61.68600000000015,0.0429999999999999,0.0299999999999999,-2541.96,-2490.884,-51.076000000000015,0.0899999999999999,0.065
all_to_all_graph13_n64_d0p7,64,0.7,3,1000,-2531.436,-2456.526,-74.91000000000032,0.0739999999999999,0.0539999999999999,-2563.254,-2509.416,-53.83799999999974,0.112,0.084
all_to_all_graph13_n64_d0p7,64,0.7,4,1000,-2516.094,-2435.48,-80.61400000000003,0.0369999999999999,0.047,-2548.088,-2502.816,-45.27200000000039,0.094,0.0889999999999999
all_to_all_graph13_n64_d0p7,64,0.7,5,1000,-2523.6,-2463.168,-60.43199999999978,0.0859999999999999,0.096,-2555.642,-2508.778,-46.86400000000003,0.11,0.128
all_to_all_graph13_n64_d0p7,64,0.7,6,1000,-2527.336,-2453.536,-73.79999999999971,0.0899999999999999,0.0219999999999999,-2561.534,-2497.018,-64.51600000000008,0.127,0.049
all_to_all_graph13_n64_d0p7,64,0.7,7,1000,-2518.626,-2434.614,-84.01200000000017,0.0589999999999999,0.016,-2555.124,-2488.138,-66.98599999999988,0.128,0.067
all_to_all_graph13_n64_d0p7,64,0.7,8,1000,-2514.868,-2467.764,-47.10399999999981,0.033,0.023,-2546.402,-2514.122,-32.2800000000002,0.08,0.084
all_to_all_graph13_n64_d0p7,64,0.7,9,1000,-2515.582,-2435.644,-79.9380000000001,0.057,0.024,-2553.404,-2490.06,-63.34400000000005,0.104,0.0609999999999999
all_to_all_graph13_n64_d0p7,64,0.7,10,1000,-2522.216,-2464.936,-57.27999999999975,0.0459999999999999,0.031,-2557.136,-2511.542,-45.59400000000005,0.136,0.081
all_to_all_graph14_n64_d0p7,64,0.7,1,1000,-2589.6,-2510.434,-79.16599999999971,0.007,0.016,-2624.214,-2556.496,-67.71799999999985,0.057,0.048
all_to_all_graph14_n64_d0p7,64,0.7,2,1000,-2586.348,-2499.236,-87.11200000000008,0.016,0.0,-2628.57,-2558.442,-70.12800000000016,0.064,0.042
all_to_all_graph14_n64_d0p7,64,0.7,3,1000,-2582.84,-2493.034,-89.80600000000004,0.027,0.008,-2620.12,-2542.248,-77.87199999999984,0.05,0.014
all_to_all_graph14_n64_d0p7,64,0.7,4,1000,-2613.374,-2519.972,-93.4019999999996,0.01,0.027,-2646.164,-2566.336,-79.82800000000043,0.0519999999999999,0.0369999999999999
all_to_all_graph14_n64_d0p7,64,0.7,5,1000,-2586.898,-2496.596,-90.30200000000013,0.0519999999999999,0.01,-2629.738,-2551.766,-77.97199999999974,0.114,0.025
all_to_all_graph14_n64_d0p7,64,0.7,6,1000,-2604.026,-2500.188,-103.83799999999974,0.153,0.014,-2641.118,-2559.506,-81.61200000000008,0.158,0.028
all_to_all_graph14_n64_d0p7,64,0.7,7,1000,-2594.756,-2494.888,-99.86799999999994,0.0749999999999999,0.0109999999999999,-2629.994,-2547.2,-82.79400000000032,0.085,0.023
all_to_all_graph14_n64_d0p7,64,0.7,8,1000,-2591.168,-2505.042,-86.12600000000019,0.023,0.021,-2638.95,-2563.178,-75.77199999999993,0.0739999999999999,0.049
all_to_all_graph14_n64_d0p7,64,0.7,9,1000,-2583.082,-2488.774,-94.308,0.068,0.047,-2618.994,-2545.562,-73.43200000000024,0.08,0.0589999999999999
all_to_all_graph14_n64_d0p7,64,0.7,10,1000,-2589.5,-2510.036,-79.46399999999994,0.0539999999999999,0.008,-2629.11,-2566.324,-62.78600000000006,0.067,0.031
all_to_all_graph15_n64_d0p7,64,0.7,1,1000,-2403.998,-2327.694,-76.30400000000007,0.0179999999999999,0.012,-2443.246,-2383.95,-59.29600000000028,0.05,0.021
all_to_all_graph15_n64_d0p7,64,0.7,2,1000,-2418.086,-2337.684,-80.4019999999996,0.0179999999999999,0.019,-2457.592,-2390.404,-67.1880000000001,0.095,0.042
all_to_all_graph15_n64_d0p7,64,0.7,3,1000,-2439.292,-2366.97,-72.32200000000012,0.0869999999999999,0.021,-2468.042,-2413.324,-54.71799999999985,0.13,0.08
all_to_all_graph15_n64_d0p7,64,0.7,4,1000,-2398.81,-2338.238,-60.57200000000012,0.034,0.0179999999999999,-2440.824,-2388.744,-52.07999999999993,0.085,0.049
all_to_all_graph15_n64_d0p7,64,0.7,5,1000,-2403.422,-2333.88,-69.54199999999992,0.0459999999999999,0.028,-2437.82,-2394.872,-42.94800000000032,0.066,0.057
all_to_all_graph15_n64_d0p7,64,0.7,6,1000,-2403.05,-2321.342,-81.70800000000008,0.027,0.014,-2442.752,-2374.3,-68.45199999999977,0.0609999999999999,0.029
all_to_all_graph15_n64_d0p7,64,0.7,7,1000,-2422.528,-2332.162,-90.36599999999999,0.042,0.0129999999999999,-2455.748,-2386.314,-69.4340000000002,0.063,0.028
all_to_all_graph15_n64_d0p7,64,0.7,8,1000,-2412.068,-2334.194,-77.87400000000025,0.055,0.027,-2448.212,-2385.85,-62.36200000000008,0.14,0.049
all_to_all_graph15_n64_d0p7,64,0.7,9,1000,-2434.104,-2330.53,-103.5739999999996,0.065,0.014,-2460.038,-2379.152,-80.88599999999997,0.08,0.0359999999999999
all_to_all_graph15_n64_d0p7,64,0.7,10,1000,-2429.412,-2353.946,-75.4659999999999,0.048,0.031,-2464.452,-2405.558,-58.89400000000023,0.0729999999999999,0.057
all_to_all_graph16_n64_d0p7,64,0.7,1,1000,-2667.444,-2589.432,-78.01200000000017,0.121,0.041,-2701.03,-2647.218,-53.81200000000035,0.156,0.081
all_to_all_graph16_n64_d0p7,64,0.7,2,1000,-2650.892,-2564.104,-86.78800000000001,0.0179999999999999,0.003,-2689.012,-2621.518,-67.49400000000014,0.107,0.078
all_to_all_graph16_n64_d0p7,64,0.7,3,1000,-2668.642,-2569.238,-99.404,0.0739999999999999,0.0369999999999999,-2699.918,-2625.56,-74.35800000000017,0.123,0.085
all_to_all_graph16_n64_d0p7,64,0.7,4,1000,-2662.614,-2593.796,-68.81800000000021,0.0859999999999999,0.042,-2692.284,-2639.948,-52.33600000000024,0.132,0.0739999999999999
all_to_all_graph16_n64_d0p7,64,0.7,5,1000,-2694.128,-2578.938,-115.19000000000004,0.2369999999999999,0.084,-2724.364,-2633.344,-91.01999999999998,0.26,0.124
all_to_all_graph16_n64_d0p7,64,0.7,6,1000,-2675.696,-2596.432,-79.26400000000012,0.1419999999999999,0.0529999999999999,-2707.684,-2646.508,-61.17600000000039,0.163,0.101
all_to_all_graph16_n64_d0p7,64,0.7,7,1000,-2669.722,-2586.198,-83.52400000000034,0.099,0.068,-2705.476,-2643.046,-62.43000000000029,0.17,0.125
all_to_all_graph16_n64_d0p7,64,0.7,8,1000,-2673.094,-2585.384,-87.71000000000004,0.12,0.0519999999999999,-2702.986,-2640.104,-62.88200000000006,0.1449999999999999,0.0889999999999999
all_to_all_graph16_n64_d0p7,64,0.7,9,1000,-2661.25,-2572.49,-88.76000000000022,0.057,0.007,-2708.634,-2635.544,-73.09000000000015,0.192,0.078
all_to_all_graph16_n64_d0p7,64,0.7,10,1000,-2654.312,-2574.22,-80.0920000000001,0.082,0.0359999999999999,-2694.678,-2632.652,-62.02599999999984,0.167,0.094
all_to_all_graph17_n64_d0p7,64,0.7,1,1000,-2478.018,-2421.276,-56.74200000000018,0.032,0.0219999999999999,-2515.33,-2471.594,-43.73599999999988,0.099,0.063
all_to_all_graph17_n64_d0p7,64,0.7,2,1000,-2478.83,-2421.42,-57.409999999999854,0.032,0.019,-2522.046,-2470.756,-51.28999999999997,0.095,0.063
all_to_all_graph17_n64_d0p7,64,0.7,3,1000,-2492.386,-2429.652,-62.73399999999992,0.041,0.0429999999999999,-2524.144,-2472.97,-51.17399999999998,0.078,0.0769999999999999
all_to_all_graph17_n64_d0p7,64,0.7,4,1000,-2504.262,-2427.302,-76.96000000000004,0.0129999999999999,0.0109999999999999,-2538.498,-2471.028,-67.47000000000025,0.0729999999999999,0.0609999999999999
all_to_all_graph17_n64_d0p7,64,0.7,5,1000,-2485.778,-2414.946,-70.83199999999988,0.04,0.02,-2519.662,-2463.326,-56.335999999999785,0.0729999999999999,0.049
all_to_all_graph17_n64_d0p7,64,0.7,6,1000,-2485.906,-2398.656,-87.25,0.0609999999999999,0.0299999999999999,-2526.558,-2460.596,-65.96199999999999,0.113,0.057
all_to_all_graph17_n64_d0p7,64,0.7,7,1000,-2490.318,-2411.478,-78.84000000000015,0.003,0.006,-2527.652,-2463.26,-64.39199999999983,0.0749999999999999,0.0379999999999999
all_to_all_graph17_n64_d0p7,64,0.7,8,1000,-2497.046,-2419.298,-77.74800000000003,0.106,0.0599999999999999,-2527.948,-2475.57,-52.377999999999695,0.128,0.096
all_to_all_graph17_n64_d0p7,64,0.7,9,1000,-2489.596,-2428.438,-61.1579999999999,0.058,0.029,-2520.812,-2464.536,-56.27599999999984,0.124,0.0609999999999999
all_to_all_graph17_n64_d0p7,64,0.7,10,1000,-2504.872,-2436.608,-68.26399999999967,0.055,0.041,-2531.75,-2477.056,-54.69399999999996,0.0919999999999999,0.0729999999999999
all_to_all_graph18_n64_d0p7,64,0.7,1,1000,-2718.48,-2606.056,-112.42399999999998,0.064,0.04,-2760.132,-2664.996,-95.13599999999997,0.188,0.0859999999999999
all_to_all_graph18_n64_d0p7,64,0.7,2,1000,-2779.466,-2658.638,-120.82799999999996,0.335,0.167,-2801.246,-2704.55,-96.69599999999993,0.342,0.1779999999999999
all_to_all_graph18_n64_d0p7,64,0.7,3,1000,-2727.858,-2629.966,-97.89200000000028,0.0599999999999999,0.068,-2790.696,-2697.26,-93.43599999999968,0.219,0.1439999999999999
all_to_all_graph18_n64_d0p7,64,0.7,4,1000,-2771.65,-2632.672,-138.9780000000001,0.274,0.1429999999999999,-2798.146,-2684.068,-114.07799999999996,0.314,0.163
all_to_all_graph18_n64_d0p7,64,0.7,5,1000,-2737.192,-2608.408,-128.78400000000013,0.159,0.0439999999999999,-2786.87,-2692.712,-94.1579999999999,0.277,0.122
all_to_all_graph18_n64_d0p7,64,0.7,6,1000,-2760.61,-2639.694,-120.91600000000015,0.135,0.084,-2795.352,-2691.462,-103.88999999999989,0.229,0.1189999999999999
all_to_all_graph18_n64_d0p7,64,0.7,7,1000,-2723.722,-2590.3,-133.42200000000005,0.226,0.078,-2758.944,-2658.748,-100.19599999999993,0.257,0.111
all_to_all_graph18_n64_d0p7,64,0.7,8,1000,-2750.356,-2623.174,-127.18200000000024,0.229,0.0889999999999999,-2790.17,-2685.198,-104.9720000000002,0.2909999999999999,0.183
all_to_all_graph18_n64_d0p7,64,0.7,9,1000,-2723.574,-2604.062,-119.51200000000016,0.07,0.025,-2779.758,-2679.44,-100.31799999999976,0.202,0.105
all_to_all_graph18_n64_d0p7,64,0.7,10,1000,-2756.514,-2615.738,-140.77600000000027,0.125,0.07,-2793.794,-2686.028,-107.76600000000008,0.227,0.111
all_to_all_graph19_n64_d0p7,64,0.7,1,1000,-2447.344,-2375.184,-72.15999999999985,0.033,0.028,-2493.79,-2433.224,-60.56599999999981,0.094,0.0589999999999999
all_to_all_graph19_n64_d0p7,64,0.7,2,1000,-2471.514,-2399.04,-72.47400000000016,0.014,0.0179999999999999,-2511.074,-2447.082,-63.99200000000018,0.07,0.0439999999999999
all_to_all_graph19_n64_d0p7,64,0.7,3,1000,-2474.876,-2406.742,-68.13400000000001,0.0299999999999999,0.0439999999999999,-2511.68,-2454.706,-56.973999999999705,0.085,0.0759999999999999
all_to_all_graph19_n64_d0p7,64,0.7,4,1000,-2459.192,-2396.34,-62.851999999999855,0.01,0.014,-2493.418,-2443.902,-49.51600000000008,0.034,0.058
all_to_all_graph19_n64_d0p7,64,0.7,5,1000,-2459.64,-2391.66,-67.98000000000002,0.0259999999999999,0.027,-2501.33,-2439.808,-61.521999999999935,0.0749999999999999,0.049
all_to_all_graph19_n64_d0p7,64,0.7,6,1000,-2465.798,-2382.232,-83.5659999999998,0.05,0.024,-2506.398,-2436.962,-69.43600000000015,0.083,0.0439999999999999
all_to_all_graph19_n64_d0p7,64,0.7,7,1000,-2466.858,-2406.682,-60.17600000000039,0.025,0.027,-2500.408,-2455.216,-45.19200000000001,0.0609999999999999,0.0529999999999999
all_to_all_graph19_n64_d0p7,64,0.7,8,1000,-2466.778,-2405.108,-61.66999999999962,0.0379999999999999,0.042,-2505.336,-2452.072,-53.26399999999967,0.084,0.0709999999999999
all_to_all_graph19_n64_d0p7,64,0.7,9,1000,-2469.04,-2386.316,-82.72400000000016,0.02,0.007,-2503.194,-2437.15,-66.04399999999987,0.0539999999999999,0.024
all_to_all_graph19_n64_d0p7,64,0.7,10,1000,-2470.896,-2386.25,-84.64600000000017,0.047,0.0129999999999999,-2507.938,-2443.774,-64.16400000000021,0.078,0.035
all_to_all_graph0_n64_d0p9,64,0.9,1,1000,-2785.276,-2734.276,-51.0,0.01,0.019,-2827.42,-2786.026,-41.39400000000023,0.048,0.041
all_to_all_graph0_n64_d0p9,64,0.9,2,1000,-2759.312,-2713.326,-45.98599999999988,0.0519999999999999,0.047,-2807.2,-2773.132,-34.06799999999976,0.0589999999999999,0.0519999999999999
all_to_all_graph0_n64_d0p9,64,0.9,3,1000,-2785.99,-2739.246,-46.74399999999969,0.0179999999999999,0.017,-2838.212,-2789.866,-48.346,0.0749999999999999,0.048
all_to_all_graph0_n64_d0p9,64,0.9,4,1000,-2762.348,-2730.196,-32.152000000000044,0.049,0.032,-2813.412,-2775.898,-37.51399999999967,0.0599999999999999,0.048
all_to_all_graph0_n64_d0p9,64,0.9,5,1000,-2767.214,-2726.794,-40.42000000000007,0.027,0.017,-2811.848,-2773.766,-38.08199999999988,0.049,0.034
all_to_all_graph0_n64_d0p9,64,0.9,6,1000,-2764.922,-2726.458,-38.463999999999935,0.014,0.0179999999999999,-2810.226,-2769.874,-40.35200000000032,0.0439999999999999,0.032
all_to_all_graph0_n64_d0p9,64,0.9,7,1000,-2749.838,-2725.954,-23.88400000000001,0.0179999999999999,0.0259999999999999,-2801.948,-2783.714,-18.233999999999924,0.0609999999999999,0.0529999999999999
all_to_all_graph0_n64_d0p9,64,0.9,8,1000,-2747.14,-2723.81,-23.329999999999927,0.049,0.027,-2801.1,-2779.736,-21.364000000000036,0.068,0.034
all_to_all_graph0_n64_d0p9,64,0.9,9,1000,-2789.964,-2728.024,-61.940000000000055,0.0519999999999999,0.041,-2835.148,-2783.766,-51.38200000000006,0.0749999999999999,0.068
all_to_all_graph0_n64_d0p9,64,0.9,10,1000,-2763.548,-2718.172,-45.37599999999975,0.0109999999999999,0.0089999999999999,-2816.14,-2780.32,-35.81999999999971,0.042,0.055
all_to_all_graph1_n64_d0p9,64,0.9,1,1000,-3032.49,-2896.89,-135.5999999999999,0.114,0.066,-3072.21,-2962.524,-109.68600000000016,0.167,0.112
all_to_all_graph1_n64_d0p9,64,0.9,2,1000,-2987.856,-2872.866,-114.99000000000024,0.124,0.08,-3047.952,-2948.816,-99.13600000000042,0.226,0.169
all_to_all_graph1_n64_d0p9,64,0.9,3,1000,-2998.762,-2928.114,-70.64800000000014,0.2069999999999999,0.153,-3041.658,-2981.146,-60.51199999999972,0.315,0.2079999999999999
all_to_all_graph1_n64_d0p9,64,0.9,4,1000,-3023.244,-2884.636,-138.60800000000015,0.135,0.0509999999999999,-3071.052,-2951.308,-119.74400000000014,0.2079999999999999,0.11
all_to_all_graph1_n64_d0p9,64,0.9,5,1000,-3041.434,-2906.24,-135.1940000000004,0.0739999999999999,0.0359999999999999,-3088.984,-2963.174,-125.80999999999996,0.165,0.109
all_to_all_graph1_n64_d0p9,64,0.9,6,1000,-2997.558,-2896.766,-100.79199999999992,0.1479999999999999,0.0729999999999999,-3054.41,-2953.922,-100.48799999999984,0.2879999999999999,0.135
all_to_all_graph1_n64_d0p9,64,0.9,7,1000,-3038.56,-2915.358,-123.20199999999976,0.1719999999999999,0.066,-3103.034,-2976.856,-126.17799999999988,0.4079999999999999,0.162
all_to_all_graph1_n64_d0p9,64,0.9,8,1000,-3001.488,-2886.78,-114.70799999999964,0.099,0.049,-3076.72,-2964.484,-112.23599999999988,0.2979999999999999,0.159
all_to_all_graph1_n64_d0p9,64,0.9,9,1000,-2982.164,-2904.938,-77.22600000000011,0.0859999999999999,0.082,-3039.506,-2965.03,-74.47599999999964,0.1459999999999999,0.1189999999999999
all_to_all_graph1_n64_d0p9,64,0.9,10,1000,-3036.388,-2910.214,-126.17399999999998,0.226,0.182,-3077.742,-2957.164,-120.57799999999996,0.311,0.2389999999999999
all_to_all_graph2_n64_d0p9,64,0.9,1,1000,-2800.528,-2745.348,-55.17999999999984,0.0439999999999999,0.033,-2859.408,-2795.592,-63.81599999999981,0.136,0.082
all_to_all_graph2_n64_d0p9,64,0.9,2,1000,-2800.152,-2728.554,-71.59799999999996,0.0749999999999999,0.0439999999999999,-2847.614,-2784.37,-63.24400000000014,0.101,0.062
all_to_all_graph2_n64_d0p9,64,0.9,3,1000,-2792.708,-2719.032,-73.67599999999993,0.048,0.0359999999999999,-2834.02,-2787.91,-46.11000000000013,0.0539999999999999,0.049
all_to_all_graph2_n64_d0p9,64,0.9,4,1000,-2787.98,-2748.882,-39.09799999999996,0.008,0.0149999999999999,-2840.854,-2798.39,-42.463999999999935,0.0709999999999999,0.068
all_to_all_graph2_n64_d0p9,64,0.9,5,1000,-2784.762,-2730.574,-54.188000000000095,0.0129999999999999,0.017,-2848.562,-2784.762,-63.79999999999973,0.0729999999999999,0.047
all_to_all_graph2_n64_d0p9,64,0.9,6,1000,-2791.67,-2740.404,-51.26600000000008,0.0449999999999999,0.025,-2841.936,-2783.048,-58.888000000000375,0.0879999999999999,0.0429999999999999
all_to_all_graph2_n64_d0p9,64,0.9,7,1000,-2772.618,-2733.05,-39.56799999999976,0.021,0.012,-2822.896,-2785.584,-37.31200000000035,0.033,0.0259999999999999
all_to_all_graph2_n64_d0p9,64,0.9,8,1000,-2791.498,-2744.918,-46.57999999999993,0.033,0.033,-2831.508,-2797.338,-34.16999999999962,0.058,0.063
all_to_all_graph2_n64_d0p9,64,0.9,9,1000,-2762.854,-2721.438,-41.41599999999971,0.023,0.0149999999999999,-2833.412,-2779.322,-54.08999999999969,0.0899999999999999,0.0519999999999999
all_to_all_graph2_n64_d0p9,64,0.9,10,1000,-2759.216,-2737.696,-21.519999999999985,0.0369999999999999,0.031,-2805.42,-2789.126,-16.29399999999987,0.0529999999999999,0.0459999999999999
all_to_all_graph3_n64_d0p9,64,0.9,1,1000,-2943.834,-2841.006,-102.82799999999996,0.056,0.0519999999999999,-3006.488,-2907.276,-99.212,0.1449999999999999,0.106
all_to_all_graph3_n64_d0p9,64,0.9,2,1000,-2953.2,-2852.962,-100.23799999999984,0.0739999999999999,0.055,-3014.74,-2918.456,-96.28399999999965,0.187,0.117
all_to_all_graph3_n64_d0p9,64,0.9,3,1000,-2964.862,-2877.786,-87.07600000000002,0.033,0.0759999999999999,-3004.696,-2931.384,-73.3119999999999,0.133,0.152
all_to_all_graph3_n64_d0p9,64,0.9,4,1000,-2912.532,-2878.79,-33.74200000000019,0.067,0.0529999999999999,-2958.954,-2933.88,-25.07400000000007,0.114,0.1019999999999999
all_to_all_graph3_n64_d0p9,64,0.9,5,1000,-2935.91,-2846.654,-89.25599999999987,0.079,0.041,-2994.594,-2903.654,-90.94000000000003,0.1769999999999999,0.109
all_to_all_graph3_n64_d0p9,64,0.9,6,1000,-2992.45,-2877.214,-115.23599999999988,0.2069999999999999,0.1489999999999999,-3032.28,-2931.484,-100.79600000000028,0.278,0.196
all_to_all_graph3_n64_d0p9,64,0.9,7,1000,-2900.464,-2844.718,-55.746000000000095,0.0449999999999999,0.055,-2955.868,-2908.554,-47.31399999999985,0.0909999999999999,0.108
all_to_all_graph3_n64_d0p9,64,0.9,8,1000,-2990.228,-2860.982,-129.24600000000007,0.0129999999999999,0.029,-3042.554,-2909.108,-133.4459999999999,0.218,0.0889999999999999
all_to_all_graph3_n64_d0p9,64,0.9,9,1000,-2891.028,-2811.73,-79.29799999999977,0.029,0.027,-2961.334,-2886.282,-75.05199999999968,0.0909999999999999,0.057
all_to_all_graph3_n64_d0p9,64,0.9,10,1000,-2929.562,-2887.514,-42.047999999999774,0.079,0.041,-2999.116,-2943.27,-55.846,0.13,0.114
all_to_all_graph4_n64_d0p9,64,0.9,1,1000,-2902.716,-2818.0,-84.7159999999999,0.056,0.0369999999999999,-2952.724,-2881.46,-71.26400000000012,0.0769999999999999,0.065
all_to_all_graph4_n64_d0p9,64,0.9,2,1000,-2904.72,-2812.952,-91.76799999999955,0.0739999999999999,0.024,-2940.7,-2865.528,-75.17200000000001,0.114,0.068
all_to_all_graph4_n64_d0p9,64,0.9,3,1000,-2915.12,-2829.476,-85.64399999999978,0.125,0.068,-2963.78,-2885.012,-78.76800000000003,0.155,0.109
all_to_all_graph4_n64_d0p9,64,0.9,4,1000,-2899.956,-2821.634,-78.32200000000012,0.02,0.0149999999999999,-2950.724,-2874.194,-76.5300000000002,0.112,0.0719999999999999
all_to_all_graph4_n64_d0p9,64,0.9,5,1000,-2863.218,-2801.15,-62.06799999999976,0.056,0.064,-2933.796,-2868.572,-65.2239999999997,0.105,0.0859999999999999
all_to_all_graph4_n64_d0p9,64,0.9,6,1000,-2885.78,-2823.59,-62.190000000000055,0.042,0.0529999999999999,-2937.932,-2868.77,-69.16199999999981,0.083,0.067
all_to_all_graph4_n64_d0p9,64,0.9,7,1000,-2892.196,-2796.362,-95.83399999999985,0.12,0.055,-2947.736,-2862.796,-84.94000000000005,0.171,0.083
all_to_all_graph4_n64_d0p9,64,0.9,8,1000,-2890.682,-2801.49,-89.192,0.0879999999999999,0.0369999999999999,-2950.296,-2858.104,-92.192,0.139,0.068
all_to_all_graph4_n64_d0p9,64,0.9,9,1000,-2899.696,-2830.328,-69.36799999999994,0.07,0.057,-2953.402,-2880.466,-72.93600000000016,0.224,0.134
all_to_all_graph4_n64_d0p9,64,0.9,10,1000,-2898.376,-2785.22,-113.1560000000004,0.048,0.029,-2949.73,-2850.586,-99.14400000000025,0.063,0.049
all_to_all_graph5_n64_d0p9,64,0.9,1,1000,-3039.382,-2960.668,-78.71399999999994,0.217,0.0589999999999999,-3080.114,-3018.254,-61.86000000000013,0.245,0.116
all_to_all_graph5_n64_d0p9,64,0.9,2,1000,-3020.24,-2952.65,-67.58999999999969,0.0729999999999999,0.062,-3070.072,-3007.266,-62.80600000000004,0.166,0.105
all_to_all_graph5_n64_d0p9,64,0.9,3,1000,-3014.836,-2943.222,-71.61399999999958,0.1189999999999999,0.0609999999999999,-3063.536,-3007.882,-55.654,0.1409999999999999,0.082
all_to_all_graph5_n64_d0p9,64,0.9,4,1000,-3050.636,-2952.798,-97.83800000000019,0.154,0.079,-3086.728,-3011.944,-74.78400000000009,0.1769999999999999,0.0929999999999999
all_to_all_graph5_n64_d0p9,64,0.9,5,1000,-3038.466,-2948.962,-89.5039999999999,0.1029999999999999,0.0719999999999999,-3078.952,-2995.852,-83.10000000000035,0.155,0.0929999999999999
all_to_all_graph5_n64_d0p9,64,0.9,6,1000,-3026.028,-2955.982,-70.04599999999982,0.068,0.0449999999999999,-3064.056,-3007.884,-56.172000000000025,0.108,0.0729999999999999
all_to_all_graph5_n64_d0p9,64,0.9,7,1000,-3041.814,-2947.716,-94.09799999999997,0.063,0.0599999999999999,-3079.344,-2998.034,-81.30999999999993,0.1799999999999999,0.0909999999999999
all_to_all_graph5_n64_d0p9,64,0.9,8,1000,-3035.504,-2957.532,-77.97199999999974,0.128,0.058,-3074.404,-3004.282,-70.12199999999984,0.1489999999999999,0.084
all_to_all_graph5_n64_d0p9,64,0.9,9,1000,-3031.244,-2951.36,-79.88400000000001,0.057,0.055,-3069.29,-3001.394,-67.89600000000019,0.1029999999999999,0.0759999999999999
all_to_all_graph5_n64_d0p9,64,0.9,10,1000,-3035.716,-2954.702,-81.01399999999968,0.12,0.065,-3083.404,-3015.746,-67.6579999999999,0.164,0.107
all_to_all_graph6_n64_d0p9,64,0.9,1,1000,-2826.48,-2795.1,-31.38000000000011,0.016,0.02,-2885.464,-2845.9,-39.56399999999985,0.08,0.064
all_to_all_graph6_n64_d0p9,64,0.9,2,1000,-2843.14,-2785.012,-58.127999999999695,0.104,0.012,-2906.004,-2836.74,-69.26400000000012,0.1439999999999999,0.0599999999999999
all_to_all_graph6_n64_d0p9,64,0.9,3,1000,-2831.114,-2795.274,-35.840000000000146,0.0149999999999999,0.04,-2890.044,-2853.086,-36.95800000000008,0.0869999999999999,0.0869999999999999
all_to_all_graph6_n64_d0p9,64,0.9,4,1000,-2845.334,-2789.47,-55.86400000000003,0.08,0.034,-2894.526,-2850.87,-43.65599999999994,0.117,0.067
all_to_all_graph6_n64_d0p9,64,0.9,5,1000,-2858.144,-2811.554,-46.58999999999969,0.0729999999999999,0.033,-2913.762,-2851.736,-62.026000000000295,0.187,0.0769999999999999
all_to_all_graph6_n64_d0p9,64,0.9,6,1000,-2820.98,-2793.292,-27.688000000000105,0.014,0.019,-2878.55,-2842.176,-36.37400000000025,0.084,0.057
all_to_all_graph6_n64_d0p9,64,0.9,7,1000,-2849.556,-2776.488,-73.06800000000021,0.035,0.034,-2893.57,-2830.86,-62.71000000000004,0.0509999999999999,0.063
all_to_all_graph6_n64_d0p9,64,0.9,8,1000,-2832.704,-2765.584,-67.12000000000035,0.107,0.029,-2895.09,-2827.02,-68.07000000000016,0.157,0.0519999999999999
all_to_all_graph6_n64_d0p9,64,0.9,9,1000,-2829.838,-2768.384,-61.45400000000018,0.063,0.0299999999999999,-2878.784,-2819.818,-58.96599999999989,0.0909999999999999,0.0379999999999999
all_to_all_graph6_n64_d0p9,64,0.9,10,1000,-2868.614,-2795.398,-73.2159999999999,0.012,0.0259999999999999,-2911.066,-2851.748,-59.31799999999976,0.138,0.0509999999999999
all_to_all_graph7_n64_d0p9,64,0.9,1,1000,-3173.226,-3036.26,-136.96599999999987,0.1789999999999999,0.0589999999999999,-3219.73,-3093.792,-125.9380000000001,0.192,0.0719999999999999
all_to_all_graph7_n64_d0p9,64,0.9,2,1000,-3164.726,-3049.524,-115.20200000000024,0.153,0.0509999999999999,-3229.758,-3114.514,-115.24399999999967,0.189,0.094
all_to_all_graph7_n64_d0p9,64,0.9,3,1000,-3156.468,-3024.71,-131.7579999999998,0.0109999999999999,0.068,-3203.296,-3096.874,-106.42200000000004,0.0919999999999999,0.113
all_to_all_graph7_n64_d0p9,64,0.9,4,1000,-3168.734,-3012.554,-156.17999999999984,0.17,0.042,-3207.7,-3088.746,-118.95399999999972,0.201,0.065
all_to_all_graph7_n64_d0p9,64,0.9,5,1000,-3158.216,-3007.618,-150.59799999999996,0.167,0.057,-3213.652,-3075.302,-138.3499999999999,0.194,0.068
all_to_all_graph7_n64_d0p9,64,0.9,6,1000,-3134.762,-3010.896,-123.866,0.158,0.024,-3194.038,-3087.814,-106.22400000000016,0.203,0.056
all_to_all_graph7_n64_d0p9,64,0.9,7,1000,-3164.862,-3050.38,-114.48199999999996,0.245,0.08,-3221.038,-3107.188,-113.84999999999992,0.253,0.0929999999999999
all_to_all_graph7_n64_d0p9,64,0.9,8,1000,-3166.694,-3008.358,-158.3359999999998,0.094,0.064,-3203.082,-3077.5,-125.58199999999988,0.101,0.0739999999999999
all_to_all_graph7_n64_d0p9,64,0.9,9,1000,-3173.318,-3047.088,-126.23000000000002,0.158,0.0509999999999999,-3210.366,-3113.766,-96.59999999999992,0.198,0.08
all_to_all_graph7_n64_d0p9,64,0.9,10,1000,-3166.852,-3023.56,-143.29199999999992,0.0369999999999999,0.0359999999999999,-3216.312,-3091.696,-124.616,0.13,0.0739999999999999
all_to_all_graph8_n64_d0p9,64,0.9,1,1000,-2843.122,-2823.412,-19.71000000000004,0.033,0.0509999999999999,-2900.378,-2881.17,-19.208000000000084,0.056,0.068
all_to_all_graph8_n64_d0p9,64,0.9,2,1000,-2888.834,-2818.956,-69.8779999999997,0.116,0.024,-2933.356,-2874.346,-59.01000000000022,0.1469999999999999,0.047
all_to_all_graph8_n64_d0p9,64,0.9,3,1000,-2873.872,-2813.1,-60.771999999999935,0.055,0.034,-2929.964,-2864.066,-65.89800000000014,0.0719999999999999,0.049
all_to_all_graph8_n64_d0p9,64,0.9,4,1000,-2882.794,-2847.008,-35.78600000000006,0.0589999999999999,0.042,-2926.452,-2888.686,-37.76600000000008,0.1449999999999999,0.096
all_to_all_graph8_n64_d0p9,64,0.9,5,1000,-2866.21,-2828.142,-38.06800000000021,0.002,0.042,-2916.67,-2874.5,-42.17000000000007,0.063,0.058
all_to_all_graph8_n64_d0p9,64,0.9,6,1000,-2887.756,-2847.664,-40.09199999999964,0.021,0.042,-2933.844,-2895.312,-38.53200000000015,0.056,0.099
all_to_all_graph8_n64_d0p9,64,0.9,7,1000,-2855.336,-2822.846,-32.48999999999978,0.008,0.0359999999999999,-2901.146,-2877.244,-23.902000000000044,0.028,0.0769999999999999
all_to_all_graph8_n64_d0p9,64,0.9,8,1000,-2877.43,-2804.612,-72.81799999999974,0.0929999999999999,0.025,-2925.232,-2867.69,-57.54199999999992,0.169,0.0769999999999999
all_to_all_graph8_n64_d0p9,64,0.9,9,1000,-2870.948,-2828.79,-42.1579999999999,0.0369999999999999,0.005,-2905.02,-2880.728,-24.29199999999992,0.062,0.069
all_to_all_graph8_n64_d0p9,64,0.9,10,1000,-2864.624,-2825.946,-38.67799999999989,0.0869999999999999,0.019,-2912.512,-2876.392,-36.120000000000346,0.099,0.048
all_to_all_graph9_n64_d0p9,64,0.9,1,1000,-2863.524,-2792.776,-70.74800000000005,0.0379999999999999,0.0359999999999999,-2908.724,-2846.312,-62.412000000000255,0.0609999999999999,0.0519999999999999
all_to_all_graph9_n64_d0p9,64,0.9,2,1000,-2875.026,-2775.674,-99.35199999999986,0.0509999999999999,0.0299999999999999,-2913.722,-2831.712,-82.01000000000022,0.0739999999999999,0.049
all_to_all_graph9_n64_d0p9,64,0.9,3,1000,-2883.064,-2785.492,-97.57199999999966,0.1409999999999999,0.058,-2930.322,-2840.256,-90.06600000000026,0.1759999999999999,0.0749999999999999
all_to_all_graph9_n64_d0p9,64,0.9,4,1000,-2851.726,-2801.504,-50.22200000000021,0.041,0.039,-2895.214,-2848.514,-46.69999999999982,0.0599999999999999,0.05
all_to_all_graph9_n64_d0p9,64,0.9,5,1000,-2857.228,-2784.464,-72.76400000000012,0.039,0.012,-2906.952,-2842.312,-64.64000000000033,0.117,0.0769999999999999
all_to_all_graph9_n64_d0p9,64,0.9,6,1000,-2870.47,-2786.244,-84.22599999999964,0.029,0.0219999999999999,-2914.834,-2840.71,-74.1239999999998,0.0729999999999999,0.042
all_to_all_graph9_n64_d0p9,64,0.9,7,1000,-2890.038,-2797.492,-92.54599999999982,0.109,0.0459999999999999,-2933.906,-2850.376,-83.52999999999975,0.133,0.079
all_to_all_graph9_n64_d0p9,64,0.9,8,1000,-2870.63,-2788.572,-82.05799999999998,0.0739999999999999,0.0439999999999999,-2916.112,-2845.696,-70.41600000000017,0.123,0.0739999999999999
all_to_all_graph9_n64_d0p9,64,0.9,9,1000,-2862.436,-2768.102,-94.33400000000029,0.063,0.019,-2905.906,-2832.21,-73.6959999999999,0.0889999999999999,0.0459999999999999
all_to_all_graph9_n64_d0p9,64,0.9,10,1000,-2872.082,-2756.088,-115.99399999999967,0.096,0.04,-2908.142,-2818.618,-89.52399999999987,0.105,0.0519999999999999
all_to_all_graph10_n64_d0p9,64,0.9,1,1000,-3035.92,-2966.794,-69.1260000000002,0.063,0.024,-3076.732,-3015.672,-61.059999999999945,0.082,0.067
all_to_all_graph10_n64_d0p9,64,0.9,2,1000,-3043.696,-2976.086,-67.61000000000013,0.04,0.017,-3078.948,-3022.288,-56.659999999999854,0.0449999999999999,0.035
all_to_all_graph10_n64_d0p9,64,0.9,3,1000,-3007.376,-2955.368,-52.008000000000266,0.04,0.027,-3064.424,-3006.566,-57.858000000000175,0.0729999999999999,0.0439999999999999
all_to_all_graph10_n64_d0p9,64,0.9,4,1000,-3048.828,-2971.278,-77.55000000000018,0.0719999999999999,0.025,-3095.114,-3015.212,-79.90200000000003,0.101,0.0459999999999999
all_to_all_graph10_n64_d0p9,64,0.9,5,1000,-3014.99,-2963.638,-51.351999999999855,0.07,0.0149999999999999,-3068.564,-3021.858,-46.70599999999968,0.0859999999999999,0.041
all_to_all_graph10_n64_d0p9,64,0.9,6,1000,-3011.108,-2934.9,-76.20800000000008,0.008,0.0109999999999999,-3072.638,-3005.08,-67.55799999999999,0.05,0.0429999999999999
all_to_all_graph10_n64_d0p9,64,0.9,7,1000,-3016.358,-2959.178,-57.18000000000029,0.016,0.029,-3057.284,-3011.864,-45.42000000000007,0.028,0.0449999999999999
all_to_all_graph10_n64_d0p9,64,0.9,8,1000,-3038.008,-2937.116,-100.89199999999984,0.007,0.0149999999999999,-3093.088,-3000.95,-92.13800000000035,0.07,0.0439999999999999
all_to_all_graph10_n64_d0p9,64,0.9,9,1000,-3011.164,-2938.024,-73.14000000000031,0.04,0.0379999999999999,-3067.318,-2991.998,-75.32000000000016,0.081,0.05
all_to_all_graph10_n64_d0p9,64,0.9,10,1000,-3019.794,-2932.308,-87.48599999999988,0.0509999999999999,0.0179999999999999,-3076.912,-2993.188,-83.72399999999969,0.068,0.031
all_to_all_graph11_n64_d0p9,64,0.9,1,1000,-2900.016,-2861.368,-38.64800000000014,0.129,0.166,-2965.166,-2913.646,-51.51999999999998,0.246,0.215
all_to_all_graph11_n64_d0p9,64,0.9,2,1000,-2967.814,-2863.988,-103.82600000000002,0.2989999999999999,0.1019999999999999,-3013.974,-2917.014,-96.96000000000004,0.3649999999999999,0.151
all_to_all_graph11_n64_d0p9,64,0.9,3,1000,-2943.838,-2856.604,-87.23400000000038,0.117,0.0539999999999999,-2990.362,-2912.874,-77.48800000000028,0.253,0.1479999999999999
all_to_all_graph11_n64_d0p9,64,0.9,4,1000,-2898.314,-2825.056,-73.25799999999981,0.097,0.042,-2939.354,-2883.962,-55.39199999999983,0.2109999999999999,0.0879999999999999
all_to_all_graph11_n64_d0p9,64,0.9,5,1000,-2935.192,-2842.74,-92.45200000000023,0.2359999999999999,0.058,-2986.798,-2899.268,-87.52999999999975,0.331,0.13
all_to_all_graph11_n64_d0p9,64,0.9,6,1000,-2939.424,-2848.438,-90.98599999999988,0.1769999999999999,0.0889999999999999,-2982.536,-2907.502,-75.03400000000009,0.2829999999999999,0.1409999999999999
all_to_all_graph11_n64_d0p9,64,0.9,7,1000,-2932.716,-2854.026,-78.69000000000005,0.2129999999999999,0.064,-2975.574,-2902.382,-73.192,0.279,0.19
all_to_all_graph11_n64_d0p9,64,0.9,8,1000,-2927.426,-2839.726,-87.6999999999998,0.0769999999999999,0.082,-2974.898,-2893.202,-81.6959999999999,0.136,0.134
all_to_all_graph11_n64_d0p9,64,0.9,9,1000,-2919.686,-2871.472,-48.213999999999935,0.115,0.0719999999999999,-2972.536,-2924.03,-48.50599999999986,0.3029999999999999,0.154
all_to_all_graph11_n64_d0p9,64,0.9,10,1000,-2914.528,-2825.552,-88.97599999999964,0.0429999999999999,0.0539999999999999,-2976.364,-2896.618,-79.7460000000001,0.23,0.12
all_to_all_graph12_n64_d0p9,64,0.9,1,1000,-2961.506,-2860.298,-101.20800000000008,0.028,0.017,-3003.886,-2916.518,-87.36799999999994,0.0719999999999999,0.0529999999999999
all_to_all_graph12_n64_d0p9,64,0.9,2,1000,-2961.972,-2873.662,-88.3100000000004,0.081,0.01,-3005.788,-2922.474,-83.31399999999985,0.1429999999999999,0.039
all_to_all_graph12_n64_d0p9,64,0.9,3,1000,-2955.67,-2853.336,-102.33400000000027,0.016,0.01,-3013.108,-2915.33,-97.77800000000023,0.135,0.062
all_to_all_graph12_n64_d0p9,64,0.9,4,1000,-2938.428,-2867.116,-71.3119999999999,0.078,0.056,-2998.678,-2921.202,-77.47599999999964,0.17,0.105
all_to_all_graph12_n64_d0p9,64,0.9,5,1000,-2931.738,-2851.264,-80.47399999999969,0.0149999999999999,0.039,-2981.872,-2903.136,-78.73599999999988,0.057,0.0519999999999999
all_to_all_graph12_n64_d0p9,64,0.9,6,1000,-2945.4,-2837.676,-107.72400000000016,0.0599999999999999,0.021,-2998.338,-2903.258,-95.08000000000038,0.105,0.0449999999999999
all_to_all_graph12_n64_d0p9,64,0.9,7,1000,-2921.276,-2864.832,-56.44399999999996,0.0439999999999999,0.0219999999999999,-2977.47,-2914.572,-62.89799999999968,0.0599999999999999,0.0459999999999999
all_to_all_graph12_n64_d0p9,64,0.9,8,1000,-2933.04,-2846.986,-86.05400000000007,0.019,0.0179999999999999,-2996.024,-2905.178,-90.846,0.121,0.0449999999999999
all_to_all_graph12_n64_d0p9,64,0.9,9,1000,-2940.102,-2868.158,-71.94399999999996,0.0589999999999999,0.027,-3000.562,-2920.218,-80.34400000000005,0.129,0.048
all_to_all_graph12_n64_d0p9,64,0.9,10,1000,-2931.018,-2860.564,-70.45400000000018,0.0259999999999999,0.023,-2975.97,-2925.152,-50.81799999999976,0.049,0.0359999999999999
all_to_all_graph13_n64_d0p9,64,0.9,1,1000,-2885.452,-2846.038,-39.414000000000215,0.0899999999999999,0.0539999999999999,-2937.718,-2905.406,-32.3119999999999,0.108,0.066
all_to_all_graph13_n64_d0p9,64,0.9,2,1000,-2929.416,-2855.424,-73.99200000000019,0.057,0.0519999999999999,-2975.21,-2914.486,-60.72400000000016,0.082,0.08
all_to_all_graph13_n64_d0p9,64,0.9,3,1000,-2910.972,-2819.642,-91.33000000000038,0.0589999999999999,0.0299999999999999,-2975.988,-2881.162,-94.82600000000002,0.0859999999999999,0.0539999999999999
all_to_all_graph13_n64_d0p9,64,0.9,4,1000,-2909.292,-2846.52,-62.771999999999935,0.041,0.031,-2959.968,-2914.798,-45.17000000000007,0.063,0.0539999999999999
all_to_all_graph13_n64_d0p9,64,0.9,5,1000,-2853.654,-2849.706,-3.9479999999998654,0.0739999999999999,0.0439999999999999,-2932.076,-2911.732,-20.344000000000047,0.126,0.068
all_to_all_graph13_n64_d0p9,64,0.9,6,1000,-2907.29,-2831.746,-75.54399999999987,0.066,0.033,-2962.676,-2894.484,-68.19200000000001,0.0869999999999999,0.0609999999999999
all_to_all_graph13_n64_d0p9,64,0.9,7,1000,-2925.962,-2861.672,-64.28999999999996,0.0729999999999999,0.0539999999999999,-2974.26,-2909.688,-64.57200000000012,0.098,0.0759999999999999
all_to_all_graph13_n64_d0p9,64,0.9,8,1000,-2896.296,-2848.266,-48.02999999999975,0.063,0.0439999999999999,-2965.706,-2913.246,-52.46000000000004,0.104,0.065
all_to_all_graph13_n64_d0p9,64,0.9,9,1000,-2908.892,-2879.702,-29.1899999999996,0.0449999999999999,0.039,-2950.48,-2925.156,-25.32400000000007,0.0739999999999999,0.062
all_to_all_graph13_n64_d0p9,64,0.9,10,1000,-2934.558,-2859.006,-75.55200000000013,0.048,0.021,-2994.194,-2912.58,-81.61400000000003,0.106,0.069
all_to_all_graph14_n64_d0p9,64,0.9,1,1000,-2701.268,-2638.708,-62.559999999999945,0.0259999999999999,0.0179999999999999,-2745.984,-2686.556,-59.42799999999989,0.0599999999999999,0.035
all_to_all_graph14_n64_d0p9,64,0.9,2,1000,-2670.254,-2633.772,-36.48199999999997,0.021,0.01,-2718.126,-2691.612,-26.514000000000124,0.055,0.055
all_to_all_graph14_n64_d0p9,64,0.9,3,1000,-2675.352,-2632.61,-42.74199999999973,0.025,0.0179999999999999,-2721.67,-2682.9,-38.76999999999998,0.0539999999999999,0.049
all_to_all_graph14_n64_d0p9,64,0.9,4,1000,-2688.574,-2640.898,-47.67599999999993,0.048,0.0259999999999999,-2739.02,-2691.384,-47.63599999999997,0.0859999999999999,0.041
all_to_all_graph14_n64_d0p9,64,0.9,5,1000,-2666.068,-2635.312,-30.756000000000316,0.0149999999999999,0.0179999999999999,-2719.444,-2686.664,-32.779999999999745,0.057,0.05
all_to_all_graph14_n64_d0p9,64,0.9,6,1000,-2694.14,-2642.876,-51.26399999999967,0.0219999999999999,0.016,-2736.286,-2690.424,-45.86200000000008,0.058,0.04
all_to_all_graph14_n64_d0p9,64,0.9,7,1000,-2685.352,-2641.992,-43.35999999999967,0.084,0.025,-2733.99,-2689.832,-44.1579999999999,0.112,0.0379999999999999
all_to_all_graph14_n64_d0p9,64,0.9,8,1000,-2676.538,-2633.632,-42.90599999999994,0.016,0.007,-2719.596,-2680.39,-39.20600000000013,0.0359999999999999,0.025
all_to_all_graph14_n64_d0p9,64,0.9,9,1000,-2697.524,-2643.782,-53.74199999999973,0.0109999999999999,0.02,-2731.306,-2687.12,-44.18600000000015,0.031,0.033
all_to_all_graph14_n64_d0p9,64,0.9,10,1000,-2707.96,-2633.758,-74.20200000000023,0.039,0.012,-2752.296,-2683.362,-68.93399999999974,0.114,0.0509999999999999
all_to_all_graph15_n64_d0p9,64,0.9,1,1000,-2759.746,-2701.472,-58.27399999999989,0.002,0.0179999999999999,-2805.508,-2747.156,-58.351999999999855,0.0219999999999999,0.021
all_to_all_graph15_n64_d0p9,64,0.9,2,1000,-2723.104,-2700.46,-22.643999999999775,0.002,0.0219999999999999,-2774.386,-2757.126,-17.259999999999764,0.008,0.029
all_to_all_graph15_n64_d0p9,64,0.9,3,1000,-2807.284,-2709.694,-97.59000000000015,0.008,0.007,-2835.766,-2760.796,-74.97000000000025,0.019,0.016
all_to_all_graph15_n64_d0p9,64,0.9,4,1000,-2713.324,-2708.67,-4.653999999999996,0.0089999999999999,0.01,-2767.932,-2768.464,0.5320000000001528,0.025,0.025
all_to_all_graph15_n64_d0p9,64,0.9,5,1000,-2750.562,-2711.0,-39.5619999999999,0.033,0.014,-2796.824,-2765.386,-31.438000000000105,0.063,0.031
all_to_all_graph15_n64_d0p9,64,0.9,6,1000,-2732.866,-2703.708,-29.157999999999905,0.0129999999999999,0.005,-2778.97,-2749.186,-29.783999999999647,0.032,0.0179999999999999
all_to_all_graph15_n64_d0p9,64,0.9,7,1000,-2760.338,-2702.98,-57.358000000000175,0.0109999999999999,0.0179999999999999,-2809.252,-2756.94,-52.3119999999999,0.0299999999999999,0.028
all_to_all_graph15_n64_d0p9,64,0.9,8,1000,-2719.422,-2709.226,-10.195999999999913,0.01,0.014,-2787.478,-2759.848,-27.63000000000011,0.0259999999999999,0.0179999999999999
all_to_all_graph15_n64_d0p9,64,0.9,9,1000,-2750.994,-2733.664,-17.329999999999927,0.027,0.039,-2813.942,-2780.468,-33.47400000000016,0.049,0.047
all_to_all_graph15_n64_d0p9,64,0.9,10,1000,-2701.792,-2700.062,-1.7300000000000182,0.001,0.007,-2765.544,-2755.02,-10.523999999999887,0.014,0.012
all_to_all_graph16_n64_d0p9,64,0.9,1,1000,-2805.982,-2743.028,-62.95400000000018,0.01,0.017,-2842.36,-2793.72,-48.64000000000033,0.024,0.028
all_to_all_graph16_n64_d0p9,64,0.9,2,1000,-2834.02,-2769.274,-64.7460000000001,0.04,0.031,-2876.716,-2815.11,-61.60599999999977,0.065,0.04
all_to_all_graph16_n64_d0p9,64,0.9,3,1000,-2830.88,-2767.72,-63.16000000000031,0.0359999999999999,0.0219999999999999,-2877.538,-2820.892,-56.646000000000186,0.1019999999999999,0.0539999999999999
all_to_all_graph16_n64_d0p9,64,0.9,4,1000,-2809.3,-2746.228,-63.07200000000012,0.0129999999999999,0.005,-2861.442,-2801.396,-60.04599999999982,0.0379999999999999,0.0129999999999999
all_to_all_graph16_n64_d0p9,64,0.9,5,1000,-2809.948,-2737.468,-72.48000000000003,0.035,0.014,-2857.808,-2785.708,-72.09999999999992,0.041,0.02
all_to_all_graph16_n64_d0p9,64,0.9,6,1000,-2815.36,-2754.362,-60.99800000000005,0.01,0.012,-2872.788,-2811.1,-61.688000000000095,0.042,0.023
all_to_all_graph16_n64_d0p9,64,0.9,7,1000,-2795.48,-2755.148,-40.33199999999988,0.016,0.014,-2844.468,-2805.48,-38.98799999999983,0.048,0.032
all_to_all_graph16_n64_d0p9,64,0.9,8,1000,-2802.59,-2753.416,-49.17399999999998,0.006,0.002,-2853.398,-2808.986,-44.412000000000255,0.027,0.014
all_to_all_graph16_n64_d0p9,64,0.9,9,1000,-2828.644,-2760.272,-68.37199999999984,0.05,0.023,-2864.786,-2811.174,-53.61200000000008,0.0529999999999999,0.0299999999999999
all_to_all_graph16_n64_d0p9,64,0.9,10,1000,-2804.56,-2758.066,-46.49400000000014,0.0299999999999999,0.0129999999999999,-2851.788,-2807.848,-43.940000000000055,0.0449999999999999,0.021
all_to_all_graph17_n64_d0p9,64,0.9,1,1000,-2940.33,-2879.648,-60.68199999999978,0.0179999999999999,0.012,-2994.52,-2940.108,-54.41199999999981,0.084,0.0369999999999999
all_to_all_graph17_n64_d0p9,64,0.9,2,1000,-2946.918,-2896.274,-50.64400000000023,0.0929999999999999,0.0129999999999999,-2992.126,-2947.196,-44.93000000000029,0.122,0.047
all_to_all_graph17_n64_d0p9,64,0.9,3,1000,-2960.056,-2868.318,-91.73799999999984,0.0369999999999999,0.014,-3003.57,-2924.846,-78.72400000000016,0.127,0.049
all_to_all_graph17_n64_d0p9,64,0.9,4,1000,-2942.702,-2910.85,-31.85200000000032,0.081,0.0359999999999999,-2991.094,-2961.266,-29.82799999999997,0.114,0.049
all_to_all_graph17_n64_d0p9,64,0.9,5,1000,-2956.132,-2892.464,-63.66800000000012,0.004,0.032,-2988.064,-2938.652,-49.41199999999981,0.0439999999999999,0.048
all_to_all_graph17_n64_d0p9,64,0.9,6,1000,-2956.17,-2912.75,-43.42000000000007,0.005,0.021,-3005.586,-2959.42,-46.16599999999971,0.094,0.0589999999999999
all_to_all_graph17_n64_d0p9,64,0.9,7,1000,-2938.476,-2885.926,-52.550000000000175,0.0709999999999999,0.0109999999999999,-2992.692,-2942.486,-50.20600000000013,0.098,0.0369999999999999
all_to_all_graph17_n64_d0p9,64,0.9,8,1000,-2962.908,-2882.458,-80.4499999999998,0.0,0.01,-2998.308,-2934.428,-63.8800000000001,0.048,0.042
all_to_all_graph17_n64_d0p9,64,0.9,9,1000,-2943.012,-2890.486,-52.526000000000295,0.0609999999999999,0.0149999999999999,-2999.276,-2938.222,-61.05399999999963,0.116,0.048
all_to_all_graph17_n64_d0p9,64,0.9,10,1000,-2992.842,-2919.902,-72.94000000000005,0.083,0.0379999999999999,-3016.076,-2959.294,-56.78200000000015,0.0879999999999999,0.063
all_to_all_graph18_n64_d0p9,64,0.9,1,1000,-2955.204,-2887.108,-68.096,0.0539999999999999,0.055,-3005.736,-2954.002,-51.73399999999992,0.098,0.099
all_to_all_graph18_n64_d0p9,64,0.9,2,1000,-2987.382,-2912.012,-75.36999999999989,0.129,0.098,-3024.928,-2970.418,-54.50999999999976,0.227,0.1779999999999999
all_to_all_graph18_n64_d0p9,64,0.9,3,1000,-2982.956,-2905.55,-77.40599999999995,0.166,0.057,-3021.288,-2960.19,-61.09799999999996,0.2059999999999999,0.117
all_to_all_graph18_n64_d0p9,64,0.9,4,1000,-2971.542,-2889.1,-82.442,0.048,0.0599999999999999,-3015.266,-2935.57,-79.6959999999999,0.106,0.104
all_to_all_graph18_n64_d0p9,64,0.9,5,1000,-2956.95,-2885.716,-71.23399999999992,0.066,0.0539999999999999,-3003.308,-2951.302,-52.00599999999986,0.13,0.107
all_to_all_graph18_n64_d0p9,64,0.9,6,1000,-2959.536,-2894.354,-65.18200000000024,0.0709999999999999,0.047,-3013.23,-2953.354,-59.87600000000021,0.1409999999999999,0.113
all_to_all_graph18_n64_d0p9,64,0.9,7,1000,-2966.48,-2890.61,-75.86999999999989,0.068,0.035,-3014.244,-2953.226,-61.01800000000002,0.1469999999999999,0.116
all_to_all_graph18_n64_d0p9,64,0.9,8,1000,-2975.58,-2882.852,-92.72800000000007,0.098,0.081,-3026.492,-2944.516,-81.97600000000011,0.195,0.131
all_to_all_graph18_n64_d0p9,64,0.9,9,1000,-2968.276,-2882.71,-85.5659999999998,0.157,0.063,-3011.498,-2945.762,-65.73599999999988,0.195,0.11
all_to_all_graph18_n64_d0p9,64,0.9,10,1000,-2959.252,-2892.23,-67.02199999999993,0.101,0.065,-3002.826,-2944.268,-58.55799999999999,0.126,0.0909999999999999
all_to_all_graph19_n64_d0p9,64,0.9,1,1000,-2963.826,-2866.078,-97.74800000000003,0.171,0.085,-3025.136,-2922.976,-102.15999999999984,0.28,0.126
all_to_all_graph19_n64_d0p9,64,0.9,2,1000,-2948.96,-2863.65,-85.30999999999993,0.0539999999999999,0.0899999999999999,-3018.994,-2922.684,-96.30999999999993,0.276,0.155
all_to_all_graph19_n64_d0p9,64,0.9,3,1000,-2965.624,-2848.248,-117.37599999999976,0.2869999999999999,0.0439999999999999,-2999.176,-2904.774,-94.40200000000003,0.331,0.0889999999999999
all_to_all_graph19_n64_d0p9,64,0.9,4,1000,-2949.538,-2863.106,-86.43199999999979,0.19,0.105,-3000.458,-2917.738,-82.72000000000025,0.307,0.1499999999999999
all_to_all_graph19_n64_d0p9,64,0.9,5,1000,-2929.572,-2870.098,-59.47400000000016,0.0729999999999999,0.106,-2992.05,-2930.078,-61.97200000000021,0.224,0.153
all_to_all_graph19_n64_d0p9,64,0.9,6,1000,-2962.38,-2827.444,-134.93600000000015,0.07,0.0379999999999999,-3036.6,-2895.502,-141.09799999999996,0.252,0.113
all_to_all_graph19_n64_d0p9,64,0.9,7,1000,-3006.744,-2843.222,-163.5219999999999,0.224,0.035,-3036.746,-2911.134,-125.61200000000008,0.263,0.138
all_to_all_graph19_n64_d0p9,64,0.9,8,1000,-2960.452,-2855.446,-105.00600000000033,0.017,0.082,-3018.662,-2917.482,-101.17999999999984,0.194,0.16
all_to_all_graph19_n64_d0p9,64,0.9,9,1000,-2927.238,-2836.98,-90.25799999999981,0.139,0.0759999999999999,-2992.378,-2896.106,-96.27199999999992,0.198,0.124
all_to_all_graph19_n64_d0p9,64,0.9,10,1000,-2899.142,-2874.01,-25.131999999999607,0.107,0.1429999999999999,-2942.474,-2929.97,-12.50400000000036,0.157,0.188
